{"playlist":{"subscribers":[],"subscribed":false,"creator":{"defaultAvatar":false,"province":110000,"authStatus":0,"followed":false,"avatarUrl":"http://p1.music.126.net/d8faOLHxwWPta02fskrdDQ==/2057186255569164.jpg","accountStatus":0,"gender":2,"city":110101,"birthday":-2209017600000,"userId":48188,"userType":0,"nickname":"中国TOP排行榜","signature":"中国TOP排行榜是由MusicRadio音乐之声依据时下最热门的流行单曲形成的权威音乐榜单。","description":"","detailDescription":"","avatarImgId":2057186255569164,"backgroundImgId":2002210674180201,"backgroundUrl":"http://p1.music.126.net/o3G7lWrGBQAvSRt3UuApTw==/2002210674180201.jpg","authority":0,"mutual":false,"expertTags":null,"experts":null,"djStatus":0,"vipType":0,"remarkName":null,"backgroundImgIdStr":"2002210674180201","avatarImgIdStr":"2057186255569164"},"tracks":[{"name":"再见挚爱","id":1297743582,"pst":0,"t":0,"ar":[{"id":8162,"name":"金池","tns":[],"alias":[]}],"alia":[],"pop":100.0,"st":0,"rt":null,"fee":8,"v":10,"crbt":null,"cf":"","al":{"id":72707948,"name":"我和我……","picUrl":"http://p2.music.126.net/1fKbAS3Wd-oNKWtB_CpcPw==/109951163526433591.jpg","tns":[],"pic_str":"109951163526433591","pic":109951163526433591},"dt":244259,"h":{"br":320000,"fid":0,"size":9772974,"vd":0.0},"m":{"br":192000,"fid":0,"size":5863802,"vd":0.0},"l":{"br":128000,"fid":0,"size":3909216,"vd":0.0},"a":null,"cd":"","no":4,"rtUrl":null,"ftype":0,"rtUrls":[],"djId":0,"copyright":0,"s_id":0,"rurl":null,"mst":9,"cp":1380822,"mv":0,"rtype":0,"publishTime":1533484800007},{"name":"寒鸦少年","id":1305366556,"pst":0,"t":0,"ar":[{"id":861777,"name":"华晨宇","tns":[],"alias":[]}],"alia":["电视剧《斗破苍穹》主题曲"],"pop":100.0,"st":0,"rt":null,"fee":8,"v":1,"crbt":null,"cf":"","al":{"id":72706788,"name":"寒鸦少年","picUrl":"http://p2.music.126.net/qRQTS_TroZo9SLV5yqpT5A==/109951163520638522.jpg","tns":[],"pic_str":"109951163520638522","pic":109951163520638522},"dt":315146,"h":{"br":320000,"fid":0,"size":12608827,"vd":-3.0},"m":{"br":192000,"fid":0,"size":7565314,"vd":-3.0},"l":{"br":128000,"fid":0,"size":5043557,"vd":-3.0},"a":null,"cd":"","no":0,"rtUrl":null,"ftype":0,"rtUrls":[],"djId":0,"copyright":0,"s_id":0,"rurl":null,"mst":9,"cp":1384818,"mv":0,"rtype":0,"publishTime":1535472000007},{"name":"瓜很甜","id":1305367286,"pst":0,"t":0,"ar":[{"id":3058,"name":"后弦","tns":[],"alias":[]}],"alia":[],"pop":100.0,"st":0,"rt":null,"fee":0,"v":2,"crbt":null,"cf":"","al":{"id":72706696,"name":"瓜很甜","picUrl":"http://p2.music.126.net/mwC89HPeqp4owGTFfG4hzQ==/109951163519334780.jpg","tns":[],"pic_str":"109951163519334780","pic":109951163519334780},"dt":204411,"h":{"br":320000,"fid":0,"size":8179505,"vd":-1.0},"m":{"br":192000,"fid":0,"size":4907720,"vd":-1.0},"l":{"br":128000,"fid":0,"size":3271828,"vd":-1.0},"a":null,"cd":"","no":0,"rtUrl":null,"ftype":0,"rtUrls":[],"djId":0,"copyright":0,"s_id":0,"rurl":null,"mst":9,"cp":651010,"mv":0,"rtype":0,"publishTime":1535385600007},{"name":"东走迷","id":1306040057,"pst":0,"t":0,"ar":[{"id":791534,"name":"戴荃","tns":[],"alias":[]}],"alia":[],"pop":95.0,"st":0,"rt":null,"fee":8,"v":3,"crbt":null,"cf":"","al":{"id":72770693,"name":"东走迷","picUrl":"http://p2.music.126.net/Co63rdkGQigo80Z39aLstg==/109951163522597601.jpg","tns":[],"pic_str":"109951163522597601","pic":109951163522597601},"dt":205451,"h":{"br":320000,"fid":0,"size":8220256,"vd":-2.0},"m":{"br":192000,"fid":0,"size":4932171,"vd":-2.0},"l":{"br":128000,"fid":0,"size":3288128,"vd":-2.0},"a":null,"cd":"1","no":1,"rtUrl":null,"ftype":0,"rtUrls":[],"djId":0,"copyright":1,"s_id":0,"rurl":null,"mst":9,"cp":14026,"mv":0,"rtype":0,"publishTime":1535558400007},{"name":"一江水","id":1306496991,"pst":0,"t":0,"ar":[{"id":9940,"name":"徐佳莹","tns":[],"alias":[]},{"id":12138269,"name":"毛不易","tns":[],"alias":[]}],"alia":["电视剧《天坑鹰猎》概念主题曲"],"pop":100.0,"st":0,"rt":null,"fee":8,"v":6,"crbt":null,"cf":"","al":{"id":73471903,"name":"天坑鹰猎 电视原声带","picUrl":"http://p2.music.126.net/6I78U0O8ABWVqRjyaWEfFA==/109951163572998359.jpg","tns":[],"pic_str":"109951163572998359","pic":109951163572998359},"dt":266713,"h":{"br":320000,"fid":0,"size":10671587,"vd":-16000.0},"m":{"br":192000,"fid":0,"size":6402969,"vd":-13400.0},"l":{"br":128000,"fid":0,"size":4268661,"vd":-11500.0},"a":null,"cd":"","no":2,"rtUrl":null,"ftype":0,"rtUrls":[],"djId":0,"copyright":0,"s_id":0,"rurl":null,"mst":9,"cp":1397819,"mv":0,"rtype":0,"publishTime":1536768000007},{"name":"给给","id":1308818152,"pst":0,"t":0,"ar":[{"id":4480,"name":"马条","tns":[],"alias":[]}],"alia":[],"pop":95.0,"st":0,"rt":null,"fee":0,"v":7,"crbt":null,"cf":"","al":{"id":72796971,"name":"给给","picUrl":"http://p2.music.126.net/pa2onnJw0iJ_nh2M7EYVrA==/109951163544808600.jpg","tns":[],"pic_str":"109951163544808600","pic":109951163544808600},"dt":236987,"h":{"br":320000,"fid":0,"size":9482493,"vd":-2.0},"m":{"br":192000,"fid":0,"size":5689513,"vd":-2.0},"l":{"br":128000,"fid":0,"size":3793023,"vd":-2.0},"a":null,"cd":"","no":0,"rtUrl":null,"ftype":0,"rtUrls":[],"djId":0,"copyright":0,"s_id":0,"rurl":null,"mst":9,"cp":0,"mv":0,"rtype":0,"publishTime":1536595200007},{"name":"MAMI","id":1303028574,"pst":0,"t":0,"ar":[{"id":29149355,"name":"SNH48_BLUEV","tns":[],"alias":[]}],"alia":[],"pop":95.0,"st":0,"rt":null,"fee":0,"v":22,"crbt":null,"cf":"","al":{"id":72382862,"name":"MAMI","picUrl":"http://p2.music.126.net/daY6lS8WK-0n-PGJYFlPmQ==/109951163510001745.jpg","tns":[],"pic_str":"109951163510001745","pic":109951163510001745},"dt":210435,"h":{"br":320000,"fid":0,"size":8419831,"vd":-4.0},"m":{"br":192000,"fid":0,"size":5051916,"vd":-4.0},"l":{"br":128000,"fid":0,"size":3367959,"vd":-4.0},"a":null,"cd":"","no":1,"rtUrl":null,"ftype":0,"rtUrls":[],"djId":0,"copyright":2,"s_id":0,"rurl":null,"mst":9,"cp":36015,"mv":10781298,"rtype":0,"publishTime":1535040000007},{"name":"墙角","id":1310797298,"pst":0,"t":0,"ar":[{"id":5311,"name":"苟瀚中","tns":[],"alias":[]}],"alia":[],"pop":100.0,"st":0,"rt":null,"fee":8,"v":4,"crbt":null,"cf":"","al":{"id":73405440,"name":"墙角","picUrl":"http://p2.music.126.net/-XFEZKWAUlX4CZBSfwe2yA==/109951163556059851.jpg","tns":[],"pic_str":"109951163556059851","pic":109951163556059851},"dt":244190,"h":{"br":320000,"fid":0,"size":9769840,"vd":0.0},"m":{"br":192000,"fid":0,"size":5861921,"vd":0.0},"l":{"br":128000,"fid":0,"size":3907962,"vd":0.0},"a":null,"cd":"1","no":1,"rtUrl":null,"ftype":0,"rtUrls":[],"djId":0,"copyright":1,"s_id":0,"rurl":null,"mst":9,"cp":21001,"mv":0,"rtype":0,"publishTime":1537200000007},{"name":"空帆船","id":1301572243,"pst":0,"t":0,"ar":[{"id":4721,"name":"朴树","tns":[],"alias":[]}],"alia":["电影《大三儿》灵魂宣传曲"],"pop":100.0,"st":0,"rt":null,"fee":8,"v":1,"crbt":null,"cf":"","al":{"id":72299688,"name":"空帆船","picUrl":"http://p2.music.126.net/Ol6i9UCvL6sOYJaoqGvmtA==/109951163458571768.jpg","tns":[],"pic_str":"109951163458571768","pic":109951163458571768},"dt":314586,"h":{"br":320000,"fid":0,"size":12585840,"vd":-1.0},"m":{"br":192000,"fid":0,"size":7551521,"vd":-1.0},"l":{"br":128000,"fid":0,"size":5034362,"vd":-1.0},"a":null,"cd":"","no":0,"rtUrl":null,"ftype":0,"rtUrls":[],"djId":0,"copyright":0,"s_id":0,"rurl":null,"mst":9,"cp":0,"mv":0,"rtype":0,"publishTime":1534262400007},{"name":"盗火","id":1303026609,"pst":0,"t":0,"ar":[{"id":5538,"name":"汪苏泷","tns":[],"alias":[]}],"alia":[],"pop":100.0,"st":0,"rt":null,"fee":8,"v":29,"crbt":null,"cf":"","al":{"id":72797059,"name":"克制凶猛","picUrl":"http://p2.music.126.net/IYSj8IlPo9pOctBVe78UJQ==/109951163548944126.jpg","tns":[],"pic_str":"109951163548944126","pic":109951163548944126},"dt":187378,"h":{"br":320000,"fid":0,"size":7498231,"vd":-1.0},"m":{"br":192000,"fid":0,"size":4498956,"vd":-1.0},"l":{"br":128000,"fid":0,"size":2999319,"vd":-1.0},"a":null,"cd":"","no":3,"rtUrl":null,"ftype":0,"rtUrls":[],"djId":0,"copyright":2,"s_id":0,"rurl":null,"mst":9,"cp":729013,"mv":10772085,"rtype":0,"publishTime":1535644800007},{"name":"孔雀","id":1313052240,"pst":0,"t":0,"ar":[{"id":166018,"name":"吉克隽逸","tns":[],"alias":[]}],"alia":[],"pop":100.0,"st":0,"rt":null,"fee":8,"v":15,"crbt":null,"cf":"","al":{"id":73471928,"name":"Garden花园","picUrl":"http://p2.music.126.net/wz-Uxft4a-ICQZj3wuxbMA==/109951163574982030.jpg","tns":[],"pic_str":"109951163574982030","pic":109951163574982030},"dt":274600,"h":{"br":320000,"fid":0,"size":10987146,"vd":-3.25},"m":{"br":192000,"fid":0,"size":6592305,"vd":-3.0},"l":{"br":128000,"fid":0,"size":4394884,"vd":-2.83},"a":null,"cd":"","no":1,"rtUrl":null,"ftype":0,"rtUrls":[],"djId":0,"copyright":2,"s_id":0,"rurl":null,"mst":9,"cp":1411826,"mv":0,"rtype":0,"publishTime":1538150400007},{"name":"最美的颜色","id":1298130540,"pst":0,"t":0,"ar":[{"id":4777,"name":"平安","tns":[],"alias":[]}],"alia":["影视剧《最美的青春》片头曲"],"pop":25.0,"st":0,"rt":null,"fee":0,"v":5,"crbt":null,"cf":"","al":{"id":72015233,"name":"最美的青春 电视剧原声专辑","picUrl":"http://p2.music.126.net/spOtQfqfiNsEUGDpB-ecrA==/109951163437885401.jpg","tns":[],"pic_str":"109951163437885401","pic":109951163437885401},"dt":206000,"h":{"br":320000,"fid":0,"size":8242199,"vd":-1.0},"m":{"br":192000,"fid":0,"size":4945337,"vd":0.0},"l":{"br":128000,"fid":0,"size":3296906,"vd":0.0},"a":null,"cd":"1","no":1,"rtUrl":null,"ftype":0,"rtUrls":[],"djId":0,"copyright":2,"s_id":0,"rurl":null,"mst":9,"cp":0,"mv":0,"rtype":0,"publishTime":1533139200000},{"name":"我回到那个名叫爱情的地方","id":1309319139,"pst":0,"t":0,"ar":[{"id":4942,"name":"沙宝亮","tns":[],"alias":[]}],"alia":[],"pop":100.0,"st":0,"rt":null,"fee":0,"v":19,"crbt":null,"cf":"","al":{"id":72977549,"name":"我回到那个名叫爱情的地方","picUrl":"http://p2.music.126.net/porfPHdAf5nsduVeiZLy0g==/109951163549773326.jpg","tns":[],"pic_str":"109951163549773326","pic":109951163549773326},"dt":257084,"h":{"br":320000,"fid":0,"size":10286019,"vd":-2.0},"m":{"br":192000,"fid":0,"size":6171629,"vd":-1.0},"l":{"br":128000,"fid":0,"size":4114434,"vd":-1.0},"a":null,"cd":"1","no":1,"rtUrl":null,"ftype":0,"rtUrls":[],"djId":0,"copyright":0,"s_id":0,"rurl":null,"mst":9,"cp":29016,"mv":0,"rtype":0,"publishTime":1537113600007}],"trackIds":[{"id":1297743582,"v":10,"lr":2},{"id":1305366556,"v":1,"lr":3},{"id":1305367286,"v":2,"lr":6},{"id":1306040057,"v":3,"lr":8},{"id":1306496991,"v":6,"lr":1},{"id":1308818152,"v":7},{"id":1303028574,"v":22,"lr":9},{"id":1310797298,"v":4},{"id":1301572243,"v":1,"lr":0},{"id":1303026609,"v":29,"lr":10},{"id":1313052240,"v":15},{"id":1298130540,"v":5},{"id":1309319139,"v":19,"lr":11}],"ordered":true,"userId":48188,"coverImgId":18878614648932971,"updateTime":1540188959421,"commentThreadId":"A_PL_0_64016","tags":["流行","榜单","清新"],"playCount":45023036,"trackCount":13,"coverImgUrl":"http://p4.music.126.net/2klOtThpDQ0CMhOy5AOzSg==/18878614648932971.jpg","privacy":0,"newImported":false,"specialType":10,"trackUpdateTime":1540959374564,"highQuality":false,"createTime":1359005319468,"trackNumberUpdateTime":1540188953011,"adType":0,"status":0,"description":"中国TOP排行榜分成内地榜及港台榜，每周一更新。","cloudTrackCount":0,"subscribedCount":145753,"name":"中国TOP排行榜（内地榜）","id":64016,"shareCount":306,"coverImgId_str":"18878614648932971","commentCount":2681},"code":200,"privileges":[{"id":1297743582,"fee":8,"payed":0,"st":0,"pl":128000,"dl":0,"sp":7,"cp":1,"subp":1,"cs":false,"maxbr":320000,"fl":128000,"toast":false,"flag":0,"preSell":false},{"id":1305366556,"fee":8,"payed":0,"st":0,"pl":128000,"dl":0,"sp":7,"cp":1,"subp":1,"cs":false,"maxbr":999000,"fl":128000,"toast":false,"flag":0,"preSell":false},{"id":1305367286,"fee":0,"payed":0,"st":0,"pl":320000,"dl":320000,"sp":7,"cp":1,"subp":1,"cs":false,"maxbr":999000,"fl":320000,"toast":false,"flag":256,"preSell":false},{"id":1306040057,"fee":8,"payed":0,"st":0,"pl":128000,"dl":0,"sp":7,"cp":1,"subp":1,"cs":false,"maxbr":999000,"fl":128000,"toast":false,"flag":258,"preSell":false},{"id":1306496991,"fee":8,"payed":0,"st":0,"pl":128000,"dl":0,"sp":7,"cp":1,"subp":1,"cs":false,"maxbr":999000,"fl":128000,"toast":false,"flag":0,"preSell":false},{"id":1308818152,"fee":0,"payed":0,"st":0,"pl":999000,"dl":0,"sp":7,"cp":1,"subp":1,"cs":false,"maxbr":999000,"fl":320000,"toast":false,"flag":128,"preSell":false},{"id":1303028574,"fee":0,"payed":0,"st":0,"pl":320000,"dl":320000,"sp":7,"cp":1,"subp":1,"cs":false,"maxbr":999000,"fl":320000,"toast":false,"flag":0,"preSell":false},{"id":1310797298,"fee":8,"payed":0,"st":0,"pl":128000,"dl":0,"sp":7,"cp":1,"subp":1,"cs":false,"maxbr":999000,"fl":128000,"toast":false,"flag":132,"preSell":false},{"id":1301572243,"fee":8,"payed":0,"st":0,"pl":128000,"dl":0,"sp":7,"cp":1,"subp":1,"cs":false,"maxbr":999000,"fl":128000,"toast":false,"flag":128,"preSell":false},{"id":1303026609,"fee":8,"payed":0,"st":0,"pl":128000,"dl":0,"sp":7,"cp":1,"subp":1,"cs":false,"maxbr":999000,"fl":128000,"toast":false,"flag":0,"preSell":false},{"id":1313052240,"fee":8,"payed":0,"st":0,"pl":128000,"dl":0,"sp":7,"cp":1,"subp":1,"cs":false,"maxbr":999000,"fl":128000,"toast":false,"flag":256,"preSell":false},{"id":1298130540,"fee":0,"payed":0,"st":-200,"pl":0,"dl":0,"sp":0,"cp":0,"subp":0,"cs":false,"maxbr":999000,"fl":0,"toast":false,"flag":128,"preSell":false},{"id":1309319139,"fee":0,"payed":0,"st":0,"pl":320000,"dl":320000,"sp":7,"cp":1,"subp":1,"cs":false,"maxbr":999000,"fl":320000,"toast":false,"flag":0,"preSell":false}]}