{"playlist":{"subscribers":[],"subscribed":false,"creator":{"defaultAvatar":false,"province":110000,"authStatus":1,"followed":false,"avatarUrl":"http://p1.music.126.net/QWMV-Ru_6149AKe0mCBXKg==/1420569024374784.jpg","accountStatus":0,"gender":1,"city":110101,"birthday":-2209017600000,"userId":1,"userType":2,"nickname":"网易云音乐","signature":"欢迎使用网易云音乐，有任何问题可以联系@云音乐客服， 我们会尽快答复。有关独立音乐人和独立厂牌请站内私信@原创君。","description":"网易云音乐官方账号","detailDescription":"网易云音乐官方账号","avatarImgId":1420569024374784,"backgroundImgId":2002210674180202,"backgroundUrl":"http://p1.music.126.net/pmHS4fcQtcNEGewNb5HRhg==/2002210674180202.jpg","authority":3,"mutual":false,"expertTags":null,"experts":null,"djStatus":10,"vipType":11,"remarkName":null,"backgroundImgIdStr":"2002210674180202","avatarImgIdStr":"1420569024374784"},"tracks":[{"name":"年少有为","id":1293886117,"pst":0,"t":0,"ar":[{"id":4292,"name":"李荣浩","tns":[],"alias":[]}],"alia":[],"pop":100.0,"st":0,"rt":null,"fee":8,"v":12,"crbt":null,"cf":"","al":{"id":73914415,"name":"耳朵","picUrl":"http://p1.music.126.net/tt8xwK-ASC2iqXNUXYKoDQ==/109951163606377163.jpg","tns":[],"pic_str":"109951163606377163","pic":109951163606377163},"dt":279196,"h":{"br":320000,"fid":0,"size":11168958,"vd":0.0},"m":{"br":192000,"fid":0,"size":6701392,"vd":0.0},"l":{"br":128000,"fid":0,"size":4467609,"vd":0.0},"a":null,"cd":"1","no":7,"rtUrl":null,"ftype":0,"rtUrls":[],"djId":0,"copyright":1,"s_id":0,"rtype":0,"rurl":null,"mst":9,"cp":7002,"mv":5965802,"publishTime":1539705600007},{"name":"贝贝","id":1318234987,"pst":0,"t":0,"ar":[{"id":4292,"name":"李荣浩","tns":[],"alias":[]}],"alia":[],"pop":100.0,"st":0,"rt":null,"fee":8,"v":8,"crbt":null,"cf":"","al":{"id":73914415,"name":"耳朵","picUrl":"http://p1.music.126.net/tt8xwK-ASC2iqXNUXYKoDQ==/109951163606377163.jpg","tns":[],"pic_str":"109951163606377163","pic":109951163606377163},"dt":4048,"h":{"br":320000,"fid":0,"size":163048,"vd":1.6259},"m":{"br":192000,"fid":0,"size":97846,"vd":1.8908},"l":{"br":128000,"fid":0,"size":65245,"vd":2.0403},"a":null,"cd":"1","no":10,"rtUrl":null,"ftype":0,"rtUrls":[],"djId":0,"copyright":1,"s_id":0,"rtype":0,"rurl":null,"mst":9,"cp":7002,"mv":0,"publishTime":1539705600007},{"name":"上新了·故宫","id":1321382242,"pst":0,"t":0,"ar":[{"id":12440042,"name":"邓伦","tns":[],"alias":[]}],"alia":["《上新了·故宫》同名主题曲"],"pop":5.0,"st":0,"rt":null,"fee":8,"v":5,"crbt":null,"cf":"","al":{"id":74150687,"name":"上新了·故宫","picUrl":"http://p1.music.126.net/bUw0U4kkOdCkKy85ir_c9Q==/109951163635110634.jpg","tns":[],"pic_str":"109951163635110634","pic":109951163635110634},"dt":205321,"h":{"br":320000,"fid":0,"size":8215031,"vd":-9500.0},"m":{"br":192000,"fid":0,"size":4929036,"vd":-6800.0},"l":{"br":128000,"fid":0,"size":3286039,"vd":-5200.0},"a":null,"cd":"","no":0,"rtUrl":null,"ftype":0,"rtUrls":[],"djId":0,"copyright":0,"s_id":0,"rtype":0,"rurl":null,"mst":9,"cp":0,"mv":10828150,"publishTime":1540915200007},{"name":"Waste It On Me","id":1320185104,"pst":0,"t":0,"ar":[{"id":43608,"name":"Steve Aoki","tns":[],"alias":[]},{"id":783124,"name":"BTS (防弹少年团)","tns":[],"alias":[]}],"alia":[],"pop":100.0,"st":0,"rt":"","fee":8,"v":5,"crbt":null,"cf":"","al":{"id":74069411,"name":"Waste It On Me","picUrl":"http://p1.music.126.net/6MCIk7YDvW3ORv4pfLyBxw==/109951163622785958.jpg","tns":[],"pic_str":"109951163622785958","pic":109951163622785958},"dt":192600,"h":{"br":320000,"fid":0,"size":7704076,"vd":-30100.0},"m":{"br":192000,"fid":0,"size":4622463,"vd":-27700.0},"l":null,"a":null,"cd":"01","no":1,"rtUrl":null,"ftype":0,"rtUrls":[],"djId":0,"copyright":1,"s_id":0,"rtype":0,"rurl":null,"mst":9,"cp":7001,"mv":10824038,"publishTime":1540396800007},{"name":"原来你也在这里","id":1320098329,"pst":0,"t":0,"ar":[{"id":10558,"name":"周笔畅","tns":[],"alias":[]}],"alia":["电视剧《原来你还在这里》主题曲"],"pop":100.0,"st":0,"rt":null,"fee":8,"v":5,"crbt":null,"cf":"","al":{"id":74064726,"name":"原来你也在这里","picUrl":"http://p1.music.126.net/qppSA-tF_S0SAkastKDpxA==/109951163626553866.jpg","tns":[],"pic_str":"109951163626553866","pic":109951163626553866},"dt":247186,"h":{"br":320000,"fid":0,"size":9890003,"vd":-41400.0},"m":{"br":192000,"fid":0,"size":5934019,"vd":-38900.0},"l":null,"a":null,"cd":"","no":0,"rtUrl":null,"ftype":0,"rtUrls":[],"djId":0,"copyright":0,"s_id":0,"rtype":0,"rurl":null,"mst":9,"cp":755012,"mv":10825100,"publishTime":1540742400007},{"name":"耳朵","id":1318235595,"pst":0,"t":0,"ar":[{"id":4292,"name":"李荣浩","tns":[],"alias":[]}],"alia":[],"pop":100.0,"st":0,"rt":null,"fee":8,"v":13,"crbt":null,"cf":"","al":{"id":73914415,"name":"耳朵","picUrl":"http://p1.music.126.net/tt8xwK-ASC2iqXNUXYKoDQ==/109951163606377163.jpg","tns":[],"pic_str":"109951163606377163","pic":109951163606377163},"dt":241293,"h":{"br":320000,"fid":0,"size":9652811,"vd":-2.04},"m":{"br":192000,"fid":0,"size":5791704,"vd":-1.78},"l":{"br":128000,"fid":0,"size":3861151,"vd":-1.64},"a":null,"cd":"1","no":6,"rtUrl":null,"ftype":0,"rtUrls":[],"djId":0,"copyright":1,"s_id":0,"rtype":0,"rurl":null,"mst":9,"cp":7002,"mv":10813073,"publishTime":1539705600007},{"name":"삐삐","id":1316563427,"pst":0,"t":0,"ar":[{"id":160947,"name":"IU","tns":[],"alias":[]}],"alia":[],"pop":100.0,"st":0,"rt":null,"fee":8,"v":7,"crbt":null,"cf":"","al":{"id":73835728,"name":"삐삐","picUrl":"http://p1.music.126.net/gxo54B2ypqq0Y6tmahBnIw==/109951163596240238.jpg","tns":["BBIBBI"],"pic_str":"109951163596240238","pic":109951163596240238},"dt":194426,"h":{"br":320000,"fid":0,"size":7779309,"vd":-3.6},"m":{"br":192000,"fid":0,"size":4667603,"vd":-3.32},"l":{"br":128000,"fid":0,"size":3111750,"vd":-3.16},"a":null,"cd":"1","no":1,"rtUrl":null,"ftype":0,"rtUrls":[],"djId":0,"copyright":0,"s_id":0,"rtype":0,"rurl":null,"mst":9,"cp":1410822,"mv":10799918,"publishTime":1539100800007,"tns":["BBIBBI"]},{"name":"Machine","id":1321876218,"pst":0,"t":0,"ar":[{"id":94779,"name":"Imagine Dragons","tns":[],"alias":[]}],"alia":[],"pop":100.0,"st":0,"rt":"","fee":8,"v":7,"crbt":null,"cf":"","al":{"id":74180985,"name":"Machine","picUrl":"http://p1.music.126.net/w9ihTYFzysVPhXTO3e5D-w==/109951163638180837.jpg","tns":[],"pic_str":"109951163638180837","pic":109951163638180837},"dt":181916,"h":{"br":320000,"fid":0,"size":7277758,"vd":-32700.0},"m":{"br":192000,"fid":0,"size":4366672,"vd":-30300.0},"l":{"br":128000,"fid":0,"size":2911129,"vd":-29400.0},"a":null,"cd":"01","no":1,"rtUrl":null,"ftype":0,"rtUrls":[],"djId":0,"copyright":1,"s_id":0,"rtype":0,"rurl":null,"mst":9,"cp":7003,"mv":0,"publishTime":1540915200007},{"name":"年少心事","id":1318610333,"pst":0,"t":0,"ar":[{"id":12871618,"name":"王一博","tns":[],"alias":[]}],"alia":["电影《昨日青空》青春成长曲"],"pop":100.0,"st":0,"rt":null,"fee":0,"v":2,"crbt":null,"cf":"","al":{"id":73957695,"name":"年少心事","picUrl":"http://p1.music.126.net/pBJOJF3y9cATRZAJ02Ju-w==/109951163611930628.jpg","tns":[],"pic_str":"109951163611930628","pic":109951163611930628},"dt":289162,"h":{"br":320000,"fid":0,"size":11569154,"vd":-2.0},"m":{"br":192000,"fid":0,"size":6941510,"vd":-1.0},"l":{"br":128000,"fid":0,"size":4627688,"vd":-1.0},"a":null,"cd":"","no":1,"rtUrl":null,"ftype":0,"rtUrls":[],"djId":0,"copyright":0,"s_id":0,"rtype":0,"rurl":null,"mst":9,"cp":0,"mv":0,"publishTime":1539964800007},{"name":"All Or Nothing","id":1321382056,"pst":0,"t":0,"ar":[{"id":847107,"name":"谢帝","tns":[],"alias":[]},{"id":42939,"name":"Snoop Dogg","tns":[],"alias":[]}],"alia":[],"pop":100.0,"st":0,"rt":null,"fee":8,"v":2,"crbt":null,"cf":"","al":{"id":74149626,"name":"All Or Nothing","picUrl":"http://p1.music.126.net/q_aLp9goNJOlozfnfLoLlw==/109951163633191613.jpg","tns":[],"pic_str":"109951163633191613","pic":109951163633191613},"dt":230341,"h":{"br":320000,"fid":0,"size":9216044,"vd":10386.0},"m":{"br":192000,"fid":0,"size":5529644,"vd":11278.0},"l":{"br":128000,"fid":0,"size":3686444,"vd":10016.0},"a":null,"cd":"","no":0,"rtUrl":null,"ftype":0,"rtUrls":[],"djId":0,"copyright":0,"s_id":0,"rtype":0,"rurl":null,"mst":9,"cp":722015,"mv":0,"publishTime":1540828800007},{"name":"扑朔迷离 (跑得快)","id":1318879277,"pst":0,"t":0,"ar":[{"id":12493781,"name":"Lil Ghost小鬼","tns":[],"alias":[]}],"alia":[],"pop":100.0,"st":0,"rt":null,"fee":8,"v":2,"crbt":null,"cf":"","al":{"id":73982683,"name":"扑朔迷离 (跑得快)","picUrl":"http://p1.music.126.net/A7rNn7UVRHFbwuhlS2P75w==/109951163618968722.jpg","tns":[],"pic_str":"109951163618968722","pic":109951163618968722},"dt":207845,"h":{"br":320000,"fid":0,"size":8316387,"vd":-1.88},"m":{"br":192000,"fid":0,"size":4989849,"vd":-1.62},"l":{"br":128000,"fid":0,"size":3326581,"vd":-1.48},"a":null,"cd":"","no":1,"rtUrl":null,"ftype":0,"rtUrls":[],"djId":0,"copyright":0,"s_id":0,"rtype":0,"rurl":null,"mst":9,"cp":1380821,"mv":0,"publishTime":1540310400007},{"name":"Coupe","id":1321382025,"pst":0,"t":0,"ar":[{"id":964108,"name":"吴亦凡","tns":[],"alias":[]},{"id":990193,"name":"Rich The Kid","tns":[],"alias":[]}],"alia":[],"pop":100.0,"st":0,"rt":null,"fee":8,"v":9,"crbt":null,"cf":"","al":{"id":74061722,"name":"Coupe","picUrl":"http://p1.music.126.net/Lk8HLx0IvahU2zhHB2qbMw==/109951163633078104.jpg","tns":[],"pic_str":"109951163633078104","pic":109951163633078104},"dt":194664,"h":{"br":320000,"fid":0,"size":7787668,"vd":-2.0},"m":{"br":192000,"fid":0,"size":4672618,"vd":-2.0},"l":{"br":128000,"fid":0,"size":3115093,"vd":-2.0},"a":null,"cd":"","no":3,"rtUrl":null,"ftype":0,"rtUrls":[],"djId":0,"copyright":0,"s_id":0,"rtype":0,"rurl":null,"mst":9,"cp":7003,"mv":0,"publishTime":1540742400007},{"name":"我抬头一看满街都是单身的狗","id":1319225007,"pst":0,"t":0,"ar":[{"id":8103,"name":"花粥","tns":[],"alias":[]}],"alia":[],"pop":100.0,"st":0,"rt":null,"fee":8,"v":8,"crbt":null,"cf":"","al":{"id":73966611,"name":"2018（注意保暖）","picUrl":"http://p1.music.126.net/fB6M_CgSRkeUzIEni6ENzw==/109951163615459621.jpg","tns":[],"pic_str":"109951163615459621","pic":109951163615459621},"dt":180609,"h":{"br":320000,"fid":0,"size":7226558,"vd":0.0},"m":{"br":192000,"fid":0,"size":4335952,"vd":0.0},"l":{"br":128000,"fid":0,"size":2890649,"vd":0.0},"a":null,"cd":"","no":1,"rtUrl":null,"ftype":0,"rtUrls":[],"djId":0,"copyright":0,"s_id":0,"rtype":0,"rurl":null,"mst":9,"cp":0,"mv":0,"publishTime":1540052291486},{"name":"东西","id":1321385420,"pst":0,"t":0,"ar":[{"id":12358435,"name":"很美味","tns":[],"alias":[]}],"alia":["原唱：林俊呈"],"pop":0.0,"st":0,"rt":null,"fee":0,"v":8,"crbt":null,"cf":"","al":{"id":74150789,"name":"东西","picUrl":"http://p1.music.126.net/PhQLBkijv8iwo1F_t7GY_Q==/109951163638985548.jpg","tns":[],"pic_str":"109951163638985548","pic":109951163638985548},"dt":160000,"h":{"br":320000,"fid":0,"size":6403178,"vd":-2.0},"m":{"br":192000,"fid":0,"size":3841924,"vd":-2.0},"l":{"br":128000,"fid":0,"size":2561297,"vd":-2.0},"a":null,"cd":"1","no":1,"rtUrl":null,"ftype":0,"rtUrls":[],"djId":0,"copyright":0,"s_id":0,"rtype":0,"rurl":null,"mst":9,"cp":1413823,"mv":0,"publishTime":1541001600007},{"name":"很高兴认识你","id":1318571230,"pst":0,"t":0,"ar":[{"id":11257,"name":"C-BLOCK","tns":[],"alias":[]}],"alia":[],"pop":100.0,"st":0,"rt":null,"fee":8,"v":13,"crbt":null,"cf":"","al":{"id":73957672,"name":"很高兴认识你","picUrl":"http://p1.music.126.net/UU09arK_fRlyWVdh2znikA==/109951163610766464.jpg","tns":[],"pic_str":"109951163610766464","pic":109951163610766464},"dt":232000,"h":{"br":320000,"fid":0,"size":9282917,"vd":-1.0},"m":{"br":192000,"fid":0,"size":5569768,"vd":0.0},"l":{"br":128000,"fid":0,"size":3713193,"vd":0.0},"a":null,"cd":"","no":0,"rtUrl":null,"ftype":0,"rtUrls":[],"djId":0,"copyright":0,"s_id":0,"rtype":0,"rurl":null,"mst":9,"cp":0,"mv":10814061,"publishTime":1539964800007},{"name":"四句","id":1321874435,"pst":0,"t":0,"ar":[{"id":12798217,"name":"刘思鉴","tns":[],"alias":[]}],"alia":[],"pop":0.0,"st":0,"rt":null,"fee":0,"v":10,"crbt":null,"cf":"","al":{"id":74171916,"name":"四句","picUrl":"http://p1.music.126.net/zkVWzkIBYyLSRZGzxX91hQ==/109951163638063411.jpg","tns":[],"pic_str":"109951163638063411","pic":109951163638063411},"dt":114000,"h":{"br":320000,"fid":0,"size":4563113,"vd":-19400.0},"m":{"br":192000,"fid":0,"size":2737885,"vd":-16700.0},"l":{"br":128000,"fid":0,"size":1825271,"vd":-15200.0},"a":null,"cd":"","no":1,"rtUrl":null,"ftype":0,"rtUrls":[],"djId":0,"copyright":0,"s_id":0,"rtype":0,"rurl":null,"mst":9,"cp":0,"mv":0,"publishTime":1541001600000},{"name":"从无到有","id":1313052960,"pst":0,"t":0,"ar":[{"id":12138269,"name":"毛不易","tns":[],"alias":[]}],"alia":["电视剧《创业时代》片尾主题曲"],"pop":100.0,"st":0,"rt":null,"fee":8,"v":8,"crbt":null,"cf":"","al":{"id":73471094,"name":"从无到有","picUrl":"http://p1.music.126.net/O6Ur0E4Qs0FIDfp-lKHYZA==/109951163592648368.jpg","tns":[],"pic_str":"109951163592648368","pic":109951163592648368},"dt":277498,"h":{"br":320000,"fid":0,"size":11102085,"vd":-1.09},"m":{"br":192000,"fid":0,"size":6661268,"vd":-0.83},"l":{"br":128000,"fid":0,"size":4440860,"vd":-0.67},"a":null,"cd":"1","no":1,"rtUrl":null,"ftype":0,"rtUrls":[],"djId":0,"copyright":0,"s_id":0,"rtype":0,"rurl":null,"mst":9,"cp":1412830,"mv":10799901,"publishTime":1538928000007},{"name":"Siren","id":1318920989,"pst":0,"t":0,"ar":[{"id":893484,"name":"The Chainsmokers","tns":[],"alias":[]},{"id":990129,"name":"Aazar","tns":[],"alias":[]}],"alia":[],"pop":100.0,"st":0,"rt":"","fee":16,"v":3,"crbt":null,"cf":"","al":{"id":73987892,"name":"Siren","picUrl":"http://p1.music.126.net/KiDSDRWOiImGwDTTP73HBA==/109951163612623009.jpg","tns":[],"pic_str":"109951163612623009","pic":109951163612623009},"dt":174445,"h":{"br":320000,"fid":0,"size":6978917,"vd":-3.0},"m":{"br":192000,"fid":0,"size":4187368,"vd":-3.0},"l":{"br":320000,"fid":0,"size":6978917,"vd":-3.0},"a":null,"cd":"01","no":1,"rtUrl":null,"ftype":0,"rtUrls":[],"djId":0,"copyright":0,"s_id":0,"rtype":0,"rurl":null,"mst":9,"cp":7001,"mv":10827020,"publishTime":1540483200007},{"name":"一百万个可能","id":1309814115,"pst":0,"t":0,"ar":[{"id":12286700,"name":"虎二","tns":[],"alias":[]}],"alia":[],"pop":100.0,"st":0,"rt":null,"fee":8,"v":25,"crbt":null,"cf":"","al":{"id":73256954,"name":"一百万个可能","picUrl":"http://p1.music.126.net/Q4PZJYU75MePN5nnGwdZaA==/109951163549058753.jpg","tns":[],"pic_str":"109951163549058753","pic":109951163549058753},"dt":242181,"h":{"br":320000,"fid":0,"size":9690427,"vd":0.0},"m":{"br":192000,"fid":0,"size":5814274,"vd":0.0},"l":{"br":128000,"fid":0,"size":3876197,"vd":0.0},"a":null,"cd":"1","no":1,"rtUrl":null,"ftype":0,"rtUrls":[],"djId":0,"copyright":0,"s_id":0,"rtype":0,"rurl":null,"mst":9,"cp":725011,"mv":0,"publishTime":1539446400007},{"name":"Dreamer","id":1322051637,"pst":0,"t":0,"ar":[{"id":780003,"name":"Martin Garrix","tns":[],"alias":[]},{"id":30528326,"name":"Mike Yung","tns":[],"alias":[]}],"alia":[],"pop":0.0,"st":0,"rt":"","fee":8,"v":5,"crbt":null,"cf":"","al":{"id":74191704,"name":"Dreamer","picUrl":"http://p1.music.126.net/BZEh7ejmPA--oN0VtbV5Rg==/109951163639492685.jpg","tns":[],"pic_str":"109951163639492685","pic":109951163639492685},"dt":193462,"h":{"br":320000,"fid":0,"size":7738558,"vd":-6100.0},"m":{"br":192000,"fid":0,"size":4643152,"vd":-3700.0},"l":{"br":128000,"fid":0,"size":3095449,"vd":-2000.0},"a":null,"cd":"01","no":1,"rtUrl":null,"ftype":0,"rtUrls":[],"djId":0,"copyright":1,"s_id":0,"rtype":0,"rurl":null,"mst":9,"cp":7001,"mv":10828171,"publishTime":1541001600007},{"name":"精彩才刚刚开始","id":1317145419,"pst":0,"t":0,"ar":[{"id":939088,"name":"易烊千玺","tns":[],"alias":[]}],"alia":["天猫双11十年主题曲"],"pop":100.0,"st":0,"rt":null,"fee":8,"v":9,"crbt":null,"cf":"","al":{"id":73471479,"name":"精彩才刚刚开始","picUrl":"http://p1.music.126.net/X8RTO_Z1g5TNyUdLfh3jmw==/109951163601057660.jpg","tns":[],"pic_str":"109951163601057660","pic":109951163601057660},"dt":227647,"h":{"br":320000,"fid":0,"size":9108419,"vd":-2.19},"m":{"br":192000,"fid":0,"size":5465069,"vd":-1.94},"l":{"br":128000,"fid":0,"size":3643394,"vd":-1.79},"a":null,"cd":"","no":0,"rtUrl":null,"ftype":0,"rtUrls":[],"djId":0,"copyright":0,"s_id":0,"rtype":0,"rurl":null,"mst":9,"cp":754016,"mv":10807079,"publishTime":1539532800007},{"name":"那一夜","id":1318284264,"pst":0,"t":0,"ar":[{"id":7763,"name":"G.E.M.邓紫棋","tns":[],"alias":[]}],"alia":[],"pop":100.0,"st":0,"rt":null,"fee":8,"v":2,"crbt":null,"cf":"","al":{"id":73930634,"name":"那一夜","picUrl":"http://p1.music.126.net/rWhebmakkW5gzE03VGvgBw==/109951163608286780.jpg","tns":[],"pic_str":"109951163608286780","pic":109951163608286780},"dt":234026,"h":{"br":320000,"fid":0,"size":9363374,"vd":-2.09},"m":{"br":192000,"fid":0,"size":5618042,"vd":-1.84},"l":{"br":128000,"fid":0,"size":3745376,"vd":-1.69},"a":null,"cd":"","no":0,"rtUrl":null,"ftype":0,"rtUrls":[],"djId":0,"copyright":0,"s_id":0,"rtype":0,"rurl":null,"mst":9,"cp":27001,"mv":0,"publishTime":1539792000007},{"name":"잘 지내줘","id":1321424058,"pst":0,"t":0,"ar":[{"id":12302153,"name":"HIGHLIGHT","tns":[],"alias":[]}],"alia":[],"pop":100.0,"st":0,"rt":null,"fee":8,"v":2,"crbt":null,"cf":"","al":{"id":74149637,"name":"잘 지내줘","picUrl":"http://p1.music.126.net/_X4Lhq9uojiQEViF6o02BQ==/109951163633391709.jpg","tns":["TAKE CARE"],"pic_str":"109951163633391709","pic":109951163633391709},"dt":218754,"h":{"br":320000,"fid":0,"size":8753154,"vd":-41600.0},"m":{"br":192000,"fid":0,"size":5251910,"vd":-39100.0},"l":{"br":128000,"fid":0,"size":3501288,"vd":-37400.0},"a":null,"cd":"1","no":1,"rtUrl":null,"ftype":0,"rtUrls":[],"djId":0,"copyright":0,"s_id":0,"rtype":0,"rurl":null,"mst":9,"cp":1410822,"mv":0,"publishTime":1540742400007,"tns":["TAKE CARE"]},{"name":"影响","id":1318430037,"pst":0,"t":0,"ar":[{"id":1007170,"name":"陈粒","tns":[],"alias":[]}],"alia":["电视剧《创业时代》爱情主题曲"],"pop":100.0,"st":0,"rt":null,"fee":8,"v":5,"crbt":null,"cf":"","al":{"id":73836105,"name":"影响","picUrl":"http://p1.music.126.net/BYCUi9yMLJTFy30UTymw-A==/109951163608282297.jpg","tns":[],"pic_str":"109951163608282297","pic":109951163608282297},"dt":225013,"h":{"br":320000,"fid":0,"size":9002885,"vd":-0.33},"m":{"br":192000,"fid":0,"size":5401748,"vd":-0.08},"l":{"br":128000,"fid":0,"size":3601180,"vd":-2.0E-4},"a":null,"cd":"","no":0,"rtUrl":null,"ftype":0,"rtUrls":[],"djId":0,"copyright":0,"s_id":0,"rtype":0,"rurl":null,"mst":9,"cp":1412830,"mv":10806209,"publishTime":1539792000007},{"name":"南瓜灯与高脚杯","id":1321382356,"pst":0,"t":0,"ar":[{"id":4873,"name":"奇然","tns":[],"alias":[]},{"id":12172529,"name":"封茗囧菌","tns":[],"alias":[]}],"alia":[],"pop":100.0,"st":0,"rt":null,"fee":8,"v":4,"crbt":null,"cf":"","al":{"id":74151719,"name":"南瓜灯与高脚杯","picUrl":"http://p1.music.126.net/0J3_88nYjYiNuzkvTBikWw==/109951163637101831.jpg","tns":[],"pic_str":"109951163637101831","pic":109951163637101831},"dt":235156,"h":{"br":320000,"fid":0,"size":9409350,"vd":-600.0},"m":{"br":192000,"fid":0,"size":5645627,"vd":-2.0},"l":{"br":128000,"fid":0,"size":3763766,"vd":-2.0},"a":null,"cd":"","no":0,"rtUrl":null,"ftype":0,"rtUrls":[],"djId":0,"copyright":0,"s_id":0,"rtype":0,"rurl":null,"mst":9,"cp":733010,"mv":0,"publishTime":1540915200007},{"name":"与你并肩","id":1321385182,"pst":0,"t":0,"ar":[{"id":12174521,"name":"音阙诗听","tns":[],"alias":[]}],"alia":[],"pop":100.0,"st":0,"rt":null,"fee":8,"v":3,"crbt":null,"cf":"","al":{"id":74157663,"name":"与你并肩","picUrl":"http://p1.music.126.net/g6jT49whpptAiZGXRNK1uQ==/109951163638542424.jpg","tns":[],"pic_str":"109951163638542424","pic":109951163638542424},"dt":237073,"h":{"br":320000,"fid":0,"size":9485627,"vd":-33200.0},"m":{"br":192000,"fid":0,"size":5691394,"vd":-30700.0},"l":{"br":128000,"fid":0,"size":3794277,"vd":-29400.0},"a":null,"cd":"","no":1,"rtUrl":null,"ftype":0,"rtUrls":[],"djId":0,"copyright":0,"s_id":0,"rtype":0,"rurl":null,"mst":9,"cp":733010,"mv":0,"publishTime":1541001600007},{"name":"Party For One","id":1321424397,"pst":0,"t":0,"ar":[{"id":50934,"name":"Carly Rae Jepsen","tns":[],"alias":[]}],"alia":[],"pop":0.0,"st":0,"rt":null,"fee":8,"v":11,"crbt":null,"cf":"","al":{"id":74150785,"name":"Party For One","picUrl":"http://p1.music.126.net/1TPDezZWDtBuIn1eBOGZEw==/109951163638916353.jpg","tns":[],"pic_str":"109951163638916353","pic":109951163638916353},"dt":183928,"h":{"br":320000,"fid":0,"size":7358215,"vd":-19900.0},"m":{"br":192000,"fid":0,"size":4414946,"vd":-17600.0},"l":{"br":128000,"fid":0,"size":2943312,"vd":-16500.0},"a":null,"cd":"01","no":1,"rtUrl":null,"ftype":0,"rtUrls":[],"djId":0,"copyright":1,"s_id":0,"rtype":0,"rurl":null,"mst":9,"cp":7003,"mv":10831146,"publishTime":1541030400000},{"name":"道理的道理","id":1318156992,"pst":0,"t":0,"ar":[{"id":12002248,"name":"沈以诚","tns":[],"alias":[]}],"alia":[],"pop":100.0,"st":0,"rt":null,"fee":8,"v":9,"crbt":null,"cf":"","al":{"id":73924804,"name":"道理的道理","picUrl":"http://p1.music.126.net/9jpTVsOLNKifSeYSuYq6Rg==/109951163606230392.jpg","tns":[],"pic_str":"109951163606230392","pic":109951163606230392},"dt":256600,"h":{"br":320000,"fid":0,"size":10266166,"vd":-2.0E-4},"m":{"br":192000,"fid":0,"size":6159717,"vd":0.1829},"l":{"br":128000,"fid":0,"size":4106493,"vd":0.2552},"a":null,"cd":"","no":1,"rtUrl":null,"ftype":0,"rtUrls":[],"djId":0,"copyright":0,"s_id":0,"rtype":0,"rurl":null,"mst":9,"cp":0,"mv":0,"publishTime":1539650796397},{"name":"You (Live)","id":1318877064,"pst":0,"t":0,"ar":[{"id":13058498,"name":"林彦俊","tns":[],"alias":[]}],"alia":[],"pop":100.0,"st":0,"rt":null,"fee":0,"v":2,"crbt":null,"cf":"","al":{"id":73986623,"name":"中国音乐公告牌 第七期 ","picUrl":"http://p1.music.126.net/q1cJSO-FNTCbe6xu98LwJQ==/109951163612175101.jpg","tns":[],"pic_str":"109951163612175101","pic":109951163612175101},"dt":182720,"h":{"br":320000,"fid":0,"size":7311195,"vd":-2.0},"m":{"br":192000,"fid":0,"size":4386734,"vd":-2.0},"l":{"br":128000,"fid":0,"size":2924504,"vd":-2.0},"a":null,"cd":"","no":3,"rtUrl":null,"ftype":0,"rtUrls":[],"djId":0,"copyright":0,"s_id":0,"rtype":0,"rurl":null,"mst":9,"cp":1403820,"mv":0,"publishTime":1539878400007},{"name":"橙梦","id":1320098188,"pst":0,"t":0,"ar":[{"id":1085116,"name":"张希","tns":[],"alias":[]},{"id":1058228,"name":"陈鸿宇","tns":[],"alias":[]}],"alia":[],"pop":100.0,"st":0,"rt":null,"fee":8,"v":4,"crbt":null,"cf":"","al":{"id":74061701,"name":"橙梦","picUrl":"http://p1.music.126.net/PLkYnYSCZHiynuRtW7dZBg==/109951163624530236.jpg","tns":[],"pic_str":"109951163624530236","pic":109951163624530236},"dt":273000,"h":{"br":320000,"fid":0,"size":10922362,"vd":-23200.0},"m":{"br":192000,"fid":0,"size":6553435,"vd":-20600.0},"l":null,"a":null,"cd":"","no":0,"rtUrl":null,"ftype":0,"rtUrls":[],"djId":0,"copyright":0,"s_id":0,"rtype":0,"rurl":null,"mst":9,"cp":22026,"mv":10821052,"publishTime":1540569600007},{"name":"Arms Around You","id":1319893733,"pst":0,"t":0,"ar":[{"id":12107961,"name":"XXXTENTACION","tns":[],"alias":[]},{"id":12211037,"name":"Lil Pump","tns":[],"alias":[]},{"id":1049649,"name":"Maluma","tns":[],"alias":[]},{"id":12364156,"name":"Swae Lee","tns":[],"alias":[]}],"alia":[],"pop":100.0,"st":0,"rt":"","fee":8,"v":6,"crbt":null,"cf":"","al":{"id":74046781,"name":"Arms Around You","picUrl":"http://p1.music.126.net/c7sKuE1oGOj6PRokUyJgUA==/109951163625687740.jpg","tns":[],"pic_str":"109951163625687740","pic":109951163625687740},"dt":198948,"h":{"br":320000,"fid":0,"size":7959031,"vd":-1.0},"m":{"br":192000,"fid":0,"size":4775436,"vd":0.0},"l":{"br":320000,"fid":0,"size":7959031,"vd":-1.0},"a":null,"cd":"01","no":1,"rtUrl":null,"ftype":0,"rtUrls":[],"djId":0,"copyright":1,"s_id":0,"rtype":0,"rurl":null,"mst":9,"cp":7002,"mv":10826091,"publishTime":1540396800007},{"name":"寄不出去的情书","id":1321382163,"pst":0,"t":0,"ar":[{"id":1181775,"name":"翁大涵","tns":[],"alias":[]}],"alia":[],"pop":100.0,"st":0,"rt":null,"fee":8,"v":4,"crbt":null,"cf":"","al":{"id":74149655,"name":"寄不出去的情书","picUrl":"http://p1.music.126.net/fywM5PaRIwD1sd43zY7Wtw==/109951163633529521.jpg","tns":[],"pic_str":"109951163633529521","pic":109951163633529521},"dt":313181,"h":{"br":320000,"fid":0,"size":12529415,"vd":-1700.0},"m":{"br":192000,"fid":0,"size":7517666,"vd":-2.0},"l":{"br":128000,"fid":0,"size":5011792,"vd":-2.0},"a":null,"cd":"","no":1,"rtUrl":null,"ftype":0,"rtUrls":[],"djId":0,"copyright":0,"s_id":0,"rtype":0,"rurl":null,"mst":9,"cp":530019,"mv":0,"publishTime":1540828800007},{"name":"都市寻情记","id":1321391025,"pst":0,"t":0,"ar":[{"id":1050364,"name":"Yee","tns":[],"alias":[]}],"alia":[],"pop":100.0,"st":0,"rt":null,"fee":8,"v":2,"crbt":null,"cf":"","al":{"id":74150620,"name":"Y","picUrl":"http://p1.music.126.net/4_6WEE_4lgMIlzgoJCNBtQ==/109951163632970845.jpg","tns":[],"pic_str":"109951163632970845","pic":109951163632970845},"dt":162909,"h":{"br":320000,"fid":0,"size":6519162,"vd":-3400.0},"m":{"br":192000,"fid":0,"size":3911515,"vd":-700.0},"l":{"br":128000,"fid":0,"size":2607691,"vd":-2.0},"a":null,"cd":"","no":5,"rtUrl":null,"ftype":0,"rtUrls":[],"djId":0,"copyright":2,"s_id":0,"rtype":0,"rurl":null,"mst":9,"cp":0,"mv":0,"publishTime":1540828800007},{"name":"公敌","id":1321385073,"pst":0,"t":0,"ar":[{"id":865007,"name":"法老","tns":[],"alias":[]}],"alia":[],"pop":100.0,"st":0,"rt":null,"fee":8,"v":2,"crbt":null,"cf":"","al":{"id":74151633,"name":"生于未来PART II","picUrl":"http://p1.music.126.net/jXMGD4miVEutHPLeEyjo3A==/109951163633323007.jpg","tns":[],"pic_str":"109951163633323007","pic":109951163633323007},"dt":226447,"h":{"br":320000,"fid":0,"size":9060354,"vd":-9200.0},"m":{"br":192000,"fid":0,"size":5436230,"vd":-6800.0},"l":{"br":128000,"fid":0,"size":3624168,"vd":-5100.0},"a":null,"cd":"","no":2,"rtUrl":null,"ftype":0,"rtUrls":[],"djId":0,"copyright":2,"s_id":0,"rtype":0,"rurl":null,"mst":9,"cp":0,"mv":0,"publishTime":1540828800007},{"name":"In The End (Mellen Gi Remix)","id":1317135273,"pst":0,"t":0,"ar":[{"id":12815045,"name":"Voodoo","tns":[],"alias":[]}],"alia":[],"pop":100.0,"st":0,"rt":null,"fee":0,"v":68,"crbt":null,"cf":"","al":{"id":73814487,"name":"❀","picUrl":"http://p1.music.126.net/-su3cUm6LSQ92TOmKxlXsg==/109951163597584921.jpg","tns":[],"pic_str":"109951163597584921","pic":109951163597584921},"dt":219297,"h":{"br":320000,"fid":0,"size":8774052,"vd":-1.0599},"m":{"br":192000,"fid":0,"size":5264449,"vd":-0.8},"l":{"br":128000,"fid":0,"size":3509647,"vd":-0.66},"a":null,"cd":"","no":1,"rtUrl":null,"ftype":0,"rtUrls":[],"djId":0,"copyright":2,"s_id":0,"rtype":0,"rurl":null,"mst":9,"cp":0,"mv":0,"publishTime":1539187200000},{"name":"不舍","id":1317410245,"pst":0,"t":0,"ar":[{"id":30000763,"name":"杨梓霖","tns":[],"alias":[]}],"alia":[],"pop":100.0,"st":0,"rt":null,"fee":8,"v":15,"crbt":null,"cf":"","al":{"id":73468501,"name":"不舍","picUrl":"http://p1.music.126.net/bncZ6uWJ_aeh7gQ7x-sKUQ==/109951163604728359.jpg","tns":[],"pic_str":"109951163604728359","pic":109951163604728359},"dt":219642,"h":{"br":320000,"fid":0,"size":8788680,"vd":-3800.0},"m":{"br":192000,"fid":0,"size":5273226,"vd":-1300.0},"l":{"br":128000,"fid":0,"size":3515498,"vd":-2.0},"a":null,"cd":"","no":1,"rtUrl":null,"ftype":0,"rtUrls":[],"djId":0,"copyright":2,"s_id":0,"rtype":0,"rurl":null,"mst":9,"cp":0,"mv":0,"publishTime":1539532800007},{"name":"Something Cool","id":1321382268,"pst":0,"t":0,"ar":[{"id":12333145,"name":"DP龙猪","tns":[],"alias":[]},{"id":12568799,"name":"非叔Uncle-Fei","tns":[],"alias":[]}],"alia":[],"pop":100.0,"st":0,"rt":null,"fee":8,"v":7,"crbt":null,"cf":"","al":{"id":74157693,"name":"Something Cool","picUrl":"http://p1.music.126.net/pZWQf40DYrtpt1B9hCwCbw==/109951163635421971.jpg","tns":[],"pic_str":"109951163635421971","pic":109951163635421971},"dt":208323,"h":{"br":320000,"fid":0,"size":8335195,"vd":-36500.0},"m":{"br":192000,"fid":0,"size":5001134,"vd":-34000.0},"l":{"br":128000,"fid":0,"size":3334104,"vd":-32300.0},"a":null,"cd":"","no":1,"rtUrl":null,"ftype":0,"rtUrls":[],"djId":0,"copyright":0,"s_id":0,"rtype":0,"rurl":null,"mst":9,"cp":0,"mv":0,"publishTime":1541001600007},{"name":"1999","id":1314780499,"pst":0,"t":0,"ar":[{"id":53092,"name":"Charli XCX","tns":[],"alias":[]},{"id":45129,"name":"Troye Sivan","tns":[],"alias":[]}],"alia":[],"pop":100.0,"st":0,"rt":null,"fee":8,"v":13,"crbt":null,"cf":"","al":{"id":73749871,"name":"1999","picUrl":"http://p1.music.126.net/b7WyInzyJxF5oHkAok1FbA==/109951163586538233.jpg","tns":[],"pic_str":"109951163586538233","pic":109951163586538233},"dt":189000,"h":{"br":320000,"fid":0,"size":7563015,"vd":-1.97},"m":{"br":192000,"fid":0,"size":4537826,"vd":-1.72},"l":{"br":128000,"fid":0,"size":3025232,"vd":-1.6},"a":null,"cd":"1","no":1,"rtUrl":null,"ftype":0,"rtUrls":[],"djId":0,"copyright":1,"s_id":0,"rtype":0,"rurl":null,"mst":9,"cp":7002,"mv":10800002,"publishTime":1538668800007},{"name":"春风十里 (Live)","id":1300595161,"pst":0,"t":0,"ar":[{"id":1050282,"name":"房东的猫","tns":[],"alias":[]}],"alia":[],"pop":100.0,"st":0,"rt":null,"fee":8,"v":53,"crbt":null,"cf":"","al":{"id":71855944,"name":"音乐好朋友 第二季","picUrl":"http://p1.music.126.net/RiZ4XcDcg1Wl4k5Urw10mA==/109951163421331988.jpg","tns":[],"pic_str":"109951163421331988","pic":109951163421331988},"dt":276260,"h":{"br":320000,"fid":0,"size":11052974,"vd":0.0},"m":{"br":192000,"fid":0,"size":6631802,"vd":0.0},"l":{"br":128000,"fid":0,"size":4421216,"vd":0.0},"a":null,"cd":"1","no":4,"rtUrl":null,"ftype":0,"rtUrls":[],"djId":0,"copyright":2,"s_id":0,"rtype":0,"rurl":null,"mst":9,"cp":760011,"mv":10751510,"publishTime":1538928000007},{"name":"纯粹","id":1321382274,"pst":0,"t":0,"ar":[{"id":12037181,"name":"徐海俏","tns":[],"alias":[]}],"alia":[],"pop":5.0,"st":0,"rt":null,"fee":8,"v":4,"crbt":null,"cf":"","al":{"id":74150715,"name":"纯粹","picUrl":"http://p1.music.126.net/NvLtgKdJO8OVSzrMzHzsVQ==/109951163635541730.jpg","tns":[],"pic_str":"109951163635541730","pic":109951163635541730},"dt":240453,"h":{"br":320000,"fid":0,"size":9620419,"vd":-15400.0},"m":{"br":192000,"fid":0,"size":5772269,"vd":-12700.0},"l":{"br":128000,"fid":0,"size":3848194,"vd":-11100.0},"a":null,"cd":"","no":0,"rtUrl":null,"ftype":0,"rtUrls":[],"djId":0,"copyright":0,"s_id":0,"rtype":0,"rurl":null,"mst":9,"cp":0,"mv":0,"publishTime":1540915200007},{"name":"为你写诗","id":1320100071,"pst":0,"t":0,"ar":[{"id":5538,"name":"汪苏泷","tns":[],"alias":[]},{"id":12312068,"name":"周洁琼","tns":[],"alias":[]}],"alia":["电影《为你写诗》同名曲"],"pop":100.0,"st":0,"rt":null,"fee":8,"v":2,"crbt":null,"cf":"","al":{"id":74064632,"name":"为你写诗","picUrl":"http://p1.music.126.net/oS8rEBSySMUXRxxJ-T5IDQ==/109951163622416381.jpg","tns":[],"pic_str":"109951163622416381","pic":109951163622416381},"dt":228906,"h":{"br":320000,"fid":0,"size":9158574,"vd":-2.0},"m":{"br":192000,"fid":0,"size":5495162,"vd":-2.0},"l":{"br":128000,"fid":0,"size":3663456,"vd":-2.0},"a":null,"cd":"","no":1,"rtUrl":null,"ftype":0,"rtUrls":[],"djId":0,"copyright":0,"s_id":0,"rtype":0,"rurl":null,"mst":9,"cp":490036,"mv":10826027,"publishTime":1540396800007},{"name":"Zombie(Remix)","id":1315869410,"pst":0,"t":0,"ar":[{"id":12114132,"name":"阿森","tns":[],"alias":[]}],"alia":[],"pop":100.0,"st":0,"rt":null,"fee":0,"v":11,"crbt":null,"cf":"","al":{"id":73773043,"name":"Zombie(Remix)","picUrl":"http://p1.music.126.net/Y4Ku1QBMDCUbBWRgHDhwuw==/109951163589627032.jpg","tns":[],"pic_str":"109951163589627032","pic":109951163589627032},"dt":264254,"h":{"br":320000,"fid":0,"size":10572321,"vd":-29300.0},"m":{"br":192000,"fid":0,"size":6343410,"vd":-26900.0},"l":{"br":128000,"fid":0,"size":4228955,"vd":-25400.0},"a":null,"cd":"","no":1,"rtUrl":null,"ftype":0,"rtUrls":[],"djId":0,"copyright":0,"s_id":0,"rtype":0,"rurl":null,"mst":9,"cp":0,"mv":0,"publishTime":1538755200000},{"name":"攀登 (Live)","id":1313107926,"pst":0,"t":0,"ar":[{"id":4723,"name":"潘玮柏","tns":[],"alias":[]},{"id":7763,"name":"G.E.M.邓紫棋","tns":[],"alias":[]},{"id":1203045,"name":"艾热","tns":[],"alias":[]}],"alia":[],"pop":100.0,"st":0,"rt":null,"fee":0,"v":2,"crbt":null,"cf":"","al":{"id":73681733,"name":"中国新说唱 第13期","picUrl":"http://p1.music.126.net/WlkSXIjLZcenMU1g0anGeg==/109951163589728383.jpg","tns":[],"pic_str":"109951163589728383","pic":109951163589728383},"dt":251410,"h":{"br":320000,"fid":0,"size":10059276,"vd":-3.96},"m":{"br":192000,"fid":0,"size":6035583,"vd":-3.72},"l":{"br":128000,"fid":0,"size":4023737,"vd":-3.55},"a":null,"cd":"","no":2,"rtUrl":null,"ftype":0,"rtUrls":[],"djId":0,"copyright":0,"s_id":0,"rtype":0,"rurl":null,"mst":9,"cp":1376818,"mv":0,"publishTime":1538755200007},{"name":"Chain Reaction","id":1320101383,"pst":0,"t":0,"ar":[{"id":12174110,"name":"崔开潮","tns":[],"alias":[]}],"alia":[],"pop":100.0,"st":0,"rt":null,"fee":8,"v":62,"crbt":null,"cf":"","al":{"id":73962656,"name":"智齿","picUrl":"http://p1.music.126.net/btQw6bXEfaFXxj7J1nTFrA==/109951163638065691.jpg","tns":[],"pic_str":"109951163638065691","pic":109951163638065691},"dt":233989,"h":{"br":320000,"fid":0,"size":9362329,"vd":-8000.0},"m":{"br":192000,"fid":0,"size":5617415,"vd":-5500.0},"l":{"br":128000,"fid":0,"size":3744958,"vd":-3700.0},"a":null,"cd":"","no":1,"rtUrl":null,"ftype":0,"rtUrls":[],"djId":0,"copyright":1,"s_id":0,"rtype":0,"rurl":null,"mst":9,"cp":-1,"mv":0,"publishTime":1541001600007},{"name":"我不想说","id":1319689130,"pst":0,"t":0,"ar":[{"id":711683,"name":"好妹妹","tns":[],"alias":[]},{"id":7890,"name":"黄龄","tns":[],"alias":[]}],"alia":["电视剧《我们的四十年》插曲"],"pop":100.0,"st":0,"rt":null,"fee":8,"v":2,"crbt":null,"cf":"","al":{"id":74031647,"name":"我不想说","picUrl":"http://p1.music.126.net/zt5n2ueIiIJU86382rgsXQ==/109951163624745611.jpg","tns":[],"pic_str":"109951163624745611","pic":109951163624745611},"dt":237340,"h":{"br":320000,"fid":0,"size":9496076,"vd":-2.0},"m":{"br":192000,"fid":0,"size":5697663,"vd":-2.0},"l":null,"a":null,"cd":"","no":1,"rtUrl":null,"ftype":0,"rtUrls":[],"djId":0,"copyright":0,"s_id":0,"rtype":0,"rurl":null,"mst":9,"cp":755014,"mv":0,"publishTime":1540483200007},{"name":"There's No Way (Alle Farben Remix)","id":1318075164,"pst":0,"t":0,"ar":[{"id":1057226,"name":"Lauv","tns":[],"alias":[]},{"id":12097049,"name":"Julia Michaels","tns":[],"alias":[]}],"alia":[],"pop":100.0,"st":0,"rt":null,"fee":8,"v":1,"crbt":null,"cf":"","al":{"id":73924127,"name":"There's No Way (remixes)","picUrl":"http://p1.music.126.net/ZXySLCNckBIhxMqpvm19WA==/109951163606394390.jpg","tns":[],"pic_str":"109951163606394390","pic":109951163606394390},"dt":187300,"h":{"br":320000,"fid":0,"size":7495097,"vd":-1.0},"m":{"br":192000,"fid":0,"size":4497075,"vd":-1.0},"l":{"br":128000,"fid":0,"size":2998065,"vd":-1.0},"a":null,"cd":"1","no":1,"rtUrl":null,"ftype":0,"rtUrls":[],"djId":0,"copyright":1,"s_id":0,"rtype":0,"rurl":null,"mst":9,"cp":631010,"mv":0,"publishTime":1541001600007},{"name":"Kiss and Make Up","id":1318524155,"pst":0,"t":0,"ar":[{"id":1135086,"name":"Dua Lipa","tns":[],"alias":[]},{"id":12068017,"name":"BLACKPINK","tns":[],"alias":[]}],"alia":[],"pop":100.0,"st":0,"rt":"","fee":8,"v":5,"crbt":null,"cf":"","al":{"id":73951203,"name":"Dua Lipa (Complete Edition)","picUrl":"http://p1.music.126.net/IQHSSqve3haTl_BQNCZfYA==/109951163625294856.jpg","tns":[],"pic_str":"109951163625294856","pic":109951163625294856},"dt":189204,"h":{"br":320000,"fid":0,"size":7569285,"vd":-2.0},"m":{"br":192000,"fid":0,"size":4541588,"vd":-2.0},"l":{"br":128000,"fid":0,"size":3027740,"vd":-2.0},"a":null,"cd":"01","no":20,"rtUrl":null,"ftype":0,"rtUrls":[],"djId":0,"copyright":1,"s_id":0,"rtype":0,"rurl":null,"mst":9,"cp":7002,"mv":0,"publishTime":1540396800007},{"name":"Dip","id":1321382251,"pst":0,"t":0,"ar":[{"id":45033,"name":"Tyga","tns":[],"alias":[]},{"id":70183,"name":"Nicki Minaj","tns":[],"alias":[]}],"alia":[],"pop":100.0,"st":0,"rt":null,"fee":0,"v":4,"crbt":null,"cf":"","al":{"id":74150694,"name":"Dip","picUrl":"http://p1.music.126.net/p_8oS8dzTrERrr5ERO-gmQ==/109951163635283510.jpg","tns":[],"pic_str":"109951163635283510","pic":109951163635283510},"dt":196046,"h":{"br":320000,"fid":0,"size":7843048,"vd":-3700.0},"m":{"br":192000,"fid":0,"size":4705846,"vd":-1100.0},"l":{"br":128000,"fid":0,"size":3137245,"vd":-2.0},"a":null,"cd":"1","no":1,"rtUrl":null,"ftype":0,"rtUrls":[],"djId":0,"copyright":0,"s_id":0,"rtype":0,"rurl":null,"mst":9,"cp":-1,"mv":10829081,"publishTime":1540742400007},{"name":"【星火行动】朝汐（泠鸢&双笙）","id":1316479227,"pst":0,"t":0,"ar":[{"id":12025552,"name":"双笙","tns":[],"alias":[]},{"id":1047282,"name":"泠鸢yousa","tns":[],"alias":[]}],"alia":[],"pop":100.0,"st":0,"rt":null,"fee":0,"v":23,"crbt":null,"cf":"","al":{"id":73798533,"name":"【星火行动】朝汐（泠鸢&双笙）","picUrl":"http://p1.music.126.net/yLfVa75LLy0e3cgj4HGYaA==/109951163594033083.jpg","tns":[],"pic_str":"109951163594033083","pic":109951163594033083},"dt":293677,"h":{"br":320000,"fid":0,"size":11759325,"vd":-2.4},"m":{"br":192000,"fid":0,"size":7055613,"vd":-2.16},"l":{"br":128000,"fid":0,"size":4703756,"vd":-1.99},"a":null,"cd":"","no":1,"rtUrl":null,"ftype":0,"rtUrls":[],"djId":0,"copyright":0,"s_id":0,"rtype":0,"rurl":null,"mst":9,"cp":0,"mv":0,"publishTime":1538928000000},{"name":"你的呼吸","id":1321786856,"pst":0,"t":0,"ar":[{"id":30548264,"name":"少囧","tns":[],"alias":[]}],"alia":[],"pop":95.0,"st":0,"rt":null,"fee":0,"v":13,"crbt":null,"cf":"","al":{"id":74171731,"name":"你的呼吸","picUrl":"http://p1.music.126.net/3V4mJHweTC0Lr7Jehi8uRg==/109951163637091005.jpg","tns":[],"pic_str":"109951163637091005","pic":109951163637091005},"dt":279275,"h":{"br":320000,"fid":0,"size":11174182,"vd":-23599.0},"m":{"br":192000,"fid":0,"size":6704527,"vd":-21000.0},"l":{"br":128000,"fid":0,"size":4469699,"vd":-19400.0},"a":null,"cd":"","no":1,"rtUrl":null,"ftype":0,"rtUrls":[],"djId":0,"copyright":0,"s_id":0,"rtype":0,"rurl":null,"mst":9,"cp":0,"mv":0,"publishTime":1540966422065},{"name":"比你更爱我的人","id":1321518222,"pst":0,"t":0,"ar":[{"id":12077204,"name":"陈壹千","tns":[],"alias":[]}],"alia":[],"pop":100.0,"st":0,"rt":null,"fee":0,"v":5,"crbt":null,"cf":"","al":{"id":74127508,"name":"比你更爱我的人","picUrl":"http://p1.music.126.net/sy41gb7mc5yyVfxUIReLlg==/109951163634446536.jpg","tns":[],"pic_str":"109951163634446536","pic":109951163634446536},"dt":261210,"h":{"br":320000,"fid":0,"size":10451113,"vd":-25200.0},"m":{"br":192000,"fid":0,"size":6270685,"vd":-22700.0},"l":{"br":128000,"fid":0,"size":4180471,"vd":-21000.0},"a":null,"cd":"","no":1,"rtUrl":null,"ftype":0,"rtUrls":[],"djId":0,"copyright":0,"s_id":0,"rtype":0,"rurl":null,"mst":9,"cp":0,"mv":0,"publishTime":1540830749562},{"name":"水滴石穿 (Live)","id":1313102808,"pst":0,"t":0,"ar":[{"id":12514278,"name":"那吾克热LIL-EM","tns":[],"alias":[]}],"alia":[],"pop":100.0,"st":0,"rt":null,"fee":0,"v":2,"crbt":null,"cf":"","al":{"id":73681733,"name":"中国新说唱 第13期","picUrl":"http://p1.music.126.net/WlkSXIjLZcenMU1g0anGeg==/109951163589728383.jpg","tns":[],"pic_str":"109951163589728383","pic":109951163589728383},"dt":204023,"h":{"br":320000,"fid":0,"size":8163831,"vd":-4.32},"m":{"br":192000,"fid":0,"size":4898316,"vd":-4.06},"l":{"br":128000,"fid":0,"size":3265559,"vd":-3.9},"a":null,"cd":"","no":9,"rtUrl":null,"ftype":0,"rtUrls":[],"djId":0,"copyright":0,"s_id":0,"rtype":0,"rurl":null,"mst":9,"cp":1376818,"mv":0,"publishTime":1538755200007},{"name":"人在旅途","id":1318568346,"pst":0,"t":0,"ar":[{"id":1058228,"name":"陈鸿宇","tns":[],"alias":[]}],"alia":["电视剧《我们的四十年》插曲"],"pop":100.0,"st":0,"rt":null,"fee":8,"v":9,"crbt":null,"cf":"","al":{"id":73957694,"name":"人在旅途","picUrl":"http://p1.music.126.net/kOt9PoRB9mzaUjm708HW4A==/109951163611873458.jpg","tns":[],"pic_str":"109951163611873458","pic":109951163611873458},"dt":211094,"h":{"br":320000,"fid":0,"size":8445954,"vd":-1.0},"m":{"br":192000,"fid":0,"size":5067590,"vd":-1.0},"l":{"br":128000,"fid":0,"size":3378408,"vd":-1.0},"a":null,"cd":"1","no":1,"rtUrl":null,"ftype":0,"rtUrls":[],"djId":0,"copyright":2,"s_id":0,"rtype":0,"rurl":null,"mst":9,"cp":755014,"mv":0,"publishTime":1540051200007},{"name":"别BB","id":1321382275,"pst":0,"t":0,"ar":[{"id":12191014,"name":"CNBALLER","tns":[],"alias":[]}],"alia":[],"pop":5.0,"st":0,"rt":null,"fee":8,"v":2,"crbt":null,"cf":"","al":{"id":74151701,"name":"别BB","picUrl":"http://p1.music.126.net/dg6zHRdgKAa76j16XnrATw==/109951163636160228.jpg","tns":[],"pic_str":"109951163636160228","pic":109951163636160228},"dt":221989,"h":{"br":320000,"fid":0,"size":8882721,"vd":-52399.0},"m":{"br":192000,"fid":0,"size":5329650,"vd":-49800.0},"l":{"br":128000,"fid":0,"size":3553115,"vd":-48500.0},"a":null,"cd":"","no":0,"rtUrl":null,"ftype":0,"rtUrls":[],"djId":0,"copyright":0,"s_id":0,"rtype":0,"rurl":null,"mst":9,"cp":1399823,"mv":0,"publishTime":1540915200007},{"name":"TEENAGE RIOT - 试听版","id":1321382023,"pst":0,"t":0,"ar":[{"id":159300,"name":"米津玄師","tns":[],"alias":[]}],"alia":[],"pop":100.0,"st":0,"rt":null,"fee":0,"v":71,"crbt":null,"cf":"","al":{"id":73985639,"name":"Flamingo / TEENAGE RIOT","picUrl":"http://p1.music.126.net/QDSZOL1v8plWlppjoPBleQ==/109951163615312145.jpg","tns":[],"pic_str":"109951163615312145","pic":109951163615312145},"dt":225396,"h":{"br":320000,"fid":0,"size":9016468,"vd":-32700.0},"m":{"br":192000,"fid":0,"size":5409898,"vd":-30200.0},"l":{"br":128000,"fid":0,"size":3606613,"vd":-29000.0},"a":null,"cd":"","no":2,"rtUrl":null,"ftype":0,"rtUrls":[],"djId":0,"copyright":2,"s_id":0,"rtype":0,"rurl":null,"mst":9,"cp":663018,"mv":10828019,"publishTime":1540915200007},{"name":"The Fire","id":1321382259,"pst":0,"t":0,"ar":[{"id":166018,"name":"吉克隽逸","tns":[],"alias":[]}],"alia":[],"pop":5.0,"st":0,"rt":null,"fee":8,"v":4,"crbt":null,"cf":"","al":{"id":74151688,"name":"The Fire","picUrl":"http://p1.music.126.net/_EF4t81h51SAavjuQCBT8Q==/109951163635335357.jpg","tns":[],"pic_str":"109951163635335357","pic":109951163635335357},"dt":216967,"h":{"br":320000,"fid":0,"size":8681056,"vd":-36200.0},"m":{"br":192000,"fid":0,"size":5208651,"vd":-33800.0},"l":{"br":128000,"fid":0,"size":3472448,"vd":-32300.0},"a":null,"cd":"","no":0,"rtUrl":null,"ftype":0,"rtUrls":[],"djId":0,"copyright":0,"s_id":0,"rtype":0,"rurl":null,"mst":9,"cp":1411826,"mv":0,"publishTime":1540915200007},{"name":"梧桐","id":1321446580,"pst":0,"t":0,"ar":[{"id":12083155,"name":"唐映枫","tns":[],"alias":[]},{"id":30482889,"name":"黄楚桐","tns":[],"alias":[]}],"alia":[],"pop":100.0,"st":0,"rt":null,"fee":8,"v":11,"crbt":null,"cf":"","al":{"id":74132937,"name":"梧桐","picUrl":"http://p1.music.126.net/dVhZQP3Z013EaC1sukANaQ==/109951163633504772.jpg","tns":[],"pic_str":"109951163633504772","pic":109951163633504772},"dt":333133,"h":{"br":320000,"fid":0,"size":13327717,"vd":1529.0},"m":{"br":192000,"fid":0,"size":7996648,"vd":3408.0},"l":{"br":128000,"fid":0,"size":5331113,"vd":3048.0},"a":null,"cd":"","no":1,"rtUrl":null,"ftype":0,"rtUrls":[],"djId":0,"copyright":0,"s_id":0,"rtype":0,"rurl":null,"mst":9,"cp":0,"mv":0,"publishTime":1540882800000},{"name":"欠我个未来","id":1321378753,"pst":0,"t":0,"ar":[{"id":1012032,"name":"平凡的艾岩","tns":[],"alias":[]}],"alia":[],"pop":100.0,"st":0,"rt":null,"fee":0,"v":55,"crbt":null,"cf":"","al":{"id":73960155,"name":"欠我个未来","picUrl":"http://p1.music.126.net/opmU_zMwXO2eIkONPhom_g==/109951163616620110.jpg","tns":[],"pic_str":"109951163616620110","pic":109951163616620110},"dt":270967,"h":{"br":320000,"fid":0,"size":10840860,"vd":-24100.0},"m":{"br":192000,"fid":0,"size":6504533,"vd":-21600.0},"l":null,"a":null,"cd":"","no":2,"rtUrl":null,"ftype":0,"rtUrls":[],"djId":0,"copyright":2,"s_id":0,"rtype":0,"rurl":null,"mst":9,"cp":0,"mv":0,"publishTime":1540103721714},{"name":"想淋雨就别走","id":1313897816,"pst":0,"t":0,"ar":[{"id":1160085,"name":"Fine乐团","tns":[],"alias":[]}],"alia":[],"pop":100.0,"st":0,"rt":null,"fee":8,"v":7,"crbt":null,"cf":"","al":{"id":73471327,"name":"想淋雨就别走","picUrl":"http://p1.music.126.net/Z2sHJnvUj9_-RYn48iNxCw==/109951163596582581.jpg","tns":[],"pic_str":"109951163596582581","pic":109951163596582581},"dt":281550,"h":{"br":320000,"fid":0,"size":11265089,"vd":-1.9},"m":{"br":192000,"fid":0,"size":6759071,"vd":-1.63},"l":{"br":128000,"fid":0,"size":4506062,"vd":-1.49},"a":null,"cd":"","no":1,"rtUrl":null,"ftype":0,"rtUrls":[],"djId":0,"copyright":1,"s_id":0,"rtype":0,"rurl":null,"mst":9,"cp":0,"mv":0,"publishTime":1539100800007},{"name":"远走高飞","id":1321392023,"pst":0,"t":0,"ar":[{"id":1050364,"name":"Yee","tns":[],"alias":[]}],"alia":[],"pop":100.0,"st":0,"rt":null,"fee":8,"v":2,"crbt":null,"cf":"","al":{"id":74150620,"name":"Y","picUrl":"http://p1.music.126.net/4_6WEE_4lgMIlzgoJCNBtQ==/109951163632970845.jpg","tns":[],"pic_str":"109951163632970845","pic":109951163632970845},"dt":204000,"h":{"br":320000,"fid":0,"size":8162787,"vd":-2.0},"m":{"br":192000,"fid":0,"size":4897689,"vd":-2.0},"l":{"br":128000,"fid":0,"size":3265141,"vd":-2.0},"a":null,"cd":"","no":1,"rtUrl":null,"ftype":0,"rtUrls":[],"djId":0,"copyright":2,"s_id":0,"rtype":0,"rurl":null,"mst":9,"cp":0,"mv":0,"publishTime":1540828800007},{"name":"伦宝","id":1321173464,"pst":0,"t":0,"ar":[{"id":981141,"name":"伦桑","tns":[],"alias":[]}],"alia":[],"pop":100.0,"st":0,"rt":null,"fee":0,"v":4,"crbt":null,"cf":"","al":{"id":74076585,"name":"伦宝","picUrl":"http://p1.music.126.net/2nChBFqcgo8Wlwyp8ZFLFQ==/109951163631054994.jpg","tns":[],"pic_str":"109951163631054994","pic":109951163631054994},"dt":223810,"h":{"br":320000,"fid":0,"size":8962133,"vd":-5200.0},"m":{"br":192000,"fid":0,"size":5377297,"vd":-2600.0},"l":null,"a":null,"cd":"","no":1,"rtUrl":null,"ftype":0,"rtUrls":[],"djId":0,"copyright":0,"s_id":0,"rtype":0,"rurl":null,"mst":9,"cp":0,"mv":0,"publishTime":1540703303037},{"name":"A No No","id":1322021150,"pst":0,"t":0,"ar":[{"id":66355,"name":"Mariah Carey","tns":[],"alias":[]}],"alia":[],"pop":0.0,"st":0,"rt":"","fee":8,"v":2,"crbt":null,"cf":"","al":{"id":74189164,"name":"A No No","picUrl":"http://p1.music.126.net/2-ewlK4kr_hz4wQFMiOg6g==/109951163639295749.jpg","tns":[],"pic_str":"109951163639295749","pic":109951163639295749},"dt":187820,"h":{"br":320000,"fid":0,"size":7513905,"vd":-1.0},"m":{"br":192000,"fid":0,"size":4508360,"vd":0.0},"l":{"br":128000,"fid":0,"size":3005588,"vd":0.0},"a":null,"cd":"01","no":1,"rtUrl":null,"ftype":0,"rtUrls":[],"djId":0,"copyright":1,"s_id":0,"rtype":0,"rurl":null,"mst":9,"cp":7001,"mv":0,"publishTime":1541001600007},{"name":"对不起","id":1317457541,"pst":0,"t":0,"ar":[{"id":1050465,"name":"Panta.Q","tns":[],"alias":[]},{"id":1030001,"name":"周深","tns":[],"alias":[]}],"alia":[],"pop":100.0,"st":0,"rt":null,"fee":0,"v":2,"crbt":null,"cf":"","al":{"id":73468601,"name":"对不起","picUrl":"http://p1.music.126.net/ocS3bbRu8E6ZtyDrm4WFgg==/109951163606604501.jpg","tns":[],"pic_str":"109951163606604501","pic":109951163606604501},"dt":232551,"h":{"br":320000,"fid":0,"size":9304860,"vd":-2.0E-4},"m":{"br":192000,"fid":0,"size":5582933,"vd":-2.0E-4},"l":{"br":128000,"fid":0,"size":3721970,"vd":-2.0E-4},"a":null,"cd":"","no":0,"rtUrl":null,"ftype":0,"rtUrls":[],"djId":0,"copyright":1,"s_id":0,"rtype":0,"rurl":null,"mst":9,"cp":0,"mv":0,"publishTime":1539619200007},{"name":"贫穷或富有","id":1305547844,"pst":0,"t":0,"ar":[{"id":4292,"name":"李荣浩","tns":[],"alias":[]}],"alia":[],"pop":100.0,"st":0,"rt":null,"fee":8,"v":10,"crbt":null,"cf":"","al":{"id":73914415,"name":"耳朵","picUrl":"http://p1.music.126.net/tt8xwK-ASC2iqXNUXYKoDQ==/109951163606377163.jpg","tns":[],"pic_str":"109951163606377163","pic":109951163606377163},"dt":297273,"h":{"br":320000,"fid":0,"size":11892027,"vd":0.0},"m":{"br":192000,"fid":0,"size":7135234,"vd":0.0},"l":{"br":128000,"fid":0,"size":4756837,"vd":0.0},"a":null,"cd":"1","no":3,"rtUrl":null,"ftype":0,"rtUrls":[],"djId":0,"copyright":1,"s_id":0,"rtype":0,"rurl":null,"mst":9,"cp":7002,"mv":0,"publishTime":1539705600007},{"name":"Waiting For Tomorrow","id":1318611237,"pst":0,"t":0,"ar":[{"id":780003,"name":"Martin Garrix","tns":[],"alias":[]},{"id":904134,"name":"Pierce Fulton","tns":[],"alias":[]},{"id":39922,"name":"Mike Shinoda","tns":[],"alias":[]}],"alia":[],"pop":100.0,"st":0,"rt":null,"fee":8,"v":6,"crbt":null,"cf":"","al":{"id":73957673,"name":"Waiting For Tomorrow","picUrl":"http://p1.music.126.net/oV7oE6GBB_S2TLmi-l2c2w==/109951163611080332.jpg","tns":[],"pic_str":"109951163611080332","pic":109951163611080332},"dt":247571,"h":{"br":320000,"fid":0,"size":9903587,"vd":-4.37},"m":{"br":192000,"fid":0,"size":5942169,"vd":-4.13},"l":{"br":128000,"fid":0,"size":3961461,"vd":-4.02},"a":null,"cd":"","no":1,"rtUrl":null,"ftype":0,"rtUrls":[],"djId":0,"copyright":0,"s_id":0,"rtype":0,"rurl":null,"mst":9,"cp":7001,"mv":10812081,"publishTime":1539792000007},{"name":"天命之军","id":1321841207,"pst":0,"t":0,"ar":[{"id":12788674,"name":"KEY.L","tns":[],"alias":[]},{"id":12127712,"name":"梁笑生AIRBUS130","tns":[],"alias":[]}],"alia":[],"pop":100.0,"st":0,"rt":null,"fee":0,"v":9,"crbt":null,"cf":"","al":{"id":74173877,"name":"天命之军","picUrl":"http://p1.music.126.net/UbO01nsi_9U8AbVQndapBw==/109951163637582638.jpg","tns":[],"pic_str":"109951163637582638","pic":109951163637582638},"dt":200594,"h":{"br":320000,"fid":0,"size":8025905,"vd":-9700.0},"m":{"br":192000,"fid":0,"size":4815560,"vd":-6900.0},"l":{"br":128000,"fid":0,"size":3210388,"vd":-5100.0},"a":null,"cd":"","no":1,"rtUrl":null,"ftype":0,"rtUrls":[],"djId":0,"copyright":0,"s_id":0,"rtype":0,"rurl":null,"mst":9,"cp":0,"mv":0,"publishTime":1540987844013},{"name":"进化","id":1318571177,"pst":0,"t":0,"ar":[{"id":10200,"name":"郁可唯","tns":[],"alias":[]}],"alia":[],"pop":100.0,"st":0,"rt":null,"fee":8,"v":2,"crbt":null,"cf":"","al":{"id":73961660,"name":"进化","picUrl":"http://p1.music.126.net/VZf5Rwx9V7q4yVS_ft7khw==/109951163610259560.jpg","tns":[],"pic_str":"109951163610259560","pic":109951163610259560},"dt":223500,"h":{"br":320000,"fid":0,"size":8942280,"vd":-2.43},"m":{"br":192000,"fid":0,"size":5365386,"vd":-2.19},"l":{"br":128000,"fid":0,"size":3576938,"vd":-2.02},"a":null,"cd":"","no":0,"rtUrl":null,"ftype":0,"rtUrls":[],"djId":0,"copyright":0,"s_id":0,"rtype":0,"rurl":null,"mst":9,"cp":677020,"mv":0,"publishTime":1539878400007},{"name":"霜降","id":1318877229,"pst":0,"t":0,"ar":[{"id":12174521,"name":"音阙诗听","tns":[],"alias":[]},{"id":12023202,"name":"赵方婧","tns":[],"alias":[]}],"alia":[],"pop":100.0,"st":0,"rt":null,"fee":8,"v":7,"crbt":null,"cf":"","al":{"id":73986667,"name":"霜降","picUrl":"http://p1.music.126.net/OvqpYUwOe3lye4f_YIikEw==/109951163618767758.jpg","tns":[],"pic_str":"109951163618767758","pic":109951163618767758},"dt":167213,"h":{"br":320000,"fid":0,"size":6691570,"vd":-24000.0},"m":{"br":192000,"fid":0,"size":4014960,"vd":-21300.0},"l":null,"a":null,"cd":"","no":1,"rtUrl":null,"ftype":0,"rtUrls":[],"djId":0,"copyright":0,"s_id":0,"rtype":0,"rurl":null,"mst":9,"cp":733010,"mv":10817056,"publishTime":1540224000007},{"name":"Happy Now","id":1315696918,"pst":0,"t":0,"ar":[{"id":844410,"name":"Kygo","tns":[],"alias":[]},{"id":12323230,"name":"Sandro Cavazza","tns":[],"alias":[]}],"alia":[],"pop":100.0,"st":0,"rt":null,"fee":8,"v":2,"crbt":null,"cf":"","al":{"id":73791418,"name":"Happy Now","picUrl":"http://p1.music.126.net/BRhSuq2Rbj2p3LrotlZXPA==/109951163619923850.jpg","tns":[],"pic_str":"109951163619923850","pic":109951163619923850},"dt":211408,"h":{"br":320000,"fid":0,"size":8457448,"vd":-12700.0},"m":{"br":192000,"fid":0,"size":5074486,"vd":-10599.0},"l":null,"a":null,"cd":"1","no":1,"rtUrl":null,"ftype":0,"rtUrls":[],"djId":0,"copyright":1,"s_id":0,"rtype":0,"rurl":null,"mst":9,"cp":7001,"mv":0,"publishTime":1540483200007},{"name":"Lucy","id":1318880227,"pst":0,"t":0,"ar":[{"id":12056052,"name":"小猪迷糊糊","tns":[],"alias":[]}],"alia":[],"pop":100.0,"st":0,"rt":null,"fee":8,"v":4,"crbt":null,"cf":"","al":{"id":73983667,"name":"Lucy","picUrl":"http://p1.music.126.net/aJep7oG0V6trQLZc3riMjw==/109951163618750359.jpg","tns":[],"pic_str":"109951163618750359","pic":109951163618750359},"dt":321827,"h":{"br":320000,"fid":0,"size":12875276,"vd":-2.0E-4},"m":{"br":192000,"fid":0,"size":7725183,"vd":-2.0E-4},"l":{"br":128000,"fid":0,"size":5150137,"vd":-2.0E-4},"a":null,"cd":"","no":1,"rtUrl":null,"ftype":0,"rtUrls":[],"djId":0,"copyright":0,"s_id":0,"rtype":0,"rurl":null,"mst":9,"cp":748010,"mv":0,"publishTime":1540137600007},{"name":"All Out Life","id":1321905433,"pst":0,"t":0,"ar":[{"id":42941,"name":"Slipknot","tns":[],"alias":[]}],"alia":[],"pop":0.0,"st":0,"rt":"","fee":8,"v":7,"crbt":null,"cf":"","al":{"id":74182490,"name":"All Out Life","picUrl":"http://p1.music.126.net/7TuIbPvU3rhqEBpXExqkTg==/109951163638368764.jpg","tns":[],"pic_str":"109951163638368764","pic":109951163638368764},"dt":340166,"h":{"br":320000,"fid":0,"size":13607750,"vd":-3.0},"m":{"br":192000,"fid":0,"size":8164667,"vd":-3.0},"l":{"br":128000,"fid":0,"size":5443126,"vd":-3.0},"a":null,"cd":"01","no":1,"rtUrl":null,"ftype":0,"rtUrls":[],"djId":0,"copyright":1,"s_id":0,"rtype":0,"rurl":null,"mst":9,"cp":7002,"mv":0,"publishTime":1540915200007},{"name":"Flamingo - 试听版","id":1318880077,"pst":0,"t":0,"ar":[{"id":159300,"name":"米津玄師","tns":[],"alias":[]}],"alia":["火烈鸟"],"pop":100.0,"st":0,"rt":null,"fee":0,"v":63,"crbt":null,"cf":"","al":{"id":73985639,"name":"Flamingo / TEENAGE RIOT","picUrl":"http://p1.music.126.net/QDSZOL1v8plWlppjoPBleQ==/109951163615312145.jpg","tns":[],"pic_str":"109951163615312145","pic":109951163615312145},"dt":195349,"h":{"br":320000,"fid":0,"size":7814836,"vd":-14200.0},"m":{"br":192000,"fid":0,"size":4688919,"vd":-11700.0},"l":{"br":128000,"fid":0,"size":3125960,"vd":-10000.0},"a":null,"cd":"","no":1,"rtUrl":null,"ftype":0,"rtUrls":[],"djId":0,"copyright":2,"s_id":0,"rtype":0,"rurl":null,"mst":9,"cp":663018,"mv":10818032,"publishTime":1540915200007},{"name":"偏偏","id":1318879167,"pst":0,"t":0,"ar":[{"id":12296026,"name":"不靠谱组合","tns":[],"alias":[]}],"alia":[],"pop":100.0,"st":0,"rt":null,"fee":8,"v":3,"crbt":null,"cf":"","al":{"id":73986645,"name":"偏偏","picUrl":"http://p1.music.126.net/RoTkVY9BFZtUrKs18Hhn9g==/109951163618565832.jpg","tns":[],"pic_str":"109951163618565832","pic":109951163618565832},"dt":243688,"h":{"br":320000,"fid":0,"size":9749987,"vd":-1.11},"m":{"br":192000,"fid":0,"size":5850009,"vd":-0.86},"l":{"br":128000,"fid":0,"size":3900021,"vd":-0.7},"a":null,"cd":"","no":1,"rtUrl":null,"ftype":0,"rtUrls":[],"djId":0,"copyright":0,"s_id":0,"rtype":0,"rurl":null,"mst":9,"cp":1372818,"mv":0,"publishTime":1540137600007},{"name":"钗头凤","id":1320098325,"pst":0,"t":0,"ar":[{"id":7890,"name":"黄龄","tns":[],"alias":[]}],"alia":["网剧《医妃难囚》片头曲"],"pop":100.0,"st":0,"rt":null,"fee":8,"v":5,"crbt":null,"cf":"","al":{"id":74064722,"name":"钗头凤","picUrl":"http://p1.music.126.net/CJT79Ux_-VBqFlWgizoPAg==/109951163626512694.jpg","tns":[],"pic_str":"109951163626512694","pic":109951163626512694},"dt":268562,"h":{"br":320000,"fid":0,"size":10744729,"vd":-2000.0},"m":{"br":192000,"fid":0,"size":6446855,"vd":0.0},"l":null,"a":null,"cd":"","no":1,"rtUrl":null,"ftype":0,"rtUrls":[],"djId":0,"copyright":0,"s_id":0,"rtype":0,"rurl":null,"mst":9,"cp":1415854,"mv":10830048,"publishTime":1540742400007},{"name":"まっしろ","id":1317145638,"pst":0,"t":0,"ar":[{"id":1028044,"name":"ビッケブランカ","tns":[],"alias":[]}],"alia":["白皚 (日剧《无法成为野兽的我们》插曲)"],"pop":100.0,"st":0,"rt":null,"fee":8,"v":3,"crbt":null,"cf":"","al":{"id":73835950,"name":"まっしろ","picUrl":"http://p1.music.126.net/vcLbSsR2uV1lZwWaSwOBSg==/109951163605052289.jpg","tns":[],"pic_str":"109951163605052289","pic":109951163605052289},"dt":235333,"h":{"br":320000,"fid":0,"size":9415619,"vd":-1.0},"m":{"br":192000,"fid":0,"size":5649389,"vd":0.0},"l":{"br":128000,"fid":0,"size":3766274,"vd":0.0},"a":null,"cd":"1","no":1,"rtUrl":null,"ftype":0,"rtUrls":[],"djId":0,"copyright":0,"s_id":0,"rtype":0,"rurl":null,"mst":9,"cp":457010,"mv":0,"publishTime":1539705600007},{"name":"XXX","id":1321382028,"pst":0,"t":0,"ar":[{"id":1050364,"name":"Yee","tns":[],"alias":[]}],"alia":[],"pop":100.0,"st":0,"rt":null,"fee":8,"v":2,"crbt":null,"cf":"","al":{"id":74150620,"name":"Y","picUrl":"http://p1.music.126.net/4_6WEE_4lgMIlzgoJCNBtQ==/109951163632970845.jpg","tns":[],"pic_str":"109951163632970845","pic":109951163632970845},"dt":207731,"h":{"br":320000,"fid":0,"size":8312207,"vd":-2.0},"m":{"br":192000,"fid":0,"size":4987342,"vd":0.0},"l":{"br":128000,"fid":0,"size":3324909,"vd":-2.0},"a":null,"cd":"","no":2,"rtUrl":null,"ftype":0,"rtUrls":[],"djId":0,"copyright":2,"s_id":0,"rtype":0,"rurl":null,"mst":9,"cp":0,"mv":0,"publishTime":1540828800007},{"name":"采访","id":1317410848,"pst":0,"t":0,"ar":[{"id":865007,"name":"法老","tns":[],"alias":[]}],"alia":[],"pop":100.0,"st":0,"rt":null,"fee":8,"v":5,"crbt":null,"cf":"","al":{"id":73471599,"name":"生于未来PART Ⅰ","picUrl":"http://p1.music.126.net/Y6McyaXcCXFv5uyBGqPJgw==/109951163607986369.jpg","tns":[],"pic_str":"109951163607986369","pic":109951163607986369},"dt":365459,"h":{"br":320000,"fid":0,"size":14621301,"vd":0.03},"m":{"br":192000,"fid":0,"size":8772798,"vd":0.0},"l":{"br":128000,"fid":0,"size":5848546,"vd":-2.0E-4},"a":null,"cd":"","no":4,"rtUrl":null,"ftype":0,"rtUrls":[],"djId":0,"copyright":2,"s_id":0,"rtype":0,"rurl":null,"mst":9,"cp":0,"mv":10821022,"publishTime":1540224000007},{"name":"Rumors (SMACK Remix)","id":1318317503,"pst":0,"t":0,"ar":[{"id":197248,"name":"R3hab","tns":[],"alias":[]},{"id":12024488,"name":"Sofia Carson","tns":[],"alias":[]},{"id":76928,"name":"Smack","tns":[],"alias":[]}],"alia":[],"pop":0.0,"st":0,"rt":"","fee":8,"v":2,"crbt":null,"cf":"","al":{"id":73944101,"name":"Rumors (SMACK Remix)","picUrl":"http://p1.music.126.net/Qz73tQbvyOkZ6tJYpl7ENA==/109951163608445344.jpg","tns":[],"pic_str":"109951163608445344","pic":109951163608445344},"dt":136520,"h":{"br":320000,"fid":0,"size":5463815,"vd":-3.0},"m":{"br":192000,"fid":0,"size":3278306,"vd":-3.0},"l":{"br":128000,"fid":0,"size":2185552,"vd":-3.0},"a":null,"cd":"01","no":1,"rtUrl":null,"ftype":0,"rtUrls":[],"djId":0,"copyright":1,"s_id":0,"rtype":0,"rurl":null,"mst":9,"cp":631010,"mv":0,"publishTime":1541001600007},{"name":"AFK（feat.Buzzy）","id":1321385074,"pst":0,"t":0,"ar":[{"id":865007,"name":"法老","tns":[],"alias":[]},{"id":12094558,"name":"Buzzy","tns":[],"alias":[]},{"id":12541056,"name":"泠风","tns":[],"alias":[]}],"alia":[],"pop":100.0,"st":0,"rt":null,"fee":8,"v":3,"crbt":null,"cf":"","al":{"id":74151633,"name":"生于未来PART II","picUrl":"http://p1.music.126.net/jXMGD4miVEutHPLeEyjo3A==/109951163633323007.jpg","tns":[],"pic_str":"109951163633323007","pic":109951163633323007},"dt":260691,"h":{"br":320000,"fid":0,"size":10430215,"vd":-9300.0},"m":{"br":192000,"fid":0,"size":6258146,"vd":-6700.0},"l":{"br":128000,"fid":0,"size":4172112,"vd":-5000.0},"a":null,"cd":"","no":3,"rtUrl":null,"ftype":0,"rtUrls":[],"djId":0,"copyright":2,"s_id":0,"rtype":0,"rurl":null,"mst":9,"cp":0,"mv":0,"publishTime":1540828800007},{"name":"我非王臣","id":1320683464,"pst":0,"t":0,"ar":[{"id":12083175,"name":"排骨教主","tns":[],"alias":[]}],"alia":["网易《率土之滨》手游周年贺曲"],"pop":100.0,"st":0,"rt":null,"fee":0,"v":9,"crbt":null,"cf":"","al":{"id":74070216,"name":"我非王臣","picUrl":"http://p1.music.126.net/5XDxA-Nvlp0DQAdLiRGdjw==/109951163626759644.jpg","tns":[],"pic_str":"109951163626759644","pic":109951163626759644},"dt":220129,"h":{"br":320000,"fid":0,"size":8807489,"vd":-3100.0},"m":{"br":192000,"fid":0,"size":5284511,"vd":-600.0},"l":null,"a":null,"cd":"","no":1,"rtUrl":null,"ftype":0,"rtUrls":[],"djId":0,"copyright":0,"s_id":0,"rtype":0,"rurl":null,"mst":9,"cp":0,"mv":10829024,"publishTime":1540550257739},{"name":"Revelation","id":1318571311,"pst":0,"t":0,"ar":[{"id":45129,"name":"Troye Sivan","tns":[],"alias":[]},{"id":36798,"name":"Jónsi","tns":[],"alias":[]}],"alia":[],"pop":100.0,"st":0,"rt":null,"fee":0,"v":17,"crbt":null,"cf":"","al":{"id":73957689,"name":"Boy Erased (Original Motion Picture Soundtrack)","picUrl":"http://p1.music.126.net/AV-9XMBvojkb47Fo4yAgxA==/109951163612108607.jpg","tns":[],"pic_str":"109951163612108607","pic":109951163612108607},"dt":231214,"h":{"br":320000,"fid":0,"size":9251570,"vd":31500.0},"m":{"br":192000,"fid":0,"size":5550960,"vd":34000.0},"l":{"br":128000,"fid":0,"size":3700654,"vd":30064.0},"a":null,"cd":"1","no":1,"rtUrl":null,"ftype":0,"rtUrls":[],"djId":0,"copyright":2,"s_id":0,"rtype":0,"rurl":null,"mst":9,"cp":0,"mv":0,"publishTime":1540483200007},{"name":"23号杀手","id":1319227268,"pst":0,"t":0,"ar":[{"id":1115075,"name":"西瓜JUN","tns":[],"alias":[]}],"alia":[],"pop":100.0,"st":0,"rt":null,"fee":0,"v":10,"crbt":null,"cf":"","al":{"id":73971409,"name":"我是一个莫得感情的杀手","picUrl":"http://p1.music.126.net/2Os0cvlm96R2eNhExQoroQ==/109951163615438871.jpg","tns":[],"pic_str":"109951163615438871","pic":109951163615438871},"dt":166700,"h":{"br":320000,"fid":0,"size":6675897,"vd":-7000.0},"m":{"br":192000,"fid":0,"size":4005555,"vd":-4500.0},"l":null,"a":null,"cd":"","no":1,"rtUrl":null,"ftype":0,"rtUrls":[],"djId":0,"copyright":2,"s_id":0,"rtype":0,"rurl":null,"mst":9,"cp":0,"mv":0,"publishTime":1540051992156},{"name":"プロローグ","id":1321382214,"pst":0,"t":0,"ar":[{"id":12062125,"name":"Uru","tns":[],"alias":[]}],"alia":["日剧《中学圣日记》主题曲 / TBS系ドラマ「中学聖日記」主題歌"],"pop":90.0,"st":0,"rt":null,"fee":0,"v":3,"crbt":null,"cf":"","al":{"id":74151665,"name":"プロローグ","picUrl":"http://p1.music.126.net/iT6O958hdZgfg3JrCrt-FA==/109951163634899629.jpg","tns":[],"pic_str":"109951163634899629","pic":109951163634899629},"dt":302416,"h":{"br":320000,"fid":0,"size":12097872,"vd":-36800.0},"m":{"br":192000,"fid":0,"size":7258741,"vd":-34300.0},"l":{"br":128000,"fid":0,"size":4839175,"vd":-32500.0},"a":null,"cd":"","no":1,"rtUrl":null,"ftype":0,"rtUrls":[],"djId":0,"copyright":0,"s_id":0,"rtype":0,"rurl":null,"mst":9,"cp":663018,"mv":0,"publishTime":1540828800007},{"name":"世界之旅","id":1321385493,"pst":0,"t":0,"ar":[{"id":29841619,"name":"惜音社","tns":[],"alias":[]},{"id":906118,"name":"洛天依","tns":[],"alias":[]},{"id":1102240,"name":"乐正绫","tns":[],"alias":[]}],"alia":[],"pop":0.0,"st":0,"rt":null,"fee":8,"v":8,"crbt":null,"cf":"","al":{"id":74151795,"name":"世界之旅","picUrl":"http://p1.music.126.net/4gv-6K36Ila7keiIKblWVA==/109951163640848618.jpg","tns":[],"pic_str":"109951163640848618","pic":109951163640848618},"dt":289358,"h":{"br":320000,"fid":0,"size":11576468,"vd":-25100.0},"m":{"br":192000,"fid":0,"size":6945898,"vd":-22500.0},"l":{"br":128000,"fid":0,"size":4630613,"vd":-20700.0},"a":null,"cd":"","no":1,"rtUrl":null,"ftype":0,"rtUrls":[],"djId":0,"copyright":0,"s_id":0,"rtype":0,"rurl":null,"mst":9,"cp":1371818,"mv":0,"publishTime":1541001600007},{"name":"三思而后行 ","id":1313052961,"pst":0,"t":0,"ar":[{"id":12236125,"name":"王以太","tns":[],"alias":[]}],"alia":[],"pop":100.0,"st":0,"rt":null,"fee":8,"v":5,"crbt":null,"cf":"","al":{"id":73468125,"name":"三思而后行","picUrl":"http://p1.music.126.net/oSKtAL0-7TIHLb6lNwCFWA==/109951163588212150.jpg","tns":[],"pic_str":"109951163588212150","pic":109951163588212150},"dt":300409,"h":{"br":320000,"fid":0,"size":12019505,"vd":-2.91},"m":{"br":192000,"fid":0,"size":7211720,"vd":-2.65},"l":{"br":128000,"fid":0,"size":4807828,"vd":-2.47},"a":null,"cd":"1","no":1,"rtUrl":null,"ftype":0,"rtUrls":[],"djId":0,"copyright":0,"s_id":0,"rtype":0,"rurl":null,"mst":9,"cp":1392819,"mv":10803259,"publishTime":1538841600007},{"name":"功夫狂潮","id":1321385242,"pst":0,"t":0,"ar":[{"id":11562,"name":"F.I.R.","tns":[],"alias":[]},{"id":2736,"name":"范逸臣","tns":[],"alias":[]}],"alia":["电影《功夫联盟》宣传主题曲"],"pop":95.0,"st":0,"rt":null,"fee":8,"v":10,"crbt":null,"cf":"","al":{"id":74157690,"name":"功夫狂潮","picUrl":"http://p1.music.126.net/jrK9BrWXulC0Nhd5mn0bJg==/109951163635401476.jpg","tns":[],"pic_str":"109951163635401476","pic":109951163635401476},"dt":223618,"h":{"br":320000,"fid":0,"size":8947505,"vd":-14200.0},"m":{"br":192000,"fid":0,"size":5368520,"vd":-11500.0},"l":{"br":128000,"fid":0,"size":3579028,"vd":-10100.0},"a":null,"cd":"","no":0,"rtUrl":null,"ftype":0,"rtUrls":[],"djId":0,"copyright":0,"s_id":0,"rtype":0,"rurl":null,"mst":9,"cp":677020,"mv":10830158,"publishTime":1541001600007},{"name":"Katharsis","id":1316562362,"pst":0,"t":0,"ar":[{"id":159644,"name":"TK from 凛として時雨","tns":[],"alias":[]}],"alia":[],"pop":100.0,"st":0,"rt":null,"fee":0,"v":4,"crbt":null,"cf":"","al":{"id":73792165,"name":"Katharsis","picUrl":"http://p1.music.126.net/nopk5XwynOcnysxR8FFaTA==/109951163588723817.jpg","tns":[],"pic_str":"109951163588723817","pic":109951163588723817},"dt":262176,"h":{"br":320000,"fid":0,"size":10487685,"vd":-4.0},"m":{"br":192000,"fid":0,"size":6292628,"vd":-4.0},"l":{"br":128000,"fid":0,"size":4195100,"vd":-4.0},"a":null,"cd":"1","no":1,"rtUrl":null,"ftype":0,"rtUrls":[],"djId":0,"copyright":0,"s_id":0,"rtype":0,"rurl":null,"mst":9,"cp":663018,"mv":0,"publishTime":1539100800007},{"name":"一点点","id":1320341933,"pst":0,"t":0,"ar":[{"id":29234325,"name":"lilMoGo","tns":[],"alias":[]},{"id":12760523,"name":"唧唧JIJI","tns":[],"alias":[]}],"alia":[],"pop":100.0,"st":0,"rt":null,"fee":0,"v":23,"crbt":null,"cf":"","al":{"id":74070884,"name":"一点点","picUrl":"http://p1.music.126.net/89vNp60d9JaV_mjEdhoteQ==/109951163624176130.jpg","tns":[],"pic_str":"109951163624176130","pic":109951163624176130},"dt":237551,"h":{"br":320000,"fid":0,"size":9504436,"vd":-14700.0},"m":{"br":192000,"fid":0,"size":5702679,"vd":-12400.0},"l":null,"a":null,"cd":"","no":1,"rtUrl":null,"ftype":0,"rtUrls":[],"djId":0,"copyright":2,"s_id":0,"rtype":0,"rurl":null,"mst":9,"cp":0,"mv":0,"publishTime":1540441850261},{"name":"AYA","id":1320098238,"pst":0,"t":0,"ar":[{"id":13145283,"name":"ICE","tns":[],"alias":[]},{"id":12360194,"name":"SevenGurusFamily","tns":[],"alias":[]}],"alia":[],"pop":100.0,"st":0,"rt":null,"fee":8,"v":11,"crbt":null,"cf":"","al":{"id":74064702,"name":"AYA","picUrl":"http://p1.music.126.net/fdBVaMTG_N0bN5mane1DlQ==/109951163626148965.jpg","tns":[],"pic_str":"109951163626148965","pic":109951163626148965},"dt":168816,"h":null,"m":{"br":192000,"fid":0,"size":4053203,"vd":-28400.0},"l":null,"a":null,"cd":"","no":0,"rtUrl":null,"ftype":0,"rtUrls":[],"djId":0,"copyright":0,"s_id":0,"rtype":0,"rurl":null,"mst":9,"cp":0,"mv":10826104,"publishTime":1540483200007},{"name":"多花一点时间疗伤","id":1318458111,"pst":0,"t":0,"ar":[{"id":4755,"name":"品冠","tns":[],"alias":[]}],"alia":["电视剧《创业时代》插曲"],"pop":100.0,"st":0,"rt":null,"fee":8,"v":4,"crbt":null,"cf":"","al":{"id":73922724,"name":"多花一点时间疗伤","picUrl":"http://p1.music.126.net/jBnHoFeMd90YDZPRKu0GHQ==/109951163608489685.jpg","tns":[],"pic_str":"109951163608489685","pic":109951163608489685},"dt":248302,"h":{"br":320000,"fid":0,"size":9934933,"vd":-0.14},"m":{"br":192000,"fid":0,"size":5960977,"vd":0.12},"l":{"br":128000,"fid":0,"size":3973999,"vd":0.1621},"a":null,"cd":"","no":0,"rtUrl":null,"ftype":0,"rtUrls":[],"djId":0,"copyright":0,"s_id":0,"rtype":0,"rurl":null,"mst":9,"cp":1412830,"mv":0,"publishTime":1540310400007},{"name":"一冷一热","id":1321385023,"pst":0,"t":0,"ar":[{"id":9203,"name":"戚薇","tns":[],"alias":[]}],"alia":[],"pop":100.0,"st":0,"rt":null,"fee":0,"v":4,"crbt":null,"cf":"","al":{"id":74149618,"name":"一冷一热","picUrl":"http://p1.music.126.net/nXB6lFGktpNcQSTanQKkdg==/109951163632949542.jpg","tns":[],"pic_str":"109951163632949542","pic":109951163632949542},"dt":260930,"h":{"br":320000,"fid":0,"size":10439619,"vd":-4300.0},"m":{"br":192000,"fid":0,"size":6263789,"vd":-1500.0},"l":null,"a":null,"cd":"","no":0,"rtUrl":null,"ftype":0,"rtUrls":[],"djId":0,"copyright":0,"s_id":0,"rtype":0,"rurl":null,"mst":9,"cp":12007,"mv":0,"publishTime":1540742400007},{"name":"流光记","id":1314438112,"pst":0,"t":0,"ar":[{"id":188565,"name":"银临","tns":[],"alias":[]}],"alia":[],"pop":100.0,"st":0,"rt":null,"fee":0,"v":6,"crbt":null,"cf":"","al":{"id":73695990,"name":"流光记","picUrl":"http://p1.music.126.net/hMYhT0w-dZ3xWL1FFDDIqw==/109951163580172000.jpg","tns":[],"pic_str":"109951163580172000","pic":109951163580172000},"dt":285000,"h":{"br":320000,"fid":0,"size":11403015,"vd":-1.0},"m":{"br":192000,"fid":0,"size":6841826,"vd":0.0},"l":{"br":128000,"fid":0,"size":4561232,"vd":0.0},"a":null,"cd":"","no":1,"rtUrl":null,"ftype":0,"rtUrls":[],"djId":0,"copyright":0,"s_id":0,"rtype":0,"rurl":null,"mst":9,"cp":0,"mv":0,"publishTime":1538409600000},{"name":"Up All Night","id":1318707590,"pst":0,"t":0,"ar":[{"id":197248,"name":"R3hab","tns":[],"alias":[]},{"id":366384,"name":"MOTI","tns":[],"alias":[]},{"id":13057154,"name":"Fiora","tns":[],"alias":[]}],"alia":[],"pop":100.0,"st":0,"rt":"","fee":8,"v":5,"crbt":null,"cf":"","al":{"id":73969220,"name":"Up All Night","picUrl":"http://p1.music.126.net/J5Yv-zsGnB2cvON-d0bI1Q==/109951163624561534.jpg","tns":[],"pic_str":"109951163624561534","pic":109951163624561534},"dt":161904,"h":{"br":320000,"fid":0,"size":6478411,"vd":-3.0},"m":{"br":192000,"fid":0,"size":3887064,"vd":-3.0},"l":{"br":1013000,"fid":0,"size":6478411,"vd":-3.0},"a":null,"cd":"01","no":1,"rtUrl":null,"ftype":0,"rtUrls":[],"djId":0,"copyright":1,"s_id":0,"rtype":0,"rurl":null,"mst":9,"cp":631010,"mv":10808297,"publishTime":1540483200007},{"name":"唱首歌","id":1320098356,"pst":0,"t":0,"ar":[{"id":189873,"name":"南征北战NZBZ","tns":[],"alias":[]}],"alia":[],"pop":100.0,"st":0,"rt":null,"fee":0,"v":2,"crbt":null,"cf":"","al":{"id":74062724,"name":"唱首歌","picUrl":"http://p1.music.126.net/f-Rl7SKotlH25IRtVKp3sA==/109951163628492721.jpg","tns":[],"pic_str":"109951163628492721","pic":109951163628492721},"dt":215185,"h":{"br":320000,"fid":0,"size":8610003,"vd":-35200.0},"m":{"br":192000,"fid":0,"size":5166019,"vd":-32800.0},"l":null,"a":null,"cd":"","no":0,"rtUrl":null,"ftype":0,"rtUrls":[],"djId":0,"copyright":0,"s_id":0,"rtype":0,"rurl":null,"mst":9,"cp":1382819,"mv":0,"publishTime":1540742400007},{"name":"了解(Knowing)","id":1315169726,"pst":0,"t":0,"ar":[{"id":1079074,"name":"余佳运","tns":[],"alias":[]}],"alia":[],"pop":100.0,"st":0,"rt":null,"fee":8,"v":9,"crbt":null,"cf":"","al":{"id":73728303,"name":"了解(Knowing)","picUrl":"http://p1.music.126.net/pyuYQDkbKX_4RNo0Lg567g==/109951163585051227.jpg","tns":[],"pic_str":"109951163585051227","pic":109951163585051227},"dt":216190,"h":{"br":320000,"fid":0,"size":8650754,"vd":0.0},"m":{"br":192000,"fid":0,"size":5190470,"vd":0.0},"l":{"br":128000,"fid":0,"size":3460328,"vd":0.0},"a":null,"cd":"","no":1,"rtUrl":null,"ftype":0,"rtUrls":[],"djId":0,"copyright":0,"s_id":0,"rtype":0,"rurl":null,"mst":9,"cp":0,"mv":0,"publishTime":1538582400000},{"name":"当我失去你","id":1321036669,"pst":0,"t":0,"ar":[{"id":12471927,"name":"江皓南","tns":[],"alias":[]}],"alia":[],"pop":100.0,"st":0,"rt":null,"fee":0,"v":9,"crbt":null,"cf":"","al":{"id":74126677,"name":"当我失去你","picUrl":"http://p1.music.126.net/wa5mJg_jr8m4s44ojDovEQ==/109951163629679824.jpg","tns":[],"pic_str":"109951163629679824","pic":109951163629679824},"dt":192730,"h":{"br":320000,"fid":0,"size":7711391,"vd":-2.0},"m":{"br":192000,"fid":0,"size":4626852,"vd":-2.0},"l":null,"a":null,"cd":"","no":1,"rtUrl":null,"ftype":0,"rtUrls":[],"djId":0,"copyright":0,"s_id":0,"rtype":0,"rurl":null,"mst":9,"cp":0,"mv":0,"publishTime":1540656000000},{"name":"Shallow","id":1313096578,"pst":0,"t":0,"ar":[{"id":64147,"name":"Lady Gaga","tns":[],"alias":[]},{"id":14802030,"name":"Bradley Cooper","tns":[],"alias":[]}],"alia":[],"pop":100.0,"st":0,"rt":null,"fee":8,"v":212,"crbt":null,"cf":"","al":{"id":73781284,"name":"A Star Is Born Soundtrack","picUrl":"http://p1.music.126.net/EbLtXFu-tH7cPcviTQArqw==/109951163588662572.jpg","tns":[],"pic_str":"109951163588662572","pic":109951163588662572},"dt":215737,"h":{"br":320000,"fid":0,"size":8631946,"vd":-2.0},"m":{"br":192000,"fid":0,"size":5179185,"vd":-2.0},"l":{"br":128000,"fid":0,"size":3452804,"vd":-2.0},"a":null,"cd":"1","no":12,"rtUrl":null,"ftype":0,"rtUrls":[],"djId":0,"copyright":1,"s_id":0,"rtype":0,"rurl":null,"mst":9,"cp":7003,"mv":10798473,"publishTime":1538668800007},{"name":"恰好","id":1318990661,"pst":0,"t":0,"ar":[{"id":7063,"name":"A-Lin","tns":[],"alias":[]}],"alia":["电影《功夫联盟》主题曲"],"pop":100.0,"st":0,"rt":"","fee":8,"v":3,"crbt":null,"cf":"","al":{"id":73990115,"name":"恰好","picUrl":"http://p1.music.126.net/9gSk8b4WnHxOd9j1XxmgHg==/109951163613634777.jpg","tns":[],"pic_str":"109951163613634777","pic":109951163613634777},"dt":255425,"h":{"br":320000,"fid":0,"size":10217056,"vd":-3.0},"m":{"br":192000,"fid":0,"size":6130251,"vd":-2.0},"l":{"br":128000,"fid":0,"size":4086848,"vd":-2.0},"a":null,"cd":"01","no":1,"rtUrl":null,"ftype":0,"rtUrls":[],"djId":0,"copyright":1,"s_id":0,"rtype":0,"rurl":null,"mst":9,"cp":7001,"mv":0,"publishTime":1540137600007},{"name":"悟","id":1317145231,"pst":0,"t":0,"ar":[{"id":964108,"name":"吴亦凡","tns":[],"alias":[]}],"alia":[],"pop":100.0,"st":0,"rt":null,"fee":8,"v":4,"crbt":null,"cf":"","al":{"id":73835851,"name":"悟","picUrl":"http://p1.music.126.net/ZAomLzPn_cjnzK7jluqwUg==/109951163599014315.jpg","tns":[],"pic_str":"109951163599014315","pic":109951163599014315},"dt":212035,"h":{"br":320000,"fid":0,"size":8482525,"vd":-31800.0},"m":{"br":192000,"fid":0,"size":5089533,"vd":-29100.0},"l":{"br":128000,"fid":0,"size":3393036,"vd":-27500.0},"a":null,"cd":"","no":12,"rtUrl":null,"ftype":0,"rtUrls":[],"djId":0,"copyright":1,"s_id":0,"rtype":0,"rurl":null,"mst":9,"cp":7003,"mv":0,"publishTime":1539273600007},{"name":"一半","id":1321673670,"pst":0,"t":0,"ar":[{"id":5795,"name":"熊汝霖","tns":[],"alias":[]}],"alia":["网络剧《双世宠妃2》插曲"],"pop":100.0,"st":0,"rt":"","fee":8,"v":3,"crbt":null,"cf":"","al":{"id":74166309,"name":"一半","picUrl":"http://p1.music.126.net/m6IRbB-Cd4jm8BUlXRUV-g==/109951163636307562.jpg","tns":[],"pic_str":"109951163636307562","pic":109951163636307562},"dt":215079,"h":{"br":320000,"fid":0,"size":8605823,"vd":-12300.0},"m":{"br":192000,"fid":0,"size":5163511,"vd":-9800.0},"l":{"br":128000,"fid":0,"size":3442355,"vd":-8100.0},"a":null,"cd":"01","no":1,"rtUrl":null,"ftype":0,"rtUrls":[],"djId":0,"copyright":1,"s_id":0,"rtype":0,"rurl":null,"mst":9,"cp":563015,"mv":0,"publishTime":1540915200000}],"trackIds":[{"id":1293886117,"v":12,"lr":0},{"id":1318234987,"v":8,"lr":2},{"id":1321382242,"v":5,"lr":1},{"id":1320185104,"v":5,"lr":3},{"id":1320098329,"v":5,"lr":4},{"id":1318235595,"v":13,"lr":5},{"id":1316563427,"v":7,"lr":7},{"id":1321876218,"v":7},{"id":1318610333,"v":2,"lr":10},{"id":1321382056,"v":2,"lr":6},{"id":1318879277,"v":2,"lr":8},{"id":1321382025,"v":9,"lr":9},{"id":1319225007,"v":8,"lr":11},{"id":1321385420,"v":8},{"id":1318571230,"v":13,"lr":12},{"id":1321874435,"v":10},{"id":1313052960,"v":8,"lr":16},{"id":1318920989,"v":3,"lr":13},{"id":1309814115,"v":25,"lr":17},{"id":1322051637,"v":5},{"id":1317145419,"v":9,"lr":20},{"id":1318284264,"v":2,"lr":19},{"id":1321424058,"v":2,"lr":15},{"id":1318430037,"v":5,"lr":26},{"id":1321382356,"v":4},{"id":1321385182,"v":3},{"id":1321424397,"v":11},{"id":1318156992,"v":9,"lr":28},{"id":1318877064,"v":2,"lr":29},{"id":1320098188,"v":4,"lr":24},{"id":1319893733,"v":6,"lr":18},{"id":1321382163,"v":4,"lr":21},{"id":1321391025,"v":2,"lr":25},{"id":1321385073,"v":2,"lr":23},{"id":1317135273,"v":68,"lr":30},{"id":1317410245,"v":15,"lr":34},{"id":1321382268,"v":7},{"id":1314780499,"v":13,"lr":37},{"id":1300595161,"v":53,"lr":32},{"id":1321382274,"v":4,"lr":14},{"id":1320100071,"v":2,"lr":35},{"id":1315869410,"v":11},{"id":1313107926,"v":2,"lr":39},{"id":1320101383,"v":62,"lr":31},{"id":1319689130,"v":2,"lr":38},{"id":1318075164,"v":1},{"id":1318524155,"v":5,"lr":43},{"id":1321382251,"v":4,"lr":36},{"id":1316479227,"v":23,"lr":48},{"id":1321786856,"v":13},{"id":1321518222,"v":5,"lr":41},{"id":1313102808,"v":2,"lr":49},{"id":1318568346,"v":9,"lr":47},{"id":1321382275,"v":2,"lr":22},{"id":1321382023,"v":71,"lr":42},{"id":1321382259,"v":4,"lr":33},{"id":1321446580,"v":11,"lr":45},{"id":1321378753,"v":55},{"id":1313897816,"v":7,"lr":61},{"id":1321392023,"v":2,"lr":40},{"id":1321173464,"v":4,"lr":46},{"id":1322021150,"v":2},{"id":1317457541,"v":2,"lr":51},{"id":1305547844,"v":10,"lr":54},{"id":1318611237,"v":6,"lr":58},{"id":1321841207,"v":9},{"id":1318571177,"v":2,"lr":56},{"id":1318877229,"v":7,"lr":57},{"id":1315696918,"v":2,"lr":55},{"id":1318880227,"v":4},{"id":1321905433,"v":7},{"id":1318880077,"v":63,"lr":62},{"id":1318879167,"v":3,"lr":59},{"id":1320098325,"v":5,"lr":53},{"id":1317145638,"v":3,"lr":68},{"id":1321382028,"v":2,"lr":50},{"id":1317410848,"v":5,"lr":67},{"id":1318317503,"v":2},{"id":1321385074,"v":3,"lr":52},{"id":1320683464,"v":9,"lr":63},{"id":1318571311,"v":17,"lr":82},{"id":1319227268,"v":10,"lr":75},{"id":1321382214,"v":3,"lr":70},{"id":1321385493,"v":8},{"id":1313052961,"v":5,"lr":83},{"id":1321385242,"v":10},{"id":1316562362,"v":4,"lr":85},{"id":1320341933,"v":23},{"id":1320098238,"v":11,"lr":71},{"id":1318458111,"v":4,"lr":81},{"id":1321385023,"v":4,"lr":69},{"id":1314438112,"v":6,"lr":94},{"id":1318707590,"v":5,"lr":78},{"id":1320098356,"v":2,"lr":65},{"id":1315169726,"v":9,"lr":92},{"id":1321036669,"v":9,"lr":74},{"id":1313096578,"v":212,"lr":91},{"id":1318990661,"v":3,"lr":90},{"id":1317145231,"v":4,"lr":96},{"id":1321673670,"v":3}],"createTime":1378721398225,"highQuality":false,"newImported":false,"userId":1,"updateTime":1541119273388,"coverImgId":18713687906568048,"trackUpdateTime":1541184074070,"specialType":10,"trackCount":100,"commentThreadId":"A_PL_0_3779629","privacy":0,"coverImgUrl":"http://p4.music.126.net/N2HO5xfYEqyQ8q6oxCw8IQ==/18713687906568048.jpg","playCount":893838400,"adType":0,"trackNumberUpdateTime":1541119225172,"subscribedCount":1099206,"cloudTrackCount":0,"ordered":true,"tags":[],"description":"云音乐新歌榜：云音乐用户一周内收听所有新歌（一月内最新发行） 官方TOP排行榜，每天更新。","status":0,"name":"云音乐新歌榜","id":3779629,"shareCount":5606,"coverImgId_str":"18713687906568048","ToplistType":"N","commentCount":105244},"code":200,"privileges":[{"id":1293886117,"fee":8,"payed":0,"st":0,"pl":128000,"dl":0,"sp":7,"cp":1,"subp":1,"cs":false,"maxbr":320000,"fl":128000,"toast":false,"flag":4,"preSell":false},{"id":1318234987,"fee":8,"payed":0,"st":0,"pl":128000,"dl":0,"sp":7,"cp":1,"subp":1,"cs":false,"maxbr":320000,"fl":128000,"toast":false,"flag":4,"preSell":false},{"id":1321382242,"fee":8,"payed":0,"st":0,"pl":128000,"dl":0,"sp":7,"cp":1,"subp":1,"cs":false,"maxbr":999000,"fl":128000,"toast":false,"flag":0,"preSell":false},{"id":1320185104,"fee":8,"payed":0,"st":0,"pl":128000,"dl":0,"sp":7,"cp":1,"subp":1,"cs":false,"maxbr":320000,"fl":128000,"toast":false,"flag":132,"preSell":false},{"id":1320098329,"fee":8,"payed":0,"st":0,"pl":128000,"dl":0,"sp":7,"cp":1,"subp":1,"cs":false,"maxbr":999000,"fl":128000,"toast":false,"flag":0,"preSell":false},{"id":1318235595,"fee":8,"payed":0,"st":0,"pl":128000,"dl":0,"sp":7,"cp":1,"subp":1,"cs":false,"maxbr":320000,"fl":128000,"toast":false,"flag":4,"preSell":false},{"id":1316563427,"fee":8,"payed":0,"st":0,"pl":128000,"dl":0,"sp":7,"cp":1,"subp":1,"cs":false,"maxbr":999000,"fl":128000,"toast":false,"flag":4,"preSell":false},{"id":1321876218,"fee":0,"payed":0,"st":0,"pl":320000,"dl":0,"sp":7,"cp":1,"subp":1,"cs":false,"maxbr":320000,"fl":128000,"toast":false,"flag":0,"preSell":false},{"id":1318610333,"fee":0,"payed":0,"st":0,"pl":320000,"dl":320000,"sp":7,"cp":1,"subp":1,"cs":false,"maxbr":999000,"fl":320000,"toast":false,"flag":128,"preSell":false},{"id":1321382056,"fee":8,"payed":0,"st":0,"pl":128000,"dl":0,"sp":7,"cp":1,"subp":1,"cs":false,"maxbr":999000,"fl":128000,"toast":false,"flag":0,"preSell":false},{"id":1318879277,"fee":8,"payed":0,"st":0,"pl":128000,"dl":0,"sp":7,"cp":1,"subp":1,"cs":false,"maxbr":999000,"fl":128000,"toast":false,"flag":0,"preSell":false},{"id":1321382025,"fee":0,"payed":0,"st":0,"pl":320000,"dl":0,"sp":7,"cp":1,"subp":1,"cs":false,"maxbr":320000,"fl":128000,"toast":false,"flag":0,"preSell":false},{"id":1319225007,"fee":8,"payed":0,"st":0,"pl":128000,"dl":0,"sp":7,"cp":1,"subp":1,"cs":false,"maxbr":999000,"fl":128000,"toast":false,"flag":0,"preSell":false},{"id":1321385420,"fee":0,"payed":0,"st":0,"pl":320000,"dl":320000,"sp":7,"cp":1,"subp":1,"cs":false,"maxbr":999000,"fl":320000,"toast":false,"flag":0,"preSell":false},{"id":1318571230,"fee":8,"payed":0,"st":0,"pl":128000,"dl":0,"sp":7,"cp":1,"subp":1,"cs":false,"maxbr":999000,"fl":128000,"toast":false,"flag":256,"preSell":false},{"id":1321874435,"fee":0,"payed":0,"st":0,"pl":320000,"dl":320000,"sp":7,"cp":1,"subp":1,"cs":false,"maxbr":999000,"fl":320000,"toast":false,"flag":128,"preSell":false},{"id":1313052960,"fee":8,"payed":0,"st":0,"pl":128000,"dl":0,"sp":7,"cp":1,"subp":1,"cs":false,"maxbr":999000,"fl":128000,"toast":false,"flag":0,"preSell":false},{"id":1318920989,"fee":16,"payed":0,"st":0,"pl":0,"dl":0,"sp":0,"cp":0,"subp":0,"cs":false,"maxbr":320000,"fl":0,"toast":false,"flag":128,"preSell":false},{"id":1309814115,"fee":8,"payed":0,"st":0,"pl":128000,"dl":0,"sp":7,"cp":1,"subp":1,"cs":false,"maxbr":999000,"fl":128000,"toast":false,"flag":0,"preSell":false},{"id":1322051637,"fee":8,"payed":0,"st":0,"pl":128000,"dl":0,"sp":7,"cp":1,"subp":1,"cs":false,"maxbr":320000,"fl":128000,"toast":false,"flag":132,"preSell":false},{"id":1317145419,"fee":8,"payed":0,"st":0,"pl":128000,"dl":0,"sp":7,"cp":1,"subp":1,"cs":false,"maxbr":999000,"fl":128000,"toast":false,"flag":0,"preSell":false},{"id":1318284264,"fee":8,"payed":0,"st":0,"pl":128000,"dl":0,"sp":7,"cp":1,"subp":1,"cs":false,"maxbr":999000,"fl":128000,"toast":false,"flag":0,"preSell":false},{"id":1321424058,"fee":8,"payed":0,"st":0,"pl":128000,"dl":0,"sp":7,"cp":1,"subp":1,"cs":false,"maxbr":999000,"fl":128000,"toast":false,"flag":4,"preSell":false},{"id":1318430037,"fee":8,"payed":0,"st":0,"pl":128000,"dl":0,"sp":7,"cp":1,"subp":1,"cs":false,"maxbr":999000,"fl":128000,"toast":false,"flag":0,"preSell":false},{"id":1321382356,"fee":8,"payed":0,"st":0,"pl":128000,"dl":0,"sp":7,"cp":1,"subp":1,"cs":false,"maxbr":999000,"fl":128000,"toast":false,"flag":0,"preSell":false},{"id":1321385182,"fee":8,"payed":0,"st":0,"pl":128000,"dl":0,"sp":7,"cp":1,"subp":1,"cs":false,"maxbr":999000,"fl":128000,"toast":false,"flag":0,"preSell":false},{"id":1321424397,"fee":8,"payed":0,"st":0,"pl":128000,"dl":0,"sp":7,"cp":1,"subp":1,"cs":false,"maxbr":320000,"fl":128000,"toast":false,"flag":4,"preSell":false},{"id":1318156992,"fee":8,"payed":0,"st":0,"pl":128000,"dl":0,"sp":7,"cp":1,"subp":1,"cs":false,"maxbr":320000,"fl":128000,"toast":false,"flag":0,"preSell":false},{"id":1318877064,"fee":0,"payed":0,"st":0,"pl":320000,"dl":320000,"sp":7,"cp":1,"subp":1,"cs":false,"maxbr":999000,"fl":320000,"toast":false,"flag":128,"preSell":false},{"id":1320098188,"fee":8,"payed":0,"st":0,"pl":128000,"dl":0,"sp":7,"cp":1,"subp":1,"cs":false,"maxbr":999000,"fl":128000,"toast":false,"flag":0,"preSell":false},{"id":1319893733,"fee":8,"payed":0,"st":0,"pl":128000,"dl":0,"sp":7,"cp":1,"subp":1,"cs":false,"maxbr":320000,"fl":128000,"toast":false,"flag":4,"preSell":false},{"id":1321382163,"fee":8,"payed":0,"st":0,"pl":128000,"dl":0,"sp":7,"cp":1,"subp":1,"cs":false,"maxbr":999000,"fl":128000,"toast":false,"flag":2,"preSell":false},{"id":1321391025,"fee":8,"payed":0,"st":0,"pl":128000,"dl":0,"sp":7,"cp":1,"subp":1,"cs":false,"maxbr":999000,"fl":128000,"toast":false,"flag":0,"preSell":false},{"id":1321385073,"fee":8,"payed":0,"st":0,"pl":128000,"dl":0,"sp":7,"cp":1,"subp":1,"cs":false,"maxbr":999000,"fl":128000,"toast":false,"flag":0,"preSell":false},{"id":1317135273,"fee":0,"payed":0,"st":0,"pl":320000,"dl":320000,"sp":7,"cp":1,"subp":1,"cs":false,"maxbr":320000,"fl":320000,"toast":false,"flag":128,"preSell":false},{"id":1317410245,"fee":8,"payed":0,"st":0,"pl":128000,"dl":0,"sp":7,"cp":1,"subp":1,"cs":false,"maxbr":999000,"fl":128000,"toast":false,"flag":0,"preSell":false},{"id":1321382268,"fee":8,"payed":0,"st":0,"pl":128000,"dl":0,"sp":7,"cp":1,"subp":1,"cs":false,"maxbr":999000,"fl":128000,"toast":false,"flag":0,"preSell":false},{"id":1314780499,"fee":8,"payed":0,"st":0,"pl":128000,"dl":0,"sp":7,"cp":1,"subp":1,"cs":false,"maxbr":999000,"fl":128000,"toast":false,"flag":4,"preSell":false},{"id":1300595161,"fee":8,"payed":0,"st":0,"pl":128000,"dl":0,"sp":7,"cp":1,"subp":1,"cs":false,"maxbr":999000,"fl":128000,"toast":false,"flag":0,"preSell":false},{"id":1321382274,"fee":8,"payed":0,"st":0,"pl":128000,"dl":0,"sp":7,"cp":1,"subp":1,"cs":false,"maxbr":999000,"fl":128000,"toast":false,"flag":2,"preSell":false},{"id":1320100071,"fee":8,"payed":0,"st":0,"pl":128000,"dl":0,"sp":7,"cp":1,"subp":1,"cs":false,"maxbr":999000,"fl":128000,"toast":false,"flag":0,"preSell":false},{"id":1315869410,"fee":0,"payed":0,"st":0,"pl":320000,"dl":320000,"sp":7,"cp":1,"subp":1,"cs":false,"maxbr":999000,"fl":320000,"toast":false,"flag":128,"preSell":false},{"id":1313107926,"fee":0,"payed":0,"st":0,"pl":320000,"dl":320000,"sp":7,"cp":1,"subp":1,"cs":false,"maxbr":999000,"fl":320000,"toast":false,"flag":128,"preSell":false},{"id":1320101383,"fee":8,"payed":0,"st":0,"pl":128000,"dl":0,"sp":7,"cp":1,"subp":1,"cs":false,"maxbr":999000,"fl":128000,"toast":false,"flag":0,"preSell":false},{"id":1319689130,"fee":8,"payed":0,"st":0,"pl":128000,"dl":0,"sp":7,"cp":1,"subp":1,"cs":false,"maxbr":999000,"fl":128000,"toast":false,"flag":0,"preSell":false},{"id":1318075164,"fee":8,"payed":0,"st":0,"pl":128000,"dl":0,"sp":7,"cp":1,"subp":1,"cs":false,"maxbr":999000,"fl":128000,"toast":false,"flag":260,"preSell":false},{"id":1318524155,"fee":8,"payed":0,"st":0,"pl":128000,"dl":0,"sp":7,"cp":1,"subp":1,"cs":false,"maxbr":320000,"fl":128000,"toast":false,"flag":4,"preSell":false},{"id":1321382251,"fee":0,"payed":0,"st":0,"pl":320000,"dl":320000,"sp":7,"cp":1,"subp":1,"cs":false,"maxbr":320000,"fl":320000,"toast":false,"flag":128,"preSell":false},{"id":1316479227,"fee":0,"payed":0,"st":0,"pl":320000,"dl":320000,"sp":7,"cp":1,"subp":1,"cs":false,"maxbr":320000,"fl":320000,"toast":false,"flag":128,"preSell":false},{"id":1321786856,"fee":0,"payed":0,"st":0,"pl":320000,"dl":320000,"sp":7,"cp":1,"subp":1,"cs":false,"maxbr":999000,"fl":320000,"toast":false,"flag":128,"preSell":false},{"id":1321518222,"fee":0,"payed":0,"st":0,"pl":320000,"dl":320000,"sp":7,"cp":1,"subp":1,"cs":false,"maxbr":999000,"fl":320000,"toast":false,"flag":0,"preSell":false},{"id":1313102808,"fee":0,"payed":0,"st":0,"pl":320000,"dl":320000,"sp":7,"cp":1,"subp":1,"cs":false,"maxbr":999000,"fl":320000,"toast":false,"flag":128,"preSell":false},{"id":1318568346,"fee":8,"payed":0,"st":0,"pl":128000,"dl":0,"sp":7,"cp":1,"subp":1,"cs":false,"maxbr":999000,"fl":128000,"toast":false,"flag":0,"preSell":false},{"id":1321382275,"fee":8,"payed":0,"st":0,"pl":128000,"dl":0,"sp":7,"cp":1,"subp":1,"cs":false,"maxbr":999000,"fl":128000,"toast":false,"flag":0,"preSell":false},{"id":1321382023,"fee":0,"payed":0,"st":0,"pl":320000,"dl":320000,"sp":7,"cp":1,"subp":1,"cs":false,"maxbr":320000,"fl":320000,"toast":false,"flag":128,"preSell":false},{"id":1321382259,"fee":8,"payed":0,"st":0,"pl":128000,"dl":0,"sp":7,"cp":1,"subp":1,"cs":false,"maxbr":999000,"fl":128000,"toast":false,"flag":0,"preSell":false},{"id":1321446580,"fee":8,"payed":0,"st":0,"pl":128000,"dl":0,"sp":7,"cp":1,"subp":1,"cs":false,"maxbr":999000,"fl":128000,"toast":false,"flag":2,"preSell":false},{"id":1321378753,"fee":0,"payed":0,"st":0,"pl":320000,"dl":320000,"sp":7,"cp":1,"subp":1,"cs":false,"maxbr":999000,"fl":320000,"toast":false,"flag":0,"preSell":false},{"id":1313897816,"fee":8,"payed":0,"st":0,"pl":128000,"dl":0,"sp":7,"cp":1,"subp":1,"cs":false,"maxbr":999000,"fl":128000,"toast":false,"flag":2,"preSell":false},{"id":1321392023,"fee":8,"payed":0,"st":0,"pl":128000,"dl":0,"sp":7,"cp":1,"subp":1,"cs":false,"maxbr":999000,"fl":128000,"toast":false,"flag":0,"preSell":false},{"id":1321173464,"fee":0,"payed":0,"st":0,"pl":320000,"dl":320000,"sp":7,"cp":1,"subp":1,"cs":false,"maxbr":320000,"fl":320000,"toast":false,"flag":128,"preSell":false},{"id":1322021150,"fee":8,"payed":0,"st":0,"pl":128000,"dl":0,"sp":7,"cp":1,"subp":1,"cs":false,"maxbr":320000,"fl":128000,"toast":false,"flag":132,"preSell":false},{"id":1317457541,"fee":0,"payed":0,"st":0,"pl":320000,"dl":320000,"sp":7,"cp":1,"subp":1,"cs":false,"maxbr":999000,"fl":320000,"toast":false,"flag":128,"preSell":false},{"id":1305547844,"fee":8,"payed":0,"st":0,"pl":128000,"dl":0,"sp":7,"cp":1,"subp":1,"cs":false,"maxbr":320000,"fl":128000,"toast":false,"flag":4,"preSell":false},{"id":1318611237,"fee":8,"payed":0,"st":0,"pl":128000,"dl":0,"sp":7,"cp":1,"subp":1,"cs":false,"maxbr":320000,"fl":128000,"toast":false,"flag":132,"preSell":false},{"id":1321841207,"fee":0,"payed":0,"st":0,"pl":320000,"dl":320000,"sp":7,"cp":1,"subp":1,"cs":false,"maxbr":320000,"fl":320000,"toast":false,"flag":0,"preSell":false},{"id":1318571177,"fee":8,"payed":0,"st":0,"pl":128000,"dl":0,"sp":7,"cp":1,"subp":1,"cs":false,"maxbr":999000,"fl":128000,"toast":false,"flag":0,"preSell":false},{"id":1318877229,"fee":8,"payed":0,"st":0,"pl":128000,"dl":0,"sp":7,"cp":1,"subp":1,"cs":false,"maxbr":999000,"fl":128000,"toast":false,"flag":2,"preSell":false},{"id":1315696918,"fee":8,"payed":0,"st":0,"pl":128000,"dl":0,"sp":7,"cp":1,"subp":1,"cs":false,"maxbr":320000,"fl":128000,"toast":false,"flag":132,"preSell":false},{"id":1318880227,"fee":8,"payed":0,"st":0,"pl":128000,"dl":0,"sp":7,"cp":1,"subp":1,"cs":false,"maxbr":999000,"fl":128000,"toast":false,"flag":0,"preSell":false},{"id":1321905433,"fee":8,"payed":0,"st":0,"pl":128000,"dl":0,"sp":7,"cp":1,"subp":1,"cs":false,"maxbr":320000,"fl":128000,"toast":false,"flag":4,"preSell":false},{"id":1318880077,"fee":0,"payed":0,"st":0,"pl":320000,"dl":320000,"sp":7,"cp":1,"subp":1,"cs":false,"maxbr":320000,"fl":320000,"toast":false,"flag":128,"preSell":false},{"id":1318879167,"fee":8,"payed":0,"st":0,"pl":128000,"dl":0,"sp":7,"cp":1,"subp":1,"cs":false,"maxbr":999000,"fl":128000,"toast":false,"flag":0,"preSell":false},{"id":1320098325,"fee":8,"payed":0,"st":0,"pl":128000,"dl":0,"sp":7,"cp":1,"subp":1,"cs":false,"maxbr":999000,"fl":128000,"toast":false,"flag":0,"preSell":false},{"id":1317145638,"fee":8,"payed":0,"st":0,"pl":128000,"dl":0,"sp":7,"cp":1,"subp":1,"cs":false,"maxbr":999000,"fl":128000,"toast":false,"flag":256,"preSell":false},{"id":1321382028,"fee":8,"payed":0,"st":0,"pl":128000,"dl":0,"sp":7,"cp":1,"subp":1,"cs":false,"maxbr":999000,"fl":128000,"toast":false,"flag":0,"preSell":false},{"id":1317410848,"fee":8,"payed":0,"st":0,"pl":128000,"dl":0,"sp":7,"cp":1,"subp":1,"cs":false,"maxbr":999000,"fl":128000,"toast":false,"flag":0,"preSell":false},{"id":1318317503,"fee":8,"payed":0,"st":0,"pl":128000,"dl":0,"sp":7,"cp":1,"subp":1,"cs":false,"maxbr":999000,"fl":128000,"toast":false,"flag":260,"preSell":false},{"id":1321385074,"fee":8,"payed":0,"st":0,"pl":128000,"dl":0,"sp":7,"cp":1,"subp":1,"cs":false,"maxbr":999000,"fl":128000,"toast":false,"flag":0,"preSell":false},{"id":1320683464,"fee":0,"payed":0,"st":0,"pl":320000,"dl":320000,"sp":7,"cp":1,"subp":1,"cs":false,"maxbr":999000,"fl":320000,"toast":false,"flag":128,"preSell":false},{"id":1318571311,"fee":0,"payed":0,"st":0,"pl":320000,"dl":320000,"sp":7,"cp":1,"subp":1,"cs":false,"maxbr":999000,"fl":320000,"toast":false,"flag":128,"preSell":false},{"id":1319227268,"fee":0,"payed":0,"st":0,"pl":320000,"dl":320000,"sp":7,"cp":1,"subp":1,"cs":false,"maxbr":320000,"fl":320000,"toast":false,"flag":0,"preSell":false},{"id":1321382214,"fee":0,"payed":0,"st":0,"pl":320000,"dl":320000,"sp":7,"cp":1,"subp":1,"cs":false,"maxbr":320000,"fl":320000,"toast":false,"flag":128,"preSell":false},{"id":1321385493,"fee":8,"payed":0,"st":0,"pl":128000,"dl":0,"sp":7,"cp":1,"subp":1,"cs":false,"maxbr":999000,"fl":128000,"toast":false,"flag":0,"preSell":false},{"id":1313052961,"fee":8,"payed":0,"st":0,"pl":128000,"dl":0,"sp":7,"cp":1,"subp":1,"cs":false,"maxbr":999000,"fl":128000,"toast":false,"flag":128,"preSell":false},{"id":1321385242,"fee":8,"payed":0,"st":0,"pl":128000,"dl":0,"sp":7,"cp":1,"subp":1,"cs":false,"maxbr":999000,"fl":128000,"toast":false,"flag":0,"preSell":false},{"id":1316562362,"fee":0,"payed":0,"st":0,"pl":320000,"dl":320000,"sp":7,"cp":1,"subp":1,"cs":false,"maxbr":320000,"fl":320000,"toast":false,"flag":128,"preSell":false},{"id":1320341933,"fee":0,"payed":0,"st":0,"pl":320000,"dl":320000,"sp":7,"cp":1,"subp":1,"cs":false,"maxbr":999000,"fl":320000,"toast":false,"flag":128,"preSell":false},{"id":1320098238,"fee":8,"payed":0,"st":0,"pl":128000,"dl":0,"sp":7,"cp":1,"subp":1,"cs":false,"maxbr":192000,"fl":128000,"toast":false,"flag":128,"preSell":false},{"id":1318458111,"fee":8,"payed":0,"st":0,"pl":128000,"dl":0,"sp":7,"cp":1,"subp":1,"cs":false,"maxbr":999000,"fl":128000,"toast":false,"flag":0,"preSell":false},{"id":1321385023,"fee":0,"payed":0,"st":0,"pl":320000,"dl":320000,"sp":7,"cp":1,"subp":1,"cs":false,"maxbr":999000,"fl":320000,"toast":false,"flag":0,"preSell":false},{"id":1314438112,"fee":0,"payed":0,"st":0,"pl":320000,"dl":320000,"sp":7,"cp":1,"subp":1,"cs":false,"maxbr":999000,"fl":320000,"toast":false,"flag":0,"preSell":false},{"id":1318707590,"fee":8,"payed":0,"st":0,"pl":128000,"dl":0,"sp":7,"cp":1,"subp":1,"cs":false,"maxbr":999000,"fl":128000,"toast":false,"flag":260,"preSell":false},{"id":1320098356,"fee":0,"payed":0,"st":0,"pl":320000,"dl":320000,"sp":7,"cp":1,"subp":1,"cs":false,"maxbr":999000,"fl":320000,"toast":false,"flag":0,"preSell":false},{"id":1315169726,"fee":8,"payed":0,"st":0,"pl":128000,"dl":0,"sp":7,"cp":1,"subp":1,"cs":false,"maxbr":999000,"fl":128000,"toast":false,"flag":0,"preSell":false},{"id":1321036669,"fee":0,"payed":0,"st":0,"pl":320000,"dl":320000,"sp":7,"cp":1,"subp":1,"cs":false,"maxbr":999000,"fl":320000,"toast":false,"flag":2,"preSell":false},{"id":1313096578,"fee":8,"payed":0,"st":0,"pl":128000,"dl":0,"sp":7,"cp":1,"subp":1,"cs":false,"maxbr":999000,"fl":128000,"toast":false,"flag":4,"preSell":false},{"id":1318990661,"fee":8,"payed":0,"st":0,"pl":128000,"dl":0,"sp":7,"cp":1,"subp":1,"cs":false,"maxbr":320000,"fl":128000,"toast":false,"flag":132,"preSell":false},{"id":1317145231,"fee":8,"payed":0,"st":0,"pl":128000,"dl":0,"sp":7,"cp":1,"subp":1,"cs":false,"maxbr":320000,"fl":128000,"toast":false,"flag":4,"preSell":false},{"id":1321673670,"fee":8,"payed":0,"st":0,"pl":128000,"dl":0,"sp":7,"cp":1,"subp":1,"cs":false,"maxbr":999000,"fl":128000,"toast":false,"flag":128,"preSell":false}]}