{"playlist":{"subscribers":[],"subscribed":false,"creator":{"defaultAvatar":false,"province":440000,"authStatus":1,"followed":false,"avatarUrl":"http://p1.music.126.net/ps6WTvt1FnbOoYvUPDdzOA==/3394192433248383.jpg","accountStatus":0,"gender":2,"city":440100,"birthday":1347033600000,"userId":201586,"userType":4,"nickname":"原创君","signature":"关注我，聆听更多有质感的原创音乐。点击专栏可浏览更多音乐人精彩专题和独家专访。想要成为网易音乐人？在云音乐网页版导航点击音乐人进入申请即可。","description":"","detailDescription":"","avatarImgId":3394192433248383,"backgroundImgId":109951163521987363,"backgroundUrl":"http://p1.music.126.net/6WOd8M2uPlfuu9TCiBCSMw==/109951163521987363.jpg","authority":0,"mutual":false,"expertTags":null,"experts":null,"djStatus":0,"vipType":11,"remarkName":null,"backgroundImgIdStr":"109951163521987363","avatarImgIdStr":"3394192433248383"},"tracks":[{"name":"麻木","id":1318571189,"pst":0,"t":0,"ar":[{"id":12174110,"name":"崔开潮","tns":[],"alias":[]}],"alia":[],"pop":100.0,"st":0,"rt":null,"fee":8,"v":11,"crbt":null,"cf":"","al":{"id":73962656,"name":"智齿","picUrl":"http://p2.music.126.net/btQw6bXEfaFXxj7J1nTFrA==/109951163638065691.jpg","tns":[],"pic_str":"109951163638065691","pic":109951163638065691},"dt":170386,"h":{"br":320000,"fid":0,"size":6818003,"vd":15435.0},"m":{"br":192000,"fid":0,"size":4090819,"vd":18081.0},"l":{"br":128000,"fid":0,"size":2727227,"vd":20477.0},"a":null,"cd":"","no":6,"rtUrl":null,"ftype":0,"rtUrls":[],"djId":0,"copyright":1,"s_id":0,"mv":0,"rtype":0,"rurl":null,"mst":9,"cp":0,"publishTime":1541001600007},{"name":"都市寻情记","id":1321391025,"pst":0,"t":0,"ar":[{"id":1050364,"name":"Yee","tns":[],"alias":[]}],"alia":[],"pop":100.0,"st":0,"rt":null,"fee":8,"v":2,"crbt":null,"cf":"","al":{"id":74150620,"name":"Y","picUrl":"http://p2.music.126.net/4_6WEE_4lgMIlzgoJCNBtQ==/109951163632970845.jpg","tns":[],"pic_str":"109951163632970845","pic":109951163632970845},"dt":162909,"h":{"br":320000,"fid":0,"size":6519162,"vd":-3400.0},"m":{"br":192000,"fid":0,"size":3911515,"vd":-700.0},"l":{"br":128000,"fid":0,"size":2607691,"vd":-2.0},"a":null,"cd":"","no":5,"rtUrl":null,"ftype":0,"rtUrls":[],"djId":0,"copyright":2,"s_id":0,"mv":0,"rtype":0,"rurl":null,"mst":9,"cp":0,"publishTime":1540828800007},{"name":"比你更爱我的人","id":1321518222,"pst":0,"t":0,"ar":[{"id":12077204,"name":"陈壹千","tns":[],"alias":[]}],"alia":[],"pop":100.0,"st":0,"rt":null,"fee":0,"v":5,"crbt":null,"cf":"","al":{"id":74127508,"name":"比你更爱我的人","picUrl":"http://p2.music.126.net/sy41gb7mc5yyVfxUIReLlg==/109951163634446536.jpg","tns":[],"pic_str":"109951163634446536","pic":109951163634446536},"dt":261210,"h":{"br":320000,"fid":0,"size":10451113,"vd":-25200.0},"m":{"br":192000,"fid":0,"size":6270685,"vd":-22700.0},"l":{"br":128000,"fid":0,"size":4180471,"vd":-21000.0},"a":null,"cd":"","no":1,"rtUrl":null,"ftype":0,"rtUrls":[],"djId":0,"copyright":0,"s_id":0,"mv":0,"rtype":0,"rurl":null,"mst":9,"cp":0,"publishTime":1540830749562},{"name":"海浪","id":1320101152,"pst":0,"t":0,"ar":[{"id":12463331,"name":"Deca Joins","tns":[],"alias":[]}],"alia":[],"pop":100.0,"st":0,"rt":null,"fee":8,"v":13,"crbt":null,"cf":"","al":{"id":74061668,"name":"Go Slow","picUrl":"http://p2.music.126.net/keaGuXt2tHp8ekRlzfSORA==/109951163624013358.jpg","tns":[],"pic_str":"109951163624013358","pic":109951163624013358},"dt":322333,"h":{"br":320000,"fid":0,"size":12896174,"vd":5977.0},"m":{"br":192000,"fid":0,"size":7737722,"vd":6008.0},"l":null,"a":null,"cd":"","no":1,"rtUrl":null,"ftype":0,"rtUrls":[],"djId":0,"copyright":0,"s_id":0,"mv":10823077,"rtype":0,"rurl":null,"mst":9,"cp":1400821,"publishTime":1540483200007,"tns":["Wave"]},{"name":"梧桐","id":1321446580,"pst":0,"t":0,"ar":[{"id":12083155,"name":"唐映枫","tns":[],"alias":[]},{"id":30482889,"name":"黄楚桐","tns":[],"alias":[]}],"alia":[],"pop":100.0,"st":0,"rt":null,"fee":8,"v":11,"crbt":null,"cf":"","al":{"id":74132937,"name":"梧桐","picUrl":"http://p2.music.126.net/dVhZQP3Z013EaC1sukANaQ==/109951163633504772.jpg","tns":[],"pic_str":"109951163633504772","pic":109951163633504772},"dt":333133,"h":{"br":320000,"fid":0,"size":13327717,"vd":1529.0},"m":{"br":192000,"fid":0,"size":7996648,"vd":3408.0},"l":{"br":128000,"fid":0,"size":5331113,"vd":3048.0},"a":null,"cd":"","no":1,"rtUrl":null,"ftype":0,"rtUrls":[],"djId":0,"copyright":0,"s_id":0,"mv":0,"rtype":0,"rurl":null,"mst":9,"cp":0,"publishTime":1540882800000},{"name":"橙梦","id":1320098188,"pst":0,"t":0,"ar":[{"id":1085116,"name":"张希","tns":[],"alias":[]},{"id":1058228,"name":"陈鸿宇","tns":[],"alias":[]}],"alia":[],"pop":100.0,"st":0,"rt":null,"fee":8,"v":4,"crbt":null,"cf":"","al":{"id":74061701,"name":"橙梦","picUrl":"http://p2.music.126.net/PLkYnYSCZHiynuRtW7dZBg==/109951163624530236.jpg","tns":[],"pic_str":"109951163624530236","pic":109951163624530236},"dt":273000,"h":{"br":320000,"fid":0,"size":10922362,"vd":-23200.0},"m":{"br":192000,"fid":0,"size":6553435,"vd":-20600.0},"l":null,"a":null,"cd":"","no":0,"rtUrl":null,"ftype":0,"rtUrls":[],"djId":0,"copyright":0,"s_id":0,"mv":10821052,"rtype":0,"rurl":null,"mst":9,"cp":22026,"publishTime":1540569600007},{"name":"十年之后","id":1320851312,"pst":0,"t":0,"ar":[{"id":1138004,"name":"晓月老板","tns":[],"alias":[]},{"id":1181656,"name":"王卓","tns":[],"alias":[]}],"alia":[],"pop":100.0,"st":0,"rt":null,"fee":0,"v":4,"crbt":null,"cf":"","al":{"id":74072407,"name":"十年之后","picUrl":"http://p2.music.126.net/Q4hP7MS-qSjyVoPyXVk7Cg==/109951163628087597.jpg","tns":[],"pic_str":"109951163628087597","pic":109951163628087597},"dt":228456,"h":{"br":320000,"fid":0,"size":9140811,"vd":-25200.0},"m":{"br":192000,"fid":0,"size":5484504,"vd":-22600.0},"l":null,"a":null,"cd":"","no":1,"rtUrl":null,"ftype":0,"rtUrls":[],"djId":0,"copyright":0,"s_id":0,"mv":0,"rtype":0,"rurl":null,"mst":9,"cp":0,"publishTime":1540604860851},{"name":"很高兴认识你","id":1318571230,"pst":0,"t":0,"ar":[{"id":11257,"name":"C-BLOCK","tns":[],"alias":[]}],"alia":[],"pop":100.0,"st":0,"rt":null,"fee":8,"v":13,"crbt":null,"cf":"","al":{"id":73957672,"name":"很高兴认识你","picUrl":"http://p2.music.126.net/UU09arK_fRlyWVdh2znikA==/109951163610766464.jpg","tns":[],"pic_str":"109951163610766464","pic":109951163610766464},"dt":232000,"h":{"br":320000,"fid":0,"size":9282917,"vd":-1.0},"m":{"br":192000,"fid":0,"size":5569768,"vd":0.0},"l":{"br":128000,"fid":0,"size":3713193,"vd":0.0},"a":null,"cd":"","no":0,"rtUrl":null,"ftype":0,"rtUrls":[],"djId":0,"copyright":0,"s_id":0,"mv":10814061,"rtype":0,"rurl":null,"mst":9,"cp":0,"publishTime":1539964800007},{"name":"2016：吉利在前圆恩寺喝丢了","id":1320101122,"pst":0,"t":0,"ar":[{"id":1185021,"name":"老板娘与酒客","tns":[],"alias":[]}],"alia":[],"pop":95.0,"st":0,"rt":null,"fee":8,"v":2,"crbt":null,"cf":"","al":{"id":74063642,"name":"2016：吉利在前圆恩寺喝丢了","picUrl":"http://p2.music.126.net/HHUxm-dLDC1MfyR34qpCwg==/109951163622721029.jpg","tns":[],"pic_str":"109951163622721029","pic":109951163622721029},"dt":368028,"h":{"br":320000,"fid":0,"size":14723701,"vd":-40700.0},"m":{"br":192000,"fid":0,"size":8834238,"vd":-38100.0},"l":null,"a":null,"cd":"","no":0,"rtUrl":null,"ftype":0,"rtUrls":[],"djId":0,"copyright":0,"s_id":0,"mv":0,"rtype":0,"rurl":null,"mst":9,"cp":0,"publishTime":1540396800007},{"name":"我喜欢的每个女孩都有男朋友","id":1321382129,"pst":0,"t":0,"ar":[{"id":12472417,"name":"青柠檬乐队","tns":[],"alias":[]}],"alia":[],"pop":100.0,"st":0,"rt":null,"fee":8,"v":6,"crbt":null,"cf":"","al":{"id":74151646,"name":"我喜欢的每个女孩都有男朋友","picUrl":"http://p2.music.126.net/ETo6lldoT1A9iGtYo1D7lA==/109951163635073783.jpg","tns":[],"pic_str":"109951163635073783","pic":109951163635073783},"dt":252000,"h":{"br":320000,"fid":0,"size":10082264,"vd":-24000.0},"m":{"br":192000,"fid":0,"size":6049376,"vd":-21300.0},"l":{"br":128000,"fid":0,"size":4032932,"vd":-20000.0},"a":null,"cd":"","no":1,"rtUrl":null,"ftype":0,"rtUrls":[],"djId":0,"copyright":0,"s_id":0,"mv":0,"rtype":0,"rurl":null,"mst":9,"cp":748010,"publishTime":1540742400007},{"name":"纯粹","id":1321382274,"pst":0,"t":0,"ar":[{"id":12037181,"name":"徐海俏","tns":[],"alias":[]}],"alia":[],"pop":5.0,"st":0,"rt":null,"fee":8,"v":4,"crbt":null,"cf":"","al":{"id":74150715,"name":"纯粹","picUrl":"http://p2.music.126.net/NvLtgKdJO8OVSzrMzHzsVQ==/109951163635541730.jpg","tns":[],"pic_str":"109951163635541730","pic":109951163635541730},"dt":240453,"h":{"br":320000,"fid":0,"size":9620419,"vd":-15400.0},"m":{"br":192000,"fid":0,"size":5772269,"vd":-12700.0},"l":{"br":128000,"fid":0,"size":3848194,"vd":-11100.0},"a":null,"cd":"","no":0,"rtUrl":null,"ftype":0,"rtUrls":[],"djId":0,"copyright":0,"s_id":0,"mv":0,"rtype":0,"rurl":null,"mst":9,"cp":0,"publishTime":1540915200007},{"name":"Chain Reaction","id":1320101383,"pst":0,"t":0,"ar":[{"id":12174110,"name":"崔开潮","tns":[],"alias":[]}],"alia":[],"pop":100.0,"st":0,"rt":null,"fee":8,"v":62,"crbt":null,"cf":"","al":{"id":73962656,"name":"智齿","picUrl":"http://p2.music.126.net/btQw6bXEfaFXxj7J1nTFrA==/109951163638065691.jpg","tns":[],"pic_str":"109951163638065691","pic":109951163638065691},"dt":233989,"h":{"br":320000,"fid":0,"size":9362329,"vd":-8000.0},"m":{"br":192000,"fid":0,"size":5617415,"vd":-5500.0},"l":{"br":128000,"fid":0,"size":3744958,"vd":-3700.0},"a":null,"cd":"","no":1,"rtUrl":null,"ftype":0,"rtUrls":[],"djId":0,"copyright":1,"s_id":0,"mv":0,"rtype":0,"rurl":null,"mst":9,"cp":-1,"publishTime":1541001600007},{"name":"时光倒流","id":1321385094,"pst":0,"t":0,"ar":[{"id":961054,"name":"冷碗碗","tns":[],"alias":[]}],"alia":[],"pop":100.0,"st":0,"rt":null,"fee":8,"v":3,"crbt":null,"cf":"","al":{"id":74157629,"name":"时光倒流","picUrl":"http://p2.music.126.net/W_uCYsS91WRhkmOcDctteQ==/109951163633407004.jpg","tns":[],"pic_str":"109951163633407004","pic":109951163633407004},"dt":271175,"h":{"br":320000,"fid":0,"size":10849219,"vd":-3899.0},"m":{"br":192000,"fid":0,"size":6509549,"vd":-1300.0},"l":{"br":128000,"fid":0,"size":4339714,"vd":-2.0},"a":null,"cd":"","no":1,"rtUrl":null,"ftype":0,"rtUrls":[],"djId":0,"copyright":0,"s_id":0,"mv":0,"rtype":0,"rurl":null,"mst":9,"cp":748010,"publishTime":1540742400007},{"name":"刚好","id":1320643450,"pst":0,"t":0,"ar":[{"id":12127154,"name":"吴海啸","tns":[],"alias":[]},{"id":12145073,"name":"夏子皓","tns":[],"alias":[]}],"alia":[],"pop":100.0,"st":0,"rt":null,"fee":0,"v":13,"crbt":null,"cf":"","al":{"id":74072241,"name":"刚好","picUrl":"http://p2.music.126.net/PNUv6r4_dltpzcaW7Z4SqQ==/109951163626460321.jpg","tns":[],"pic_str":"109951163626460321","pic":109951163626460321},"dt":202668,"h":{"br":320000,"fid":0,"size":8109497,"vd":-12800.0},"m":{"br":192000,"fid":0,"size":4865715,"vd":-10100.0},"l":null,"a":null,"cd":"","no":1,"rtUrl":null,"ftype":0,"rtUrls":[],"djId":0,"copyright":0,"s_id":0,"mv":0,"rtype":0,"rurl":null,"mst":9,"cp":0,"publishTime":1540541785993},{"name":"老大哥","id":1311408750,"pst":0,"t":0,"ar":[{"id":28175848,"name":"讲究制噪","tns":[],"alias":[]},{"id":12344942,"name":"CRAT","tns":[],"alias":[]},{"id":12554551,"name":"DJ Baker","tns":[],"alias":[]},{"id":0,"name":"Monki","tns":[],"alias":[]}],"alia":[],"pop":95.0,"st":0,"rt":null,"fee":0,"v":13,"crbt":null,"cf":"","al":{"id":73398219,"name":"老大哥","picUrl":"http://p2.music.126.net/lH18p3OWeuA9j7MzLKYvag==/109951163559686429.jpg","tns":[],"pic_str":"109951163559686429","pic":109951163559686429},"dt":215685,"h":{"br":320000,"fid":0,"size":8629856,"vd":-0.95},"m":{"br":192000,"fid":0,"size":5177931,"vd":-0.7},"l":{"br":128000,"fid":0,"size":3451968,"vd":-0.54},"a":null,"cd":"","no":1,"rtUrl":null,"ftype":0,"rtUrls":[],"djId":0,"copyright":0,"s_id":0,"mv":10801810,"rtype":0,"rurl":null,"mst":9,"cp":0,"publishTime":1537372800000},{"name":"那年的花","id":1321385243,"pst":0,"t":0,"ar":[{"id":11532,"name":"耳光乐队","tns":[],"alias":[]}],"alia":[],"pop":90.0,"st":0,"rt":null,"fee":8,"v":4,"crbt":null,"cf":"","al":{"id":74157695,"name":"那年的花","picUrl":"http://p2.music.126.net/WUJfnSv4XuC6oLLCappO_w==/109951163635442932.jpg","tns":[],"pic_str":"109951163635442932","pic":109951163635442932},"dt":508800,"h":{"br":320000,"fid":0,"size":20354656,"vd":-800.0},"m":{"br":192000,"fid":0,"size":12212811,"vd":-2.0},"l":{"br":128000,"fid":0,"size":8141888,"vd":-2.0},"a":null,"cd":"","no":0,"rtUrl":null,"ftype":0,"rtUrls":[],"djId":0,"copyright":0,"s_id":0,"mv":0,"rtype":0,"rurl":null,"mst":9,"cp":1400821,"publishTime":1540828800007},{"name":"孤枕人","id":1319688117,"pst":0,"t":0,"ar":[{"id":858161,"name":"马潇","tns":[],"alias":[]}],"alia":[],"pop":100.0,"st":0,"rt":null,"fee":8,"v":2,"crbt":null,"cf":"","al":{"id":74043638,"name":"孤枕人","picUrl":"http://p2.music.126.net/o5s-VFGz_KqMwX-r2cNy2A==/109951163620643341.jpg","tns":[],"pic_str":"109951163620643341","pic":109951163620643341},"dt":256395,"h":{"br":320000,"fid":0,"size":10258852,"vd":-0.69},"m":{"br":192000,"fid":0,"size":6155329,"vd":-0.43},"l":{"br":128000,"fid":0,"size":4103567,"vd":-0.25},"a":null,"cd":"","no":0,"rtUrl":null,"ftype":0,"rtUrls":[],"djId":0,"copyright":0,"s_id":0,"mv":0,"rtype":0,"rurl":null,"mst":9,"cp":0,"publishTime":1540310400007},{"name":"当我失去你","id":1321036669,"pst":0,"t":0,"ar":[{"id":12471927,"name":"江皓南","tns":[],"alias":[]}],"alia":[],"pop":100.0,"st":0,"rt":null,"fee":0,"v":9,"crbt":null,"cf":"","al":{"id":74126677,"name":"当我失去你","picUrl":"http://p2.music.126.net/wa5mJg_jr8m4s44ojDovEQ==/109951163629679824.jpg","tns":[],"pic_str":"109951163629679824","pic":109951163629679824},"dt":192730,"h":{"br":320000,"fid":0,"size":7711391,"vd":-2.0},"m":{"br":192000,"fid":0,"size":4626852,"vd":-2.0},"l":null,"a":null,"cd":"","no":1,"rtUrl":null,"ftype":0,"rtUrls":[],"djId":0,"copyright":0,"s_id":0,"mv":0,"rtype":0,"rurl":null,"mst":9,"cp":0,"publishTime":1540656000000},{"name":"你是","id":1318932957,"pst":0,"t":0,"ar":[{"id":1054040,"name":"冰块先生","tns":[],"alias":[]}],"alia":[],"pop":95.0,"st":0,"rt":"","fee":8,"v":3,"crbt":null,"cf":"","al":{"id":73981521,"name":"你是","picUrl":"http://p2.music.126.net/8fR-gFOhUzP14KLojIcK7A==/109951163622082221.jpg","tns":[],"pic_str":"109951163622082221","pic":109951163622082221},"dt":183196,"h":{"br":320000,"fid":0,"size":7327913,"vd":0.0},"m":{"br":192000,"fid":0,"size":4396765,"vd":0.0},"l":{"br":128000,"fid":0,"size":2931191,"vd":0.0},"a":null,"cd":"01","no":1,"rtUrl":null,"ftype":0,"rtUrls":[],"djId":0,"copyright":1,"s_id":0,"mv":0,"rtype":0,"rurl":null,"mst":9,"cp":7001,"publishTime":1540396800007},{"name":"喵","id":1320322527,"pst":0,"t":0,"ar":[{"id":12157336,"name":"CMJ","tns":[],"alias":[]}],"alia":[],"pop":90.0,"st":0,"rt":null,"fee":0,"v":8,"crbt":null,"cf":"","al":{"id":74075732,"name":"喵","picUrl":"http://p2.music.126.net/rsVajLbdEP_Nace3UzwfnQ==/109951163624006646.jpg","tns":[],"pic_str":"109951163624006646","pic":109951163624006646},"dt":192923,"h":{"br":320000,"fid":0,"size":7719750,"vd":-2.0},"m":{"br":192000,"fid":0,"size":4631867,"vd":-2.0},"l":null,"a":null,"cd":"","no":1,"rtUrl":null,"ftype":0,"rtUrls":[],"djId":0,"copyright":0,"s_id":0,"mv":0,"rtype":0,"rurl":null,"mst":9,"cp":0,"publishTime":1540434539194},{"name":"哎哟","id":1321424057,"pst":0,"t":0,"ar":[{"id":12174549,"name":"哎哟小强","tns":[],"alias":[]}],"alia":[],"pop":85.0,"st":0,"rt":null,"fee":8,"v":4,"crbt":null,"cf":"","al":{"id":74150644,"name":"哎哟","picUrl":"http://p2.music.126.net/IBJYJzYQ8ebI0mcrxLW8_w==/109951163633363920.jpg","tns":[],"pic_str":"109951163633363920","pic":109951163633363920},"dt":241700,"h":{"br":320000,"fid":0,"size":9670574,"vd":-4900.0},"m":{"br":192000,"fid":0,"size":5802362,"vd":-2300.0},"l":{"br":128000,"fid":0,"size":3868256,"vd":-500.0},"a":null,"cd":"","no":1,"rtUrl":null,"ftype":0,"rtUrls":[],"djId":0,"copyright":0,"s_id":0,"mv":0,"rtype":0,"rurl":null,"mst":9,"cp":748010,"publishTime":1540742400007},{"name":"渣 男 语 录 remix","id":1321600008,"pst":0,"t":0,"ar":[{"id":12269010,"name":"B SHARK","tns":[],"alias":[]}],"alia":[],"pop":65.0,"st":0,"rt":null,"fee":8,"v":12,"crbt":null,"cf":"","al":{"id":74134137,"name":"渣 男 语 录","picUrl":"http://p2.music.126.net/g9V0NuKz1ujOC3v7PgFUig==/109951163635305501.jpg","tns":[],"pic_str":"109951163635305501","pic":109951163635305501},"dt":188000,"h":{"br":320000,"fid":0,"size":7522264,"vd":0.0},"m":{"br":192000,"fid":0,"size":4513376,"vd":-2.0},"l":{"br":128000,"fid":0,"size":3008932,"vd":0.0},"a":null,"cd":"","no":1,"rtUrl":null,"ftype":0,"rtUrls":[],"djId":0,"copyright":0,"s_id":0,"mv":0,"rtype":0,"rurl":null,"mst":9,"cp":0,"publishTime":1540885288672},{"name":"一颗苹果","id":1320389341,"pst":0,"t":0,"ar":[{"id":12631485,"name":"h3R3","tns":[],"alias":[]}],"alia":[],"pop":85.0,"st":0,"rt":null,"fee":8,"v":16,"crbt":null,"cf":"","al":{"id":74075796,"name":"一颗苹果","picUrl":"http://p2.music.126.net/VSJi_HN-1TkSAsn47IwmyQ==/109951163633563684.jpg","tns":[],"pic_str":"109951163633563684","pic":109951163633563684},"dt":188411,"h":{"br":320000,"fid":0,"size":7538982,"vd":-2.0},"m":{"br":192000,"fid":0,"size":4523407,"vd":-2.0},"l":{"br":128000,"fid":0,"size":3015619,"vd":-2.0},"a":null,"cd":"","no":1,"rtUrl":null,"ftype":0,"rtUrls":[],"djId":0,"copyright":0,"s_id":0,"mv":0,"rtype":0,"rurl":null,"mst":9,"cp":0,"publishTime":1540453817765},{"name":"盗将行","id":574566207,"pst":0,"t":0,"ar":[{"id":8103,"name":"花粥","tns":[],"alias":[]},{"id":826336,"name":"马雨阳","tns":[],"alias":[]}],"alia":[],"pop":100.0,"st":0,"rt":null,"fee":8,"v":9,"crbt":null,"cf":"","al":{"id":39752444,"name":"粥请客（二）","picUrl":"http://p2.music.126.net/-qHPT3rhxDlu5zQV9NcQ-A==/109951163555860423.jpg","tns":[],"pic_str":"109951163555860423","pic":109951163555860423},"dt":198126,"h":{"br":320000,"fid":0,"size":7927685,"vd":-2.6199},"m":{"br":192000,"fid":0,"size":4756628,"vd":-2.3599},"l":{"br":128000,"fid":0,"size":3171100,"vd":-2.19},"a":null,"cd":"","no":1,"rtUrl":null,"ftype":0,"rtUrls":[],"djId":0,"copyright":0,"s_id":0,"mv":0,"rtype":0,"rurl":null,"mst":9,"cp":0,"publishTime":1529366400000},{"name":"可能否","id":569214126,"pst":0,"t":0,"ar":[{"id":12037229,"name":"木小雅","tns":[],"alias":[]}],"alia":[],"pop":100.0,"st":0,"rt":null,"fee":8,"v":12,"crbt":null,"cf":"","al":{"id":39483016,"name":"可能否","picUrl":"http://p2.music.126.net/SJYnDay7wgewU3O7tPfmOQ==/109951163322541581.jpg","tns":[],"pic_str":"109951163322541581","pic":109951163322541581},"dt":227899,"h":{"br":320000,"fid":0,"size":9118868,"vd":0.0},"m":{"br":192000,"fid":0,"size":5471338,"vd":0.0},"l":{"br":128000,"fid":0,"size":3647573,"vd":0.0},"a":null,"cd":"","no":1,"rtUrl":null,"ftype":0,"rtUrls":[],"djId":0,"copyright":2,"s_id":0,"mv":0,"rtype":0,"rurl":null,"mst":9,"cp":748010,"publishTime":1527609600007},{"name":"往后余生","id":557584888,"pst":0,"t":0,"ar":[{"id":13609637,"name":"马良","tns":[],"alias":[]}],"alia":[],"pop":100.0,"st":0,"rt":null,"fee":8,"v":3,"crbt":null,"cf":"","al":{"id":38594296,"name":"往后余生","picUrl":"http://p2.music.126.net/VY-LfiQZZNjtDBHGmEu85A==/109951163300149472.jpg","tns":[],"pic_str":"109951163300149472","pic":109951163300149472},"dt":195925,"h":{"br":320000,"fid":0,"size":7839913,"vd":-1.0},"m":{"br":192000,"fid":0,"size":4703965,"vd":-1.0},"l":{"br":128000,"fid":0,"size":3135991,"vd":0.0},"a":null,"cd":"","no":0,"rtUrl":null,"ftype":0,"rtUrls":[],"djId":0,"copyright":2,"s_id":0,"mv":0,"rtype":0,"rurl":null,"mst":9,"cp":0,"publishTime":1526400000007},{"name":"我抬头一看满街都是单身的狗","id":1319225007,"pst":0,"t":0,"ar":[{"id":8103,"name":"花粥","tns":[],"alias":[]}],"alia":[],"pop":100.0,"st":0,"rt":null,"fee":8,"v":8,"crbt":null,"cf":"","al":{"id":73966611,"name":"2018（注意保暖）","picUrl":"http://p2.music.126.net/fB6M_CgSRkeUzIEni6ENzw==/109951163615459621.jpg","tns":[],"pic_str":"109951163615459621","pic":109951163615459621},"dt":180609,"h":{"br":320000,"fid":0,"size":7226558,"vd":0.0},"m":{"br":192000,"fid":0,"size":4335952,"vd":0.0},"l":{"br":128000,"fid":0,"size":2890649,"vd":0.0},"a":null,"cd":"","no":1,"rtUrl":null,"ftype":0,"rtUrls":[],"djId":0,"copyright":0,"s_id":0,"mv":0,"rtype":0,"rurl":null,"mst":9,"cp":0,"publishTime":1540052291486},{"name":"寄不出去的情书","id":1321382163,"pst":0,"t":0,"ar":[{"id":1181775,"name":"翁大涵","tns":[],"alias":[]}],"alia":[],"pop":5.0,"st":0,"rt":null,"fee":8,"v":4,"crbt":null,"cf":"","al":{"id":74149655,"name":"寄不出去的情书","picUrl":"http://p2.music.126.net/fywM5PaRIwD1sd43zY7Wtw==/109951163633529521.jpg","tns":[],"pic_str":"109951163633529521","pic":109951163633529521},"dt":313181,"h":{"br":320000,"fid":0,"size":12529415,"vd":-1700.0},"m":{"br":192000,"fid":0,"size":7517666,"vd":-2.0},"l":{"br":128000,"fid":0,"size":5011792,"vd":-2.0},"a":null,"cd":"","no":1,"rtUrl":null,"ftype":0,"rtUrls":[],"djId":0,"copyright":0,"s_id":0,"mv":0,"rtype":0,"rurl":null,"mst":9,"cp":530019,"publishTime":1540828800007},{"name":"出山","id":1313354324,"pst":0,"t":0,"ar":[{"id":8103,"name":"花粥","tns":[],"alias":[]},{"id":9808,"name":"王胜男","tns":[],"alias":[]}],"alia":[],"pop":100.0,"st":0,"rt":null,"fee":8,"v":19,"crbt":null,"cf":"","al":{"id":73587275,"name":"粥请客（王胜男）","picUrl":"http://p2.music.126.net/xUAfdMHdXhu3BmO4g8nOYA==/109951163573311341.jpg","tns":[],"pic_str":"109951163573311341","pic":109951163573311341},"dt":200388,"h":{"br":320000,"fid":0,"size":8018591,"vd":-1.71},"m":{"br":192000,"fid":0,"size":4811172,"vd":-1.45},"l":{"br":128000,"fid":0,"size":3207462,"vd":-1.32},"a":null,"cd":"","no":1,"rtUrl":null,"ftype":0,"rtUrls":[],"djId":0,"copyright":0,"s_id":0,"mv":0,"rtype":0,"rurl":null,"mst":9,"cp":0,"publishTime":1538092800000},{"name":"醒着醉","id":571338083,"pst":0,"t":0,"ar":[{"id":13609637,"name":"马良","tns":[],"alias":[]}],"alia":[],"pop":100.0,"st":0,"rt":null,"fee":8,"v":1,"crbt":null,"cf":"","al":{"id":39591023,"name":"醒着醉","picUrl":"http://p2.music.126.net/g-tbzhZCU2opvigyB2g_Qg==/109951163334448121.jpg","tns":[],"pic_str":"109951163334448121","pic":109951163334448121},"dt":228864,"h":{"br":320000,"fid":0,"size":9157529,"vd":0.0},"m":{"br":192000,"fid":0,"size":5494535,"vd":0.0},"l":{"br":128000,"fid":0,"size":3663038,"vd":0.0},"a":null,"cd":"","no":0,"rtUrl":null,"ftype":0,"rtUrls":[],"djId":0,"copyright":0,"s_id":0,"mv":0,"rtype":0,"rurl":null,"mst":9,"cp":0,"publishTime":1528214400007},{"name":"活该","id":1313107233,"pst":0,"t":0,"ar":[{"id":12094099,"name":"徐真真","tns":[],"alias":[]},{"id":8103,"name":"花粥","tns":[],"alias":[]}],"alia":[],"pop":100.0,"st":0,"rt":null,"fee":8,"v":2,"crbt":null,"cf":"","al":{"id":73472962,"name":"活该","picUrl":"http://p2.music.126.net/w9eFcvd6oq6Xxk-00UYKHg==/109951163573482907.jpg","tns":[],"pic_str":"109951163573482907","pic":109951163573482907},"dt":169949,"h":{"br":320000,"fid":0,"size":6800240,"vd":0.8063},"m":{"br":192000,"fid":0,"size":4080161,"vd":0.7273},"l":{"br":128000,"fid":0,"size":2720122,"vd":0.5061},"a":null,"cd":"","no":0,"rtUrl":null,"ftype":0,"rtUrls":[],"djId":0,"copyright":0,"s_id":0,"mv":0,"rtype":0,"rurl":null,"mst":9,"cp":530019,"publishTime":1538150400007},{"name":"给陌生的你听 ","id":562594322,"pst":0,"t":0,"ar":[{"id":12050057,"name":"G.G(张思源)","tns":[],"alias":[]}],"alia":[],"pop":100.0,"st":0,"rt":null,"fee":8,"v":6,"crbt":null,"cf":"","al":{"id":38983111,"name":"给陌生的你听 ","picUrl":"http://p2.music.126.net/LMPuItVrjn1Vi5c8vZZ90Q==/109951163309729098.jpg","tns":[],"pic_str":"109951163309729098","pic":109951163309729098},"dt":196407,"h":{"br":320000,"fid":0,"size":7858721,"vd":-1.0},"m":{"br":192000,"fid":0,"size":4715250,"vd":-1.0},"l":{"br":128000,"fid":0,"size":3143515,"vd":-1.0},"a":null,"cd":"","no":0,"rtUrl":null,"ftype":0,"rtUrls":[],"djId":0,"copyright":0,"s_id":0,"mv":0,"rtype":0,"rurl":null,"mst":9,"cp":760012,"publishTime":1526918400007},{"name":"远走高飞","id":1321392023,"pst":0,"t":0,"ar":[{"id":1050364,"name":"Yee","tns":[],"alias":[]}],"alia":[],"pop":100.0,"st":0,"rt":null,"fee":8,"v":2,"crbt":null,"cf":"","al":{"id":74150620,"name":"Y","picUrl":"http://p2.music.126.net/4_6WEE_4lgMIlzgoJCNBtQ==/109951163632970845.jpg","tns":[],"pic_str":"109951163632970845","pic":109951163632970845},"dt":204000,"h":{"br":320000,"fid":0,"size":8162787,"vd":-2.0},"m":{"br":192000,"fid":0,"size":4897689,"vd":-2.0},"l":{"br":128000,"fid":0,"size":3265141,"vd":-2.0},"a":null,"cd":"","no":1,"rtUrl":null,"ftype":0,"rtUrls":[],"djId":0,"copyright":2,"s_id":0,"mv":0,"rtype":0,"rurl":null,"mst":9,"cp":0,"publishTime":1540828800007},{"name":"从无到有","id":1313052960,"pst":0,"t":0,"ar":[{"id":12138269,"name":"毛不易","tns":[],"alias":[]}],"alia":["电视剧《创业时代》片尾主题曲"],"pop":100.0,"st":0,"rt":null,"fee":8,"v":8,"crbt":null,"cf":"","al":{"id":73471094,"name":"从无到有","picUrl":"http://p2.music.126.net/O6Ur0E4Qs0FIDfp-lKHYZA==/109951163592648368.jpg","tns":[],"pic_str":"109951163592648368","pic":109951163592648368},"dt":277498,"h":{"br":320000,"fid":0,"size":11102085,"vd":-1.09},"m":{"br":192000,"fid":0,"size":6661268,"vd":-0.83},"l":{"br":128000,"fid":0,"size":4440860,"vd":-0.67},"a":null,"cd":"1","no":1,"rtUrl":null,"ftype":0,"rtUrls":[],"djId":0,"copyright":0,"s_id":0,"mv":10799901,"rtype":0,"rurl":null,"mst":9,"cp":1412830,"publishTime":1538928000007},{"name":"心事","id":1294899029,"pst":0,"t":0,"ar":[{"id":1197168,"name":"徐秉龙","tns":[],"alias":[]}],"alia":[],"pop":100.0,"st":0,"rt":null,"fee":8,"v":11,"crbt":null,"cf":"","al":{"id":71855800,"name":"零零","picUrl":"http://p2.music.126.net/UsKpjjfYFBRz9FH_FyWL3w==/109951163414549268.jpg","tns":[],"pic_str":"109951163414549268","pic":109951163414549268},"dt":224000,"h":{"br":320000,"fid":0,"size":8962133,"vd":-1.0},"m":{"br":192000,"fid":0,"size":5377297,"vd":-1.0},"l":{"br":128000,"fid":0,"size":3584879,"vd":-1.0},"a":null,"cd":"","no":1,"rtUrl":null,"ftype":0,"rtUrls":[],"djId":0,"copyright":0,"s_id":0,"mv":10752156,"rtype":0,"rurl":null,"mst":9,"cp":0,"publishTime":1532102400007},{"name":"房间 (新版)","id":562598081,"pst":0,"t":0,"ar":[{"id":840134,"name":"刘瑞琦","tns":[],"alias":[]}],"alia":["电影《超时空同居》插曲"],"pop":100.0,"st":0,"rt":null,"fee":8,"v":8,"crbt":null,"cf":"","al":{"id":38983034,"name":"房间 (新版)","picUrl":"http://p2.music.126.net/F5x7VgIRu_awduoWu2sDeA==/109951163302871673.jpg","tns":[],"pic_str":"109951163302871673","pic":109951163302871673},"dt":241904,"h":{"br":320000,"fid":0,"size":9678933,"vd":0.0},"m":{"br":192000,"fid":0,"size":5807377,"vd":0.0},"l":{"br":128000,"fid":0,"size":3871599,"vd":0.0},"a":null,"cd":"","no":1,"rtUrl":null,"ftype":0,"rtUrls":[],"djId":0,"copyright":0,"s_id":0,"mv":5913083,"rtype":0,"rurl":null,"mst":9,"cp":405024,"publishTime":1526572800007},{"name":"你是年少的欢喜","id":1311345316,"pst":0,"t":0,"ar":[{"id":14312549,"name":"王贰浪","tns":[],"alias":[]}],"alia":["原唱：孟大C"],"pop":100.0,"st":0,"rt":null,"fee":8,"v":4,"crbt":null,"cf":"","al":{"id":73472712,"name":"你是年少的欢喜","picUrl":"http://p2.music.126.net/frVLBBoT5OpDBycFbKQK_A==/109951163560986413.jpg","tns":[],"pic_str":"109951163560986413","pic":109951163560986413},"dt":298928,"h":{"br":320000,"fid":0,"size":11959946,"vd":0.0},"m":{"br":192000,"fid":0,"size":7175985,"vd":0.0},"l":{"br":128000,"fid":0,"size":4784004,"vd":0.0},"a":null,"cd":"","no":1,"rtUrl":null,"ftype":0,"rtUrls":[],"djId":0,"copyright":0,"s_id":0,"mv":0,"rtype":0,"rurl":null,"mst":9,"cp":1372820,"publishTime":1537718400007},{"name":"道理的道理","id":1318156992,"pst":0,"t":0,"ar":[{"id":12002248,"name":"沈以诚","tns":[],"alias":[]}],"alia":[],"pop":100.0,"st":0,"rt":null,"fee":8,"v":9,"crbt":null,"cf":"","al":{"id":73924804,"name":"道理的道理","picUrl":"http://p2.music.126.net/9jpTVsOLNKifSeYSuYq6Rg==/109951163606230392.jpg","tns":[],"pic_str":"109951163606230392","pic":109951163606230392},"dt":256600,"h":{"br":320000,"fid":0,"size":10266166,"vd":-2.0E-4},"m":{"br":192000,"fid":0,"size":6159717,"vd":0.1829},"l":{"br":128000,"fid":0,"size":4106493,"vd":0.2552},"a":null,"cd":"","no":1,"rtUrl":null,"ftype":0,"rtUrls":[],"djId":0,"copyright":0,"s_id":0,"mv":0,"rtype":0,"rurl":null,"mst":9,"cp":0,"publishTime":1539650796397},{"name":"伦宝","id":1321173464,"pst":0,"t":0,"ar":[{"id":981141,"name":"伦桑","tns":[],"alias":[]}],"alia":[],"pop":100.0,"st":0,"rt":null,"fee":0,"v":4,"crbt":null,"cf":"","al":{"id":74076585,"name":"伦宝","picUrl":"http://p2.music.126.net/2nChBFqcgo8Wlwyp8ZFLFQ==/109951163631054994.jpg","tns":[],"pic_str":"109951163631054994","pic":109951163631054994},"dt":223810,"h":{"br":320000,"fid":0,"size":8962133,"vd":-5200.0},"m":{"br":192000,"fid":0,"size":5377297,"vd":-2600.0},"l":null,"a":null,"cd":"","no":1,"rtUrl":null,"ftype":0,"rtUrls":[],"djId":0,"copyright":0,"s_id":0,"mv":0,"rtype":0,"rurl":null,"mst":9,"cp":0,"publishTime":1540703303037},{"name":"影响","id":1318430037,"pst":0,"t":0,"ar":[{"id":1007170,"name":"陈粒","tns":[],"alias":[]}],"alia":["电视剧《创业时代》爱情主题曲"],"pop":100.0,"st":0,"rt":null,"fee":8,"v":5,"crbt":null,"cf":"","al":{"id":73836105,"name":"影响","picUrl":"http://p2.music.126.net/BYCUi9yMLJTFy30UTymw-A==/109951163608282297.jpg","tns":[],"pic_str":"109951163608282297","pic":109951163608282297},"dt":225013,"h":{"br":320000,"fid":0,"size":9002885,"vd":-0.33},"m":{"br":192000,"fid":0,"size":5401748,"vd":-0.08},"l":{"br":128000,"fid":0,"size":3601180,"vd":-2.0E-4},"a":null,"cd":"","no":0,"rtUrl":null,"ftype":0,"rtUrls":[],"djId":0,"copyright":0,"s_id":0,"mv":10806209,"rtype":0,"rurl":null,"mst":9,"cp":1412830,"publishTime":1539792000007},{"name":"再见，昨天","id":571545218,"pst":0,"t":0,"ar":[{"id":12437,"name":"牛奶咖啡","tns":[],"alias":[]}],"alia":["电影《昨日青空》青春毕业曲"],"pop":100.0,"st":0,"rt":null,"fee":0,"v":13,"crbt":null,"cf":"","al":{"id":39563243,"name":"再见，昨天","picUrl":"http://p2.music.126.net/KcW2WnoHreyNTUbonbAPiw==/109951163336051043.jpg","tns":[],"pic_str":"109951163336051043","pic":109951163336051043},"dt":295135,"h":{"br":320000,"fid":0,"size":11808436,"vd":0.0},"m":{"br":192000,"fid":0,"size":7085079,"vd":0.0},"l":{"br":128000,"fid":0,"size":4723400,"vd":0.0},"a":null,"cd":"1","no":1,"rtUrl":null,"ftype":0,"rtUrls":[],"djId":0,"copyright":0,"s_id":0,"mv":0,"rtype":0,"rurl":null,"mst":9,"cp":415022,"publishTime":1528214400000},{"name":"世相","id":1318303048,"pst":0,"t":0,"ar":[{"id":9352,"name":"邵夷贝","tns":[],"alias":[]}],"alia":[],"pop":100.0,"st":0,"rt":null,"fee":8,"v":5,"crbt":null,"cf":"","al":{"id":73936569,"name":"世相","picUrl":"http://p2.music.126.net/q03gcVVf0xQL5XejG7M43w==/109951163606846330.jpg","tns":[],"pic_str":"109951163606846330","pic":109951163606846330},"dt":227724,"h":{"br":320000,"fid":0,"size":9111554,"vd":-2.0E-4},"m":{"br":192000,"fid":0,"size":5466950,"vd":-2.0E-4},"l":{"br":128000,"fid":0,"size":3644648,"vd":-2.0E-4},"a":null,"cd":"1","no":1,"rtUrl":null,"ftype":0,"rtUrls":[],"djId":0,"copyright":1,"s_id":0,"mv":10818022,"rtype":0,"rurl":null,"mst":9,"cp":22036,"publishTime":1539705600007},{"name":"唱首歌","id":1320098356,"pst":0,"t":0,"ar":[{"id":189873,"name":"南征北战NZBZ","tns":[],"alias":[]}],"alia":[],"pop":100.0,"st":0,"rt":null,"fee":0,"v":2,"crbt":null,"cf":"","al":{"id":74062724,"name":"唱首歌","picUrl":"http://p2.music.126.net/f-Rl7SKotlH25IRtVKp3sA==/109951163628492721.jpg","tns":[],"pic_str":"109951163628492721","pic":109951163628492721},"dt":215185,"h":{"br":320000,"fid":0,"size":8610003,"vd":-35200.0},"m":{"br":192000,"fid":0,"size":5166019,"vd":-32800.0},"l":null,"a":null,"cd":"","no":0,"rtUrl":null,"ftype":0,"rtUrls":[],"djId":0,"copyright":0,"s_id":0,"mv":0,"rtype":0,"rurl":null,"mst":9,"cp":1382819,"publishTime":1540742400007},{"name":"给妈妈","id":1311347305,"pst":0,"t":0,"ar":[{"id":1050282,"name":"房东的猫","tns":[],"alias":[]}],"alia":["电影《悲伤逆流成河》插曲"],"pop":100.0,"st":0,"rt":null,"fee":0,"v":8,"crbt":null,"cf":"","al":{"id":73467711,"name":"给妈妈","picUrl":"http://p2.music.126.net/kJ2jtxk8KV-kzeXXMH58mQ==/109951163560970830.jpg","tns":[],"pic_str":"109951163560970830","pic":109951163560970830},"dt":262916,"h":{"br":320000,"fid":0,"size":10519031,"vd":0.0},"m":{"br":192000,"fid":0,"size":6311436,"vd":0.0},"l":{"br":128000,"fid":0,"size":4207639,"vd":0.0},"a":null,"cd":"","no":0,"rtUrl":null,"ftype":0,"rtUrls":[],"djId":0,"copyright":0,"s_id":0,"mv":10799236,"rtype":0,"rurl":null,"mst":9,"cp":0,"publishTime":1537632000007},{"name":"我非王臣","id":1320683464,"pst":0,"t":0,"ar":[{"id":12083175,"name":"排骨教主","tns":[],"alias":[]}],"alia":["网易《率土之滨》手游周年贺曲"],"pop":100.0,"st":0,"rt":null,"fee":0,"v":9,"crbt":null,"cf":"","al":{"id":74070216,"name":"我非王臣","picUrl":"http://p2.music.126.net/5XDxA-Nvlp0DQAdLiRGdjw==/109951163626759644.jpg","tns":[],"pic_str":"109951163626759644","pic":109951163626759644},"dt":220129,"h":{"br":320000,"fid":0,"size":8807489,"vd":-3100.0},"m":{"br":192000,"fid":0,"size":5284511,"vd":-600.0},"l":null,"a":null,"cd":"","no":1,"rtUrl":null,"ftype":0,"rtUrls":[],"djId":0,"copyright":0,"s_id":0,"mv":10829024,"rtype":0,"rurl":null,"mst":9,"cp":0,"publishTime":1540550257739},{"name":"说书人","id":1303019637,"pst":0,"t":0,"ar":[{"id":1198010,"name":"暗杠","tns":[],"alias":[]},{"id":28868804,"name":"寅子","tns":[],"alias":[]}],"alia":[],"pop":100.0,"st":0,"rt":null,"fee":8,"v":6,"crbt":null,"cf":"","al":{"id":72385845,"name":"说书人","picUrl":"http://p1.music.126.net/X9-wFEy1DfWOx5R2iCXqIg==/109951163509761545.jpg","tns":[],"pic_str":"109951163509761545","pic":109951163509761545},"dt":179200,"h":{"br":320000,"fid":0,"size":7170133,"vd":-1.0},"m":{"br":192000,"fid":0,"size":4302097,"vd":-1.0},"l":{"br":128000,"fid":0,"size":2868079,"vd":-1.0},"a":null,"cd":"","no":1,"rtUrl":null,"ftype":0,"rtUrls":[],"djId":0,"copyright":1,"s_id":0,"mv":10770032,"rtype":0,"rurl":null,"mst":9,"cp":0,"publishTime":1535040000007},{"name":"人在旅途","id":1318568346,"pst":0,"t":0,"ar":[{"id":1058228,"name":"陈鸿宇","tns":[],"alias":[]}],"alia":["电视剧《我们的四十年》插曲"],"pop":100.0,"st":0,"rt":null,"fee":8,"v":9,"crbt":null,"cf":"","al":{"id":73957694,"name":"人在旅途","picUrl":"http://p2.music.126.net/kOt9PoRB9mzaUjm708HW4A==/109951163611873458.jpg","tns":[],"pic_str":"109951163611873458","pic":109951163611873458},"dt":211094,"h":{"br":320000,"fid":0,"size":8445954,"vd":-1.0},"m":{"br":192000,"fid":0,"size":5067590,"vd":-1.0},"l":{"br":128000,"fid":0,"size":3378408,"vd":-1.0},"a":null,"cd":"1","no":1,"rtUrl":null,"ftype":0,"rtUrls":[],"djId":0,"copyright":2,"s_id":0,"mv":0,"rtype":0,"rurl":null,"mst":9,"cp":755014,"publishTime":1540051200007},{"name":"彩色孤儿","id":1321576128,"pst":0,"t":0,"ar":[{"id":5001,"name":"简弘亦","tns":[],"alias":[]}],"alia":[],"pop":95.0,"st":0,"rt":null,"fee":0,"v":5,"crbt":null,"cf":"","al":{"id":74156900,"name":"成人书.彩色孤儿","picUrl":"http://p2.music.126.net/iHmpL8FTb6HN_gjrnp7poA==/109951163635011918.jpg","tns":[],"pic_str":"109951163635011918","pic":109951163635011918},"dt":233713,"h":{"br":320000,"fid":0,"size":9350836,"vd":-2500.0},"m":{"br":192000,"fid":0,"size":5610519,"vd":-2.0},"l":{"br":128000,"fid":0,"size":3740360,"vd":-2.0},"a":null,"cd":"","no":1,"rtUrl":null,"ftype":0,"rtUrls":[],"djId":0,"copyright":0,"s_id":0,"mv":0,"rtype":0,"rurl":null,"mst":9,"cp":0,"publishTime":1540872872511},{"name":"去哪里玩","id":1321382172,"pst":0,"t":0,"ar":[{"id":12094099,"name":"徐真真","tns":[],"alias":[]},{"id":12265481,"name":"Vyan","tns":[],"alias":[]}],"alia":[],"pop":5.0,"st":0,"rt":null,"fee":8,"v":2,"crbt":null,"cf":"","al":{"id":74157650,"name":"去哪里玩","picUrl":"http://p1.music.126.net/v-yNK3hnzLq-RLKjsGe7ZQ==/109951163633558062.jpg","tns":[],"pic_str":"109951163633558062","pic":109951163633558062},"dt":222224,"h":{"br":320000,"fid":0,"size":8892125,"vd":-2.0},"m":{"br":192000,"fid":0,"size":5335293,"vd":999.0},"l":{"br":128000,"fid":0,"size":3556876,"vd":-2.0},"a":null,"cd":"","no":0,"rtUrl":null,"ftype":0,"rtUrls":[],"djId":0,"copyright":0,"s_id":0,"mv":0,"rtype":0,"rurl":null,"mst":9,"cp":530019,"publishTime":1540828800007},{"name":"对不起","id":1317457541,"pst":0,"t":0,"ar":[{"id":1050465,"name":"Panta.Q","tns":[],"alias":[]},{"id":1030001,"name":"周深","tns":[],"alias":[]}],"alia":[],"pop":100.0,"st":0,"rt":null,"fee":0,"v":2,"crbt":null,"cf":"","al":{"id":73468601,"name":"对不起","picUrl":"http://p2.music.126.net/ocS3bbRu8E6ZtyDrm4WFgg==/109951163606604501.jpg","tns":[],"pic_str":"109951163606604501","pic":109951163606604501},"dt":232551,"h":{"br":320000,"fid":0,"size":9304860,"vd":-2.0E-4},"m":{"br":192000,"fid":0,"size":5582933,"vd":-2.0E-4},"l":{"br":128000,"fid":0,"size":3721970,"vd":-2.0E-4},"a":null,"cd":"","no":0,"rtUrl":null,"ftype":0,"rtUrls":[],"djId":0,"copyright":1,"s_id":0,"mv":0,"rtype":0,"rurl":null,"mst":9,"cp":0,"publishTime":1539619200007},{"name":"最美的期待","id":862100828,"pst":0,"t":0,"ar":[{"id":189873,"name":"南征北战NZBZ","tns":[],"alias":[]}],"alia":[],"pop":100.0,"st":0,"rt":null,"fee":8,"v":3,"crbt":null,"cf":"","al":{"id":71612860,"name":"最美的期待","picUrl":"http://p2.music.126.net/fRZXMk6y-GD7v1gSryu-4A==/109951163381083877.jpg","tns":[],"pic_str":"109951163381083877","pic":109951163381083877},"dt":237936,"h":{"br":320000,"fid":0,"size":9520109,"vd":-4.0},"m":{"br":192000,"fid":0,"size":5712083,"vd":-3.0},"l":{"br":128000,"fid":0,"size":3808070,"vd":-3.0},"a":null,"cd":"","no":0,"rtUrl":null,"ftype":0,"rtUrls":[],"djId":0,"copyright":0,"s_id":0,"mv":0,"rtype":0,"rurl":null,"mst":9,"cp":459011,"publishTime":1530201600007},{"name":"Eyes on Worlds Theme 2018","id":1321385132,"pst":0,"t":0,"ar":[{"id":1047337,"name":"英雄联盟","tns":[],"alias":[]}],"alia":["英雄联盟2018全球总决赛纪录片主题曲"],"pop":100.0,"st":0,"rt":null,"fee":0,"v":3,"crbt":null,"cf":"","al":{"id":74157638,"name":"Eyes on Worlds Theme 2018","picUrl":"http://p2.music.126.net/MKuVer4YJQE4VQ3XqesplA==/109951163633463653.jpg","tns":[],"pic_str":"109951163633463653","pic":109951163633463653},"dt":70635,"h":{"br":320000,"fid":0,"size":2827538,"vd":-28100.0},"m":{"br":192000,"fid":0,"size":1696540,"vd":-25300.0},"l":{"br":128000,"fid":0,"size":1131041,"vd":-23200.0},"a":null,"cd":"","no":1,"rtUrl":null,"ftype":0,"rtUrls":[],"djId":0,"copyright":0,"s_id":0,"mv":0,"rtype":0,"rurl":null,"mst":9,"cp":0,"publishTime":1540483200007},{"name":"双子","id":557581095,"pst":0,"t":0,"ar":[{"id":1197168,"name":"徐秉龙","tns":[],"alias":[]}],"alia":[],"pop":100.0,"st":0,"rt":null,"fee":8,"v":1,"crbt":null,"cf":"","al":{"id":38592047,"name":"双子","picUrl":"http://p2.music.126.net/8OzHoLnmHswMzQgxmXczmg==/109951163287182565.jpg","tns":[],"pic_str":"109951163287182565","pic":109951163287182565},"dt":230933,"h":{"br":320000,"fid":0,"size":9240076,"vd":0.0},"m":{"br":192000,"fid":0,"size":5544063,"vd":0.0},"l":{"br":128000,"fid":0,"size":3696057,"vd":0.0},"a":null,"cd":"","no":0,"rtUrl":null,"ftype":0,"rtUrls":[],"djId":0,"copyright":0,"s_id":0,"mv":0,"rtype":0,"rurl":null,"mst":9,"cp":0,"publishTime":1525708800007},{"name":"想淋雨就别走","id":1313897816,"pst":0,"t":0,"ar":[{"id":1160085,"name":"Fine乐团","tns":[],"alias":[]}],"alia":[],"pop":100.0,"st":0,"rt":null,"fee":8,"v":7,"crbt":null,"cf":"","al":{"id":73471327,"name":"想淋雨就别走","picUrl":"http://p2.music.126.net/Z2sHJnvUj9_-RYn48iNxCw==/109951163596582581.jpg","tns":[],"pic_str":"109951163596582581","pic":109951163596582581},"dt":281550,"h":{"br":320000,"fid":0,"size":11265089,"vd":-1.9},"m":{"br":192000,"fid":0,"size":6759071,"vd":-1.63},"l":{"br":128000,"fid":0,"size":4506062,"vd":-1.49},"a":null,"cd":"","no":1,"rtUrl":null,"ftype":0,"rtUrls":[],"djId":0,"copyright":1,"s_id":0,"mv":0,"rtype":0,"rurl":null,"mst":9,"cp":0,"publishTime":1539100800007},{"name":"霜降","id":1318877229,"pst":0,"t":0,"ar":[{"id":12174521,"name":"音阙诗听","tns":[],"alias":[]},{"id":12023202,"name":"赵方婧","tns":[],"alias":[]}],"alia":[],"pop":100.0,"st":0,"rt":null,"fee":8,"v":7,"crbt":null,"cf":"","al":{"id":73986667,"name":"霜降","picUrl":"http://p2.music.126.net/OvqpYUwOe3lye4f_YIikEw==/109951163618767758.jpg","tns":[],"pic_str":"109951163618767758","pic":109951163618767758},"dt":167213,"h":{"br":320000,"fid":0,"size":6691570,"vd":-24000.0},"m":{"br":192000,"fid":0,"size":4014960,"vd":-21300.0},"l":null,"a":null,"cd":"","no":1,"rtUrl":null,"ftype":0,"rtUrls":[],"djId":0,"copyright":0,"s_id":0,"mv":10817056,"rtype":0,"rurl":null,"mst":9,"cp":733010,"publishTime":1540224000007},{"name":"昨夜星辰","id":1320098121,"pst":0,"t":0,"ar":[{"id":221425,"name":"Mr. Miss","tns":[],"alias":[]}],"alia":["电视剧《我们的四十年》插曲"],"pop":100.0,"st":0,"rt":null,"fee":8,"v":2,"crbt":null,"cf":"","al":{"id":74064665,"name":"昨夜星辰","picUrl":"http://p1.music.126.net/D3tc7ntnfwvcYsVic5TwKw==/109951163624745556.jpg","tns":[],"pic_str":"109951163624745556","pic":109951163624745556},"dt":193201,"h":{"br":320000,"fid":0,"size":7730199,"vd":-4600.0},"m":{"br":192000,"fid":0,"size":4638137,"vd":-2000.0},"l":null,"a":null,"cd":"","no":1,"rtUrl":null,"ftype":0,"rtUrls":[],"djId":0,"copyright":0,"s_id":0,"mv":0,"rtype":0,"rurl":null,"mst":9,"cp":755014,"publishTime":1540656000007},{"name":"有人","id":1297750769,"pst":0,"t":0,"ar":[{"id":1032247,"name":"赵钶","tns":[],"alias":[]}],"alia":[],"pop":100.0,"st":0,"rt":null,"fee":8,"v":13,"crbt":null,"cf":"","al":{"id":72070880,"name":"有人","picUrl":"http://p2.music.126.net/Q14TNDAXb8DnXTl08wZD7Q==/109951163440240805.jpg","tns":[],"pic_str":"109951163440240805","pic":109951163440240805},"dt":254085,"h":{"br":320000,"fid":0,"size":10165856,"vd":-2.0},"m":{"br":192000,"fid":0,"size":6099531,"vd":-1.0},"l":{"br":128000,"fid":0,"size":4066368,"vd":-1.0},"a":null,"cd":"","no":1,"rtUrl":null,"ftype":0,"rtUrls":[],"djId":0,"copyright":2,"s_id":0,"mv":0,"rtype":0,"rurl":null,"mst":9,"cp":760012,"publishTime":1533225600007},{"name":"押韵歌","id":1319854361,"pst":0,"t":0,"ar":[{"id":12002184,"name":"AR（刘夫阳）","tns":[],"alias":[]}],"alia":[],"pop":100.0,"st":0,"rt":null,"fee":0,"v":10,"crbt":null,"cf":"","al":{"id":74012288,"name":"押韵歌","picUrl":"http://p2.music.126.net/gQHY8dHJqpURLwanBMFPCQ==/109951163620413813.jpg","tns":[],"pic_str":"109951163620413813","pic":109951163620413813},"dt":249573,"h":{"br":320000,"fid":0,"size":9984044,"vd":-0.69},"m":{"br":192000,"fid":0,"size":5990444,"vd":-0.44},"l":{"br":128000,"fid":0,"size":3993644,"vd":-0.35},"a":null,"cd":"","no":1,"rtUrl":null,"ftype":0,"rtUrls":[],"djId":0,"copyright":0,"s_id":0,"mv":0,"rtype":0,"rurl":null,"mst":9,"cp":0,"publishTime":1539964800000},{"name":"23号杀手","id":1319227268,"pst":0,"t":0,"ar":[{"id":1115075,"name":"西瓜JUN","tns":[],"alias":[]}],"alia":[],"pop":100.0,"st":0,"rt":null,"fee":0,"v":10,"crbt":null,"cf":"","al":{"id":73971409,"name":"我是一个莫得感情的杀手","picUrl":"http://p2.music.126.net/2Os0cvlm96R2eNhExQoroQ==/109951163615438871.jpg","tns":[],"pic_str":"109951163615438871","pic":109951163615438871},"dt":166700,"h":{"br":320000,"fid":0,"size":6675897,"vd":-7000.0},"m":{"br":192000,"fid":0,"size":4005555,"vd":-4500.0},"l":null,"a":null,"cd":"","no":1,"rtUrl":null,"ftype":0,"rtUrls":[],"djId":0,"copyright":2,"s_id":0,"mv":0,"rtype":0,"rurl":null,"mst":9,"cp":0,"publishTime":1540051992156},{"name":"给妈妈的歌","id":864489248,"pst":0,"t":0,"ar":[{"id":12065096,"name":"黄旭","tns":[],"alias":[]},{"id":12079219,"name":"李佳隆","tns":[],"alias":[]}],"alia":[],"pop":100.0,"st":0,"rt":null,"fee":0,"v":1,"crbt":null,"cf":"","al":{"id":71720297,"name":"给妈妈的歌","picUrl":"http://p2.music.126.net/CALEUeK-DIJOd5pHCf-LmA==/109951163393170726.jpg","tns":[],"pic_str":"109951163393170726","pic":109951163393170726},"dt":176647,"h":{"br":320000,"fid":0,"size":7068778,"vd":-3.0},"m":{"br":192000,"fid":0,"size":4241284,"vd":-2.0},"l":{"br":128000,"fid":0,"size":2827537,"vd":-2.0},"a":null,"cd":"1","no":1,"rtUrl":null,"ftype":0,"rtUrls":[],"djId":0,"copyright":0,"s_id":0,"mv":0,"rtype":0,"rurl":null,"mst":9,"cp":417014,"publishTime":1531238400000},{"name":"海盗船长2.0","id":571601379,"pst":0,"t":0,"ar":[{"id":8103,"name":"花粥","tns":[],"alias":[]},{"id":1032016,"name":"风子","tns":[],"alias":[]}],"alia":[],"pop":100.0,"st":0,"rt":null,"fee":8,"v":5,"crbt":null,"cf":"","al":{"id":39517921,"name":"粥请客（一）","picUrl":"http://p1.music.126.net/OqfOJEOTevVEafeMRfpq5g==/109951163336170259.jpg","tns":[],"pic_str":"109951163336170259","pic":109951163336170259},"dt":287573,"h":{"br":320000,"fid":0,"size":11505415,"vd":-1.0},"m":{"br":192000,"fid":0,"size":6903266,"vd":-1.0},"l":{"br":128000,"fid":0,"size":4602192,"vd":-1.0},"a":null,"cd":"","no":1,"rtUrl":null,"ftype":0,"rtUrls":[],"djId":0,"copyright":0,"s_id":0,"mv":0,"rtype":0,"rurl":null,"mst":9,"cp":0,"publishTime":1528243200000},{"name":"一生独一","id":572819430,"pst":0,"t":0,"ar":[{"id":12523349,"name":"卢焱","tns":[],"alias":[]}],"alia":[],"pop":100.0,"st":0,"rt":null,"fee":8,"v":12,"crbt":null,"cf":"","al":{"id":39654171,"name":"一生独一","picUrl":"http://p2.music.126.net/maCaAYM1GS5sl9SaBdgfTA==/109951163348574432.jpg","tns":[],"pic_str":"109951163348574432","pic":109951163348574432},"dt":249873,"h":{"br":320000,"fid":0,"size":9997627,"vd":0.0},"m":{"br":192000,"fid":0,"size":5998594,"vd":0.0},"l":{"br":128000,"fid":0,"size":3999077,"vd":0.0},"a":null,"cd":"","no":1,"rtUrl":null,"ftype":0,"rtUrls":[],"djId":0,"copyright":2,"s_id":0,"mv":0,"rtype":0,"rurl":null,"mst":9,"cp":0,"publishTime":1528761600000},{"name":"了解(Knowing)","id":1315169726,"pst":0,"t":0,"ar":[{"id":1079074,"name":"余佳运","tns":[],"alias":[]}],"alia":[],"pop":100.0,"st":0,"rt":null,"fee":8,"v":9,"crbt":null,"cf":"","al":{"id":73728303,"name":"了解(Knowing)","picUrl":"http://p1.music.126.net/pyuYQDkbKX_4RNo0Lg567g==/109951163585051227.jpg","tns":[],"pic_str":"109951163585051227","pic":109951163585051227},"dt":216190,"h":{"br":320000,"fid":0,"size":8650754,"vd":0.0},"m":{"br":192000,"fid":0,"size":5190470,"vd":0.0},"l":{"br":128000,"fid":0,"size":3460328,"vd":0.0},"a":null,"cd":"","no":1,"rtUrl":null,"ftype":0,"rtUrls":[],"djId":0,"copyright":0,"s_id":0,"mv":0,"rtype":0,"rurl":null,"mst":9,"cp":0,"publishTime":1538582400000},{"name":"这是你想要的生活吗","id":1297750680,"pst":0,"t":0,"ar":[{"id":1050282,"name":"房东的猫","tns":[],"alias":[]}],"alia":[],"pop":100.0,"st":0,"rt":null,"fee":8,"v":10,"crbt":null,"cf":"","al":{"id":72072835,"name":"这是你想要的生活吗","picUrl":"http://p2.music.126.net/XFdWXCIzKZPlWR_vJJYvPA==/109951163439964688.jpg","tns":[],"pic_str":"109951163439964688","pic":109951163439964688},"dt":244596,"h":{"br":320000,"fid":0,"size":9786558,"vd":1.0},"m":{"br":192000,"fid":0,"size":5871952,"vd":1.0},"l":{"br":128000,"fid":0,"size":3914649,"vd":1.0},"a":null,"cd":"","no":1,"rtUrl":null,"ftype":0,"rtUrls":[],"djId":0,"copyright":2,"s_id":0,"mv":0,"rtype":0,"rurl":null,"mst":9,"cp":1384819,"publishTime":1533312000007},{"name":"江南游","id":1320741696,"pst":0,"t":0,"ar":[{"id":1198071,"name":"HOPE-T","tns":[],"alias":[]}],"alia":[],"pop":100.0,"st":0,"rt":null,"fee":8,"v":11,"crbt":null,"cf":"","al":{"id":74071558,"name":"江南游","picUrl":"http://p1.music.126.net/WN_VYV4mmWsq__mij-6aPQ==/109951163627358075.jpg","tns":[],"pic_str":"109951163627358075","pic":109951163627358075},"dt":188569,"h":{"br":320000,"fid":0,"size":7545252,"vd":-73700.0},"m":{"br":192000,"fid":0,"size":4527169,"vd":-71200.0},"l":null,"a":null,"cd":"","no":1,"rtUrl":null,"ftype":0,"rtUrls":[],"djId":0,"copyright":0,"s_id":0,"mv":0,"rtype":0,"rurl":null,"mst":9,"cp":0,"publishTime":1540569600000},{"name":"摸摸它","id":1304302909,"pst":0,"t":0,"ar":[{"id":8103,"name":"花粥","tns":[],"alias":[]},{"id":12270575,"name":"孟凡明","tns":[],"alias":[]}],"alia":[],"pop":100.0,"st":0,"rt":null,"fee":8,"v":7,"crbt":null,"cf":"","al":{"id":72374170,"name":"粥请客（三）","picUrl":"http://p2.music.126.net/nCyMkjJZeBlLPRaBriVG1Q==/109951163497159572.jpg","tns":[],"pic_str":"109951163497159572","pic":109951163497159572},"dt":252500,"h":{"br":320000,"fid":0,"size":10103162,"vd":0.0},"m":{"br":192000,"fid":0,"size":6061915,"vd":0.0},"l":{"br":128000,"fid":0,"size":4041291,"vd":0.0},"a":null,"cd":"","no":1,"rtUrl":null,"ftype":0,"rtUrls":[],"djId":0,"copyright":2,"s_id":0,"mv":0,"rtype":0,"rurl":null,"mst":9,"cp":0,"publishTime":1534896000000},{"name":"流光记","id":1314438112,"pst":0,"t":0,"ar":[{"id":188565,"name":"银临","tns":[],"alias":[]}],"alia":[],"pop":100.0,"st":0,"rt":null,"fee":0,"v":6,"crbt":null,"cf":"","al":{"id":73695990,"name":"流光记","picUrl":"http://p2.music.126.net/hMYhT0w-dZ3xWL1FFDDIqw==/109951163580172000.jpg","tns":[],"pic_str":"109951163580172000","pic":109951163580172000},"dt":285000,"h":{"br":320000,"fid":0,"size":11403015,"vd":-1.0},"m":{"br":192000,"fid":0,"size":6841826,"vd":0.0},"l":{"br":128000,"fid":0,"size":4561232,"vd":0.0},"a":null,"cd":"","no":1,"rtUrl":null,"ftype":0,"rtUrls":[],"djId":0,"copyright":0,"s_id":0,"mv":0,"rtype":0,"rurl":null,"mst":9,"cp":0,"publishTime":1538409600000},{"name":"怦然心动","id":1303185751,"pst":0,"t":0,"ar":[{"id":1198113,"name":"李上安","tns":[],"alias":[]}],"alia":[],"pop":100.0,"st":0,"rt":null,"fee":8,"v":8,"crbt":null,"cf":"","al":{"id":71681536,"name":"慢","picUrl":"http://p1.music.126.net/_XrcPAzO50NZoMpk8FSEPw==/109951163385682767.jpg","tns":[],"pic_str":"109951163385682767","pic":109951163385682767},"dt":233460,"h":{"br":320000,"fid":0,"size":9341431,"vd":0.0},"m":{"br":192000,"fid":0,"size":5604876,"vd":0.0},"l":{"br":128000,"fid":0,"size":3736599,"vd":0.0},"a":null,"cd":"1","no":4,"rtUrl":null,"ftype":0,"rtUrls":[],"djId":0,"copyright":2,"s_id":0,"mv":0,"rtype":0,"rurl":null,"mst":9,"cp":0,"publishTime":1534780800007},{"name":"皇帝的新衣 (Skr)","id":1296645941,"pst":0,"t":0,"ar":[{"id":12002184,"name":"AR（刘夫阳）","tns":[],"alias":[]}],"alia":[],"pop":100.0,"st":0,"rt":null,"fee":0,"v":5,"crbt":null,"cf":"","al":{"id":71974550,"name":"皇帝的新衣 (Skr)","picUrl":"http://p2.music.126.net/TxwwIjyZxV7XbukRcDoRJA==/109951163426881993.jpg","tns":[],"pic_str":"109951163426881993","pic":109951163426881993},"dt":180055,"h":{"br":320000,"fid":0,"size":7204615,"vd":-1.0},"m":{"br":192000,"fid":0,"size":4322786,"vd":-1.0},"l":{"br":128000,"fid":0,"size":2881872,"vd":-1.0},"a":null,"cd":"","no":1,"rtUrl":null,"ftype":0,"rtUrls":[],"djId":0,"copyright":0,"s_id":0,"mv":0,"rtype":0,"rurl":null,"mst":9,"cp":0,"publishTime":1532534400000},{"name":"我已经到了幻想尽头","id":1311347989,"pst":0,"t":0,"ar":[{"id":12174521,"name":"音阙诗听","tns":[],"alias":[]},{"id":12410180,"name":"昆玉","tns":[],"alias":[]}],"alia":[],"pop":100.0,"st":0,"rt":null,"fee":8,"v":3,"crbt":null,"cf":"","al":{"id":73471884,"name":"我已经到了幻想尽头","picUrl":"http://p2.music.126.net/7-9oWOcwjGUSfahEbaP0Qg==/109951163571661446.jpg","tns":[],"pic_str":"109951163571661446","pic":109951163571661446},"dt":182857,"h":{"br":320000,"fid":0,"size":7317464,"vd":-2.89},"m":{"br":192000,"fid":0,"size":4390496,"vd":-2.6199},"l":{"br":128000,"fid":0,"size":2927012,"vd":-2.49},"a":null,"cd":"","no":1,"rtUrl":null,"ftype":0,"rtUrls":[],"djId":0,"copyright":0,"s_id":0,"mv":0,"rtype":0,"rurl":null,"mst":9,"cp":733010,"publishTime":1538064000007},{"name":"Young For You","id":1304931036,"pst":0,"t":0,"ar":[{"id":11679,"name":"GALA","tns":[],"alias":[]}],"alia":[],"pop":100.0,"st":0,"rt":null,"fee":8,"v":1,"crbt":null,"cf":"","al":{"id":72603624,"name":"2的奉献--GALA爱爱爱新年音乐会Vol.1","picUrl":"http://p2.music.126.net/OO59wy9uDFKjmdmb9h2t6A==/109951163512287703.jpg","tns":[],"pic_str":"109951163512287703","pic":109951163512287703},"dt":231178,"h":{"br":320000,"fid":0,"size":9249480,"vd":-1.0},"m":{"br":192000,"fid":0,"size":5549706,"vd":-1.0},"l":{"br":128000,"fid":0,"size":3699818,"vd":-1.0},"a":null,"cd":"1","no":10,"rtUrl":null,"ftype":0,"rtUrls":[],"djId":0,"copyright":0,"s_id":0,"mv":0,"rtype":0,"rurl":null,"mst":9,"cp":0,"publishTime":1538064000007},{"name":"夜宴风波","id":1308819790,"pst":0,"t":0,"ar":[{"id":12174521,"name":"音阙诗听","tns":[],"alias":[]},{"id":12048239,"name":"王梓钰","tns":[],"alias":[]}],"alia":[],"pop":100.0,"st":0,"rt":null,"fee":8,"v":5,"crbt":null,"cf":"","al":{"id":72797107,"name":"夜宴风波","picUrl":"http://p2.music.126.net/PPuulVHufUuWtDNHUjrYYQ==/109951163549298656.jpg","tns":[],"pic_str":"109951163549298656","pic":109951163549298656},"dt":204141,"h":{"br":320000,"fid":0,"size":8168011,"vd":-1.6},"m":{"br":192000,"fid":0,"size":4900824,"vd":-1.35},"l":{"br":128000,"fid":0,"size":3267231,"vd":-1.22},"a":null,"cd":"","no":1,"rtUrl":null,"ftype":0,"rtUrls":[],"djId":0,"copyright":0,"s_id":0,"mv":10779369,"rtype":0,"rurl":null,"mst":9,"cp":733010,"publishTime":1536940800007},{"name":"lose sleep","id":571509989,"pst":0,"t":0,"ar":[{"id":1160075,"name":"lazy boy","tns":[],"alias":[]}],"alia":[],"pop":100.0,"st":0,"rt":null,"fee":0,"v":11,"crbt":null,"cf":"","al":{"id":39506806,"name":"lose sleep","picUrl":"http://p1.music.126.net/z80yQZ7DDB3Vs0qrkz04pw==/109951163335554732.jpg","tns":[],"pic_str":"109951163335554732","pic":109951163335554732},"dt":199700,"h":{"br":320000,"fid":0,"size":7990378,"vd":3.0},"m":{"br":192000,"fid":0,"size":4794244,"vd":4.0},"l":{"br":128000,"fid":0,"size":3196177,"vd":3.0},"a":null,"cd":"","no":1,"rtUrl":null,"ftype":0,"rtUrls":[],"djId":0,"copyright":0,"s_id":0,"mv":0,"rtype":0,"rurl":null,"mst":9,"cp":0,"publishTime":1528243200000},{"name":"你能看到我","id":1297743638,"pst":0,"t":0,"ar":[{"id":12065096,"name":"黄旭","tns":[],"alias":[]},{"id":1203045,"name":"艾热","tns":[],"alias":[]}],"alia":[],"pop":100.0,"st":0,"rt":null,"fee":0,"v":2,"crbt":null,"cf":"","al":{"id":72069827,"name":"你能看到我","picUrl":"http://p2.music.126.net/jsI2rnBaFm4jCOjQ7rnfew==/109951163439689555.jpg","tns":[],"pic_str":"109951163439689555","pic":109951163439689555},"dt":282711,"h":{"br":320000,"fid":0,"size":11311064,"vd":0.0},"m":{"br":192000,"fid":0,"size":6786656,"vd":0.0},"l":{"br":128000,"fid":0,"size":4524452,"vd":0.0},"a":null,"cd":"","no":0,"rtUrl":null,"ftype":0,"rtUrls":[],"djId":0,"copyright":0,"s_id":0,"mv":0,"rtype":0,"rurl":null,"mst":9,"cp":417014,"publishTime":1533312000007},{"name":"彩虹下面","id":1295824647,"pst":0,"t":0,"ar":[{"id":6731,"name":"赵雷","tns":[],"alias":[]}],"alia":["电影《西虹市首富》推广曲"],"pop":100.0,"st":0,"rt":null,"fee":0,"v":17,"crbt":null,"cf":"","al":{"id":71883100,"name":"彩虹下面","picUrl":"http://p2.music.126.net/v3dWeCvmSOqPb4bzYCoA8w==/109951163425838987.jpg","tns":[],"pic_str":"109951163425838987","pic":109951163425838987},"dt":282880,"h":{"br":320000,"fid":0,"size":11317333,"vd":0.0},"m":{"br":192000,"fid":0,"size":6790417,"vd":0.0},"l":{"br":128000,"fid":0,"size":4526959,"vd":0.0},"a":null,"cd":"1","no":1,"rtUrl":null,"ftype":0,"rtUrls":[],"djId":0,"copyright":0,"s_id":0,"mv":10739185,"rtype":0,"rurl":null,"mst":9,"cp":745012,"publishTime":1532275200000},{"name":"遇秦淮","id":1321452690,"pst":0,"t":0,"ar":[{"id":1085053,"name":"变奏的梦想","tns":[],"alias":[]}],"alia":[],"pop":95.0,"st":0,"rt":null,"fee":8,"v":8,"crbt":null,"cf":"","al":{"id":74124132,"name":"遇秦淮","picUrl":"http://p2.music.126.net/Yyht_dPxhLtVpErcv_OXzQ==/109951163633585583.jpg","tns":[],"pic_str":"109951163633585583","pic":109951163633585583},"dt":257919,"h":{"br":320000,"fid":0,"size":10319456,"vd":756.0},"m":{"br":192000,"fid":0,"size":6191691,"vd":0.0},"l":{"br":128000,"fid":0,"size":4127808,"vd":0.0},"a":null,"cd":"","no":1,"rtUrl":null,"ftype":0,"rtUrls":[],"djId":0,"copyright":0,"s_id":0,"mv":0,"rtype":0,"rurl":null,"mst":9,"cp":0,"publishTime":1540804949901},{"name":"Go Slow","id":1320101153,"pst":0,"t":0,"ar":[{"id":12463331,"name":"Deca Joins","tns":[],"alias":[]}],"alia":[],"pop":100.0,"st":0,"rt":null,"fee":8,"v":11,"crbt":null,"cf":"","al":{"id":74061668,"name":"Go Slow","picUrl":"http://p2.music.126.net/keaGuXt2tHp8ekRlzfSORA==/109951163624013358.jpg","tns":[],"pic_str":"109951163624013358","pic":109951163624013358},"dt":192360,"h":{"br":320000,"fid":0,"size":7696762,"vd":1900.0},"m":{"br":192000,"fid":0,"size":4618075,"vd":4500.0},"l":null,"a":null,"cd":"","no":2,"rtUrl":null,"ftype":0,"rtUrls":[],"djId":0,"copyright":2,"s_id":0,"mv":10825069,"rtype":0,"rurl":null,"mst":9,"cp":1400821,"publishTime":1540483200007},{"name":"给我你的爱","id":1313052412,"pst":0,"t":0,"ar":[{"id":1146112,"name":"曾婕Joey.Z","tns":[],"alias":[]}],"alia":[],"pop":100.0,"st":0,"rt":null,"fee":8,"v":13,"crbt":null,"cf":"","al":{"id":73467988,"name":"给我你的爱","picUrl":"http://p2.music.126.net/asfcyZjXJ0xvkYdtijfAyA==/109951163590525339.jpg","tns":[],"pic_str":"109951163590525339","pic":109951163590525339},"dt":269166,"h":{"br":320000,"fid":0,"size":10769807,"vd":-1.76},"m":{"br":192000,"fid":0,"size":6461902,"vd":-1.5},"l":{"br":128000,"fid":0,"size":4307949,"vd":-1.32},"a":null,"cd":"","no":1,"rtUrl":null,"ftype":0,"rtUrls":[],"djId":0,"copyright":1,"s_id":0,"mv":0,"rtype":0,"rurl":null,"mst":9,"cp":748010,"publishTime":1538236800007},{"name":"荔枝糖的味道","id":573721257,"pst":0,"t":0,"ar":[{"id":1021328,"name":"李子阳","tns":[],"alias":[]}],"alia":[],"pop":100.0,"st":0,"rt":null,"fee":8,"v":10,"crbt":null,"cf":"","al":{"id":39684690,"name":"荔枝糖的味道","picUrl":"http://p2.music.126.net/nqg_ps16vnnqGUIPuvOQiw==/109951163358251687.jpg","tns":[],"pic_str":"109951163358251687","pic":109951163358251687},"dt":244318,"h":{"br":320000,"fid":0,"size":9775064,"vd":0.0},"m":{"br":192000,"fid":0,"size":5865056,"vd":0.0},"l":{"br":128000,"fid":0,"size":3910052,"vd":0.0},"a":null,"cd":"","no":1,"rtUrl":null,"ftype":0,"rtUrls":[],"djId":0,"copyright":2,"s_id":0,"mv":0,"rtype":0,"rurl":null,"mst":9,"cp":0,"publishTime":1529107200000},{"name":"从头","id":1308818167,"pst":0,"t":0,"ar":[{"id":1007170,"name":"陈粒","tns":[],"alias":[]}],"alia":[],"pop":100.0,"st":0,"rt":null,"fee":8,"v":1,"crbt":null,"cf":"","al":{"id":72794957,"name":"从头","picUrl":"http://p1.music.126.net/ewafe5uApGKwX7o9c8Ygag==/109951163544830874.jpg","tns":[],"pic_str":"109951163544830874","pic":109951163544830874},"dt":208370,"h":{"br":320000,"fid":0,"size":8337285,"vd":-4.0},"m":{"br":192000,"fid":0,"size":5002388,"vd":-3.0},"l":{"br":128000,"fid":0,"size":3334940,"vd":-3.0},"a":null,"cd":"","no":0,"rtUrl":null,"ftype":0,"rtUrls":[],"djId":0,"copyright":0,"s_id":0,"mv":0,"rtype":0,"rurl":null,"mst":9,"cp":723017,"publishTime":1536681600007},{"name":"挽留","id":1320100115,"pst":0,"t":0,"ar":[{"id":12174110,"name":"崔开潮","tns":[],"alias":[]}],"alia":[],"pop":100.0,"st":0,"rt":null,"fee":8,"v":11,"crbt":null,"cf":"","al":{"id":73962656,"name":"智齿","picUrl":"http://p2.music.126.net/btQw6bXEfaFXxj7J1nTFrA==/109951163638065691.jpg","tns":[],"pic_str":"109951163638065691","pic":109951163638065691},"dt":164397,"h":{"br":320000,"fid":0,"size":6578721,"vd":-19300.0},"m":{"br":192000,"fid":0,"size":3947250,"vd":-16600.0},"l":{"br":128000,"fid":0,"size":2631515,"vd":-15000.0},"a":null,"cd":"","no":5,"rtUrl":null,"ftype":0,"rtUrls":[],"djId":0,"copyright":1,"s_id":0,"mv":0,"rtype":0,"rurl":null,"mst":9,"cp":0,"publishTime":1541001600007},{"name":"通过验证","id":1306496663,"pst":0,"t":0,"ar":[{"id":12127564,"name":"艾福杰尼","tns":[],"alias":[]}],"alia":[],"pop":100.0,"st":0,"rt":null,"fee":0,"v":1,"crbt":null,"cf":"","al":{"id":72797791,"name":"通过验证","picUrl":"http://p2.music.126.net/IRWuy_vihVj6CX9o9AKcmQ==/109951163536411219.jpg","tns":[],"pic_str":"109951163536411219","pic":109951163536411219},"dt":217981,"h":{"br":320000,"fid":0,"size":8721807,"vd":-1.0},"m":{"br":192000,"fid":0,"size":5233102,"vd":-1.0},"l":{"br":128000,"fid":0,"size":3488749,"vd":-1.0},"a":null,"cd":"","no":0,"rtUrl":null,"ftype":0,"rtUrls":[],"djId":0,"copyright":0,"s_id":0,"mv":0,"rtype":0,"rurl":null,"mst":9,"cp":659011,"publishTime":1536249600007,"tns":["She Answered"]},{"name":"China-E","id":1304920086,"pst":0,"t":0,"ar":[{"id":1142042,"name":"徐梦圆","tns":[],"alias":[]}],"alia":[],"pop":100.0,"st":0,"rt":null,"fee":8,"v":2,"crbt":null,"cf":"","al":{"id":72607640,"name":"China-E","picUrl":"http://p2.music.126.net/tTH10cFyn0LKQh2FYJL9JQ==/109951163512571949.jpg","tns":[],"pic_str":"109951163512571949","pic":109951163512571949},"dt":204552,"h":{"br":320000,"fid":0,"size":8184729,"vd":0.0},"m":{"br":192000,"fid":0,"size":4910855,"vd":0.0},"l":{"br":128000,"fid":0,"size":3273918,"vd":0.0},"a":null,"cd":"","no":0,"rtUrl":null,"ftype":0,"rtUrls":[],"djId":0,"copyright":0,"s_id":0,"mv":0,"rtype":0,"rurl":null,"mst":9,"cp":673011,"publishTime":1535040000007},{"name":"梁家姑娘","id":863489981,"pst":0,"t":0,"ar":[{"id":1021160,"name":"烟把儿","tns":[],"alias":[]}],"alia":[],"pop":100.0,"st":0,"rt":null,"fee":8,"v":14,"crbt":null,"cf":"","al":{"id":71613240,"name":"梁家姑娘","picUrl":"http://p2.music.126.net/YQBFA-DRfNDfjgTYyRWCgA==/109951163396699204.jpg","tns":[],"pic_str":"109951163396699204","pic":109951163396699204},"dt":225156,"h":{"br":320000,"fid":0,"size":9009154,"vd":0.0},"m":{"br":192000,"fid":0,"size":5405510,"vd":0.0},"l":{"br":128000,"fid":0,"size":3603688,"vd":0.0},"a":null,"cd":"","no":1,"rtUrl":null,"ftype":0,"rtUrls":[],"djId":0,"copyright":2,"s_id":0,"mv":0,"rtype":0,"rurl":null,"mst":9,"cp":0,"publishTime":1530979200007},{"name":"失态","id":1318880074,"pst":0,"t":0,"ar":[{"id":1032247,"name":"赵钶","tns":[],"alias":[]}],"alia":[],"pop":100.0,"st":0,"rt":null,"fee":8,"v":9,"crbt":null,"cf":"","al":{"id":73985637,"name":"失态","picUrl":"http://p2.music.126.net/54XaifVxVyIn2nFdz6ZxEw==/109951163612692304.jpg","tns":[],"pic_str":"109951163612692304","pic":109951163612692304},"dt":263585,"h":{"br":320000,"fid":0,"size":10546199,"vd":-11500.0},"m":{"br":192000,"fid":0,"size":6327737,"vd":-8900.0},"l":null,"a":null,"cd":"","no":0,"rtUrl":null,"ftype":0,"rtUrls":[],"djId":0,"copyright":2,"s_id":0,"mv":0,"rtype":0,"rurl":null,"mst":9,"cp":760012,"publishTime":1540051200007},{"name":"惊蛰","id":862099159,"pst":0,"t":0,"ar":[{"id":12174521,"name":"音阙诗听","tns":[],"alias":[]},{"id":12048239,"name":"王梓钰","tns":[],"alias":[]}],"alia":[],"pop":100.0,"st":0,"rt":null,"fee":8,"v":2,"crbt":null,"cf":"","al":{"id":71611669,"name":"惊蛰","picUrl":"http://p2.music.126.net/5MmXpaP9r88tNzExPGMI8Q==/109951163370350985.jpg","tns":[],"pic_str":"109951163370350985","pic":109951163370350985},"dt":241967,"h":{"br":320000,"fid":0,"size":9681023,"vd":-3.0},"m":{"br":192000,"fid":0,"size":5808631,"vd":-2.0},"l":{"br":128000,"fid":0,"size":3872435,"vd":-2.0},"a":null,"cd":"","no":1,"rtUrl":null,"ftype":0,"rtUrls":[],"djId":0,"copyright":0,"s_id":0,"mv":0,"rtype":0,"rurl":null,"mst":9,"cp":733010,"publishTime":1529856000007},{"name":"离开你的城市后","id":863492743,"pst":0,"t":0,"ar":[{"id":12077204,"name":"陈壹千","tns":[],"alias":[]}],"alia":[],"pop":100.0,"st":0,"rt":null,"fee":0,"v":4,"crbt":null,"cf":"","al":{"id":71684967,"name":"离开你的城市后","picUrl":"http://p1.music.126.net/45634l0yUQ_sn9txSBYtwQ==/109951163381808991.jpg","tns":[],"pic_str":"109951163381808991","pic":109951163381808991},"dt":281216,"h":{"br":320000,"fid":0,"size":11251505,"vd":0.0},"m":{"br":192000,"fid":0,"size":6750920,"vd":0.0},"l":{"br":128000,"fid":0,"size":4500628,"vd":0.0},"a":null,"cd":"","no":1,"rtUrl":null,"ftype":0,"rtUrls":[],"djId":0,"copyright":0,"s_id":0,"mv":0,"rtype":0,"rurl":null,"mst":9,"cp":0,"publishTime":1530230400000},{"name":"上里与手抄卷","id":1296550461,"pst":0,"t":0,"ar":[{"id":12025552,"name":"双笙","tns":[],"alias":[]},{"id":4621,"name":"闫东炜","tns":[],"alias":[]}],"alia":[],"pop":100.0,"st":0,"rt":null,"fee":0,"v":17,"crbt":null,"cf":"","al":{"id":72014774,"name":"上里与手抄卷","picUrl":"http://p2.music.126.net/F6UFAwFC1zkzifDJ9JEXcQ==/109951163435093197.jpg","tns":[],"pic_str":"109951163435093197","pic":109951163435093197},"dt":319500,"h":{"br":320000,"fid":0,"size":12782280,"vd":0.0},"m":{"br":192000,"fid":0,"size":7669386,"vd":0.0},"l":{"br":128000,"fid":0,"size":5112938,"vd":0.0},"a":null,"cd":"1","no":1,"rtUrl":null,"ftype":0,"rtUrls":[],"djId":0,"copyright":2,"s_id":0,"mv":0,"rtype":0,"rurl":null,"mst":9,"cp":558010,"publishTime":1532620800000},{"name":"“End of the world”","id":1298655068,"pst":0,"t":0,"ar":[{"id":12236269,"name":"Trouble.Z","tns":[],"alias":[]},{"id":865007,"name":"法老","tns":[],"alias":[]},{"id":1153005,"name":"situasian张太郎","tns":[],"alias":[]}],"alia":[],"pop":100.0,"st":0,"rt":null,"fee":0,"v":4,"crbt":null,"cf":"","al":{"id":72067319,"name":"End of the world","picUrl":"http://p2.music.126.net/tAoZ1b2JntmPBAaCROTegA==/109951163439540253.jpg","tns":[],"pic_str":"109951163439540253","pic":109951163439540253},"dt":285913,"h":{"br":320000,"fid":0,"size":11439587,"vd":-2.0},"m":{"br":192000,"fid":0,"size":6863769,"vd":-2.0},"l":{"br":128000,"fid":0,"size":4575861,"vd":-2.0},"a":null,"cd":"","no":1,"rtUrl":null,"ftype":0,"rtUrls":[],"djId":0,"copyright":0,"s_id":0,"mv":0,"rtype":0,"rurl":null,"mst":9,"cp":0,"publishTime":1533254400000},{"name":"月满清爵","id":1319146111,"pst":0,"t":0,"ar":[{"id":12085569,"name":"李蚊香","tns":[],"alias":[]}],"alia":[],"pop":100.0,"st":0,"rt":null,"fee":0,"v":16,"crbt":null,"cf":"","al":{"id":73956320,"name":"月满清爵","picUrl":"http://p1.music.126.net/2GbzJ2xooE6kvYn860A4TA==/109951163614546659.jpg","tns":[],"pic_str":"109951163614546659","pic":109951163614546659},"dt":249161,"h":{"br":320000,"fid":0,"size":9969415,"vd":-2.0},"m":{"br":192000,"fid":0,"size":5981666,"vd":-2.0},"l":null,"a":null,"cd":"","no":1,"rtUrl":null,"ftype":0,"rtUrls":[],"djId":0,"copyright":0,"s_id":0,"mv":0,"rtype":0,"rurl":null,"mst":9,"cp":0,"publishTime":1540031241633},{"name":"这酒馆以后就我一个人来了","id":1299424231,"pst":0,"t":0,"ar":[{"id":1085047,"name":"棱镜","tns":[],"alias":[]}],"alia":[],"pop":100.0,"st":0,"rt":null,"fee":8,"v":21,"crbt":null,"cf":"","al":{"id":73702798,"name":"一次有预谋的初次相遇","picUrl":"http://p2.music.126.net/RfUHXkanpxImcaGqFNWBeA==/109951163598901405.jpg","tns":[],"pic_str":"109951163598901405","pic":109951163598901405},"dt":240476,"h":{"br":320000,"fid":0,"size":9621464,"vd":-600.0},"m":{"br":192000,"fid":0,"size":5772896,"vd":0.0},"l":null,"a":null,"cd":"1","no":2,"rtUrl":null,"ftype":0,"rtUrls":[],"djId":0,"copyright":2,"s_id":0,"mv":0,"rtype":0,"rurl":null,"mst":9,"cp":1400821,"publishTime":1533484800000},{"name":"夜间飞行","id":1319474303,"pst":0,"t":0,"ar":[{"id":12003038,"name":"凯瑟喵","tns":[],"alias":[]}],"alia":[],"pop":100.0,"st":0,"rt":null,"fee":8,"v":11,"crbt":null,"cf":"","al":{"id":74000001,"name":"夜间飞行","picUrl":"http://p2.music.126.net/KSha5HwL-eW9ho1WI_AFkQ==/109951163617376342.jpg","tns":[],"pic_str":"109951163617376342","pic":109951163617376342},"dt":192052,"h":{"br":320000,"fid":0,"size":7684223,"vd":-2.0E-4},"m":{"br":192000,"fid":0,"size":4610551,"vd":0.078},"l":{"br":128000,"fid":0,"size":3073715,"vd":0.0395},"a":null,"cd":"","no":1,"rtUrl":null,"ftype":0,"rtUrls":[],"djId":0,"copyright":0,"s_id":0,"mv":0,"rtype":0,"rurl":null,"mst":9,"cp":0,"publishTime":1540126399601},{"name":"好梦","id":1320690504,"pst":0,"t":0,"ar":[{"id":1146106,"name":"苏琛","tns":[],"alias":[]}],"alia":[],"pop":100.0,"st":0,"rt":null,"fee":0,"v":9,"crbt":null,"cf":"","al":{"id":74075295,"name":"好梦","picUrl":"http://p1.music.126.net/t4pKvvXjuRbPtG2izuN7ig==/109951163626832879.jpg","tns":[],"pic_str":"109951163626832879","pic":109951163626832879},"dt":232366,"h":{"br":320000,"fid":0,"size":9297546,"vd":2100.0},"m":{"br":192000,"fid":0,"size":5578545,"vd":4700.0},"l":{"br":128000,"fid":0,"size":3719044,"vd":6200.0},"a":null,"cd":"","no":1,"rtUrl":null,"ftype":0,"rtUrls":[],"djId":0,"copyright":2,"s_id":0,"mv":0,"rtype":0,"rurl":null,"mst":9,"cp":0,"publishTime":1540554448475},{"name":"MT永不独行","id":1320097342,"pst":0,"t":0,"ar":[{"id":12140247,"name":"小缘","tns":[],"alias":[]},{"id":0,"name":"小旭音乐","tns":[],"alias":[]}],"alia":["《我叫MT4》游戏主题曲"],"pop":95.0,"st":0,"rt":null,"fee":0,"v":5,"crbt":null,"cf":"","al":{"id":74064732,"name":"MT永不独行","picUrl":"http://p2.music.126.net/Xdax5VKD2QcTeNfZ6N8ETQ==/109951163628448273.jpg","tns":[],"pic_str":"109951163628448273","pic":109951163628448273},"dt":215181,"h":{"br":320000,"fid":0,"size":8610003,"vd":-50400.0},"m":{"br":192000,"fid":0,"size":5166019,"vd":-48000.0},"l":null,"a":null,"cd":"","no":1,"rtUrl":null,"ftype":0,"rtUrls":[],"djId":0,"copyright":0,"s_id":0,"mv":10829037,"rtype":0,"rurl":null,"mst":9,"cp":533014,"publishTime":1540742400007},{"name":"华年","id":542667160,"pst":0,"t":0,"ar":[{"id":1195028,"name":"鹿先森乐队","tns":[],"alias":[]}],"alia":[],"pop":100.0,"st":0,"rt":null,"fee":8,"v":28,"crbt":null,"cf":"","al":{"id":71810639,"name":"华年","picUrl":"http://p2.music.126.net/r94mVfx8ERhRr7Zzemhd_w==/109951163405599390.jpg","tns":[],"pic_str":"109951163405599390","pic":109951163405599390},"dt":259310,"h":{"br":320000,"fid":0,"size":10374836,"vd":-2.0},"m":{"br":192000,"fid":0,"size":6224919,"vd":-2.0},"l":{"br":128000,"fid":0,"size":4149960,"vd":-2.0},"a":null,"cd":"","no":5,"rtUrl":null,"ftype":0,"rtUrls":[],"djId":0,"copyright":0,"s_id":0,"mv":5843822,"rtype":0,"rurl":null,"mst":9,"cp":36016,"publishTime":1531670400007},{"name":"Love Song","id":1313870242,"pst":0,"t":0,"ar":[{"id":1194019,"name":"Schoolgirl byebye","tns":[],"alias":[]}],"alia":[],"pop":100.0,"st":0,"rt":null,"fee":8,"v":4,"crbt":null,"cf":"","al":{"id":73704905,"name":"No Romantics in China","picUrl":"http://p1.music.126.net/eH9LRTIeAMs9Ya5xI0OjKA==/109951163576847785.jpg","tns":[],"pic_str":"109951163576847785","pic":109951163576847785},"dt":357520,"h":{"br":320000,"fid":0,"size":14303652,"vd":-3.0},"m":{"br":192000,"fid":0,"size":8582209,"vd":-2.0},"l":{"br":128000,"fid":0,"size":5721487,"vd":-2.0},"a":null,"cd":"1","no":4,"rtUrl":null,"ftype":0,"rtUrls":[],"djId":0,"copyright":1,"s_id":0,"mv":0,"rtype":0,"rurl":null,"mst":9,"cp":22036,"publishTime":1538928000007},{"name":"你是我六点十分的想念","id":571463691,"pst":0,"t":0,"ar":[{"id":13111159,"name":"姜铭杨","tns":[],"alias":[]},{"id":0,"name":"闷猪","tns":[],"alias":[]}],"alia":[],"pop":100.0,"st":0,"rt":null,"fee":0,"v":4,"crbt":null,"cf":"","al":{"id":39524391,"name":"你是我六点十分的想念","picUrl":"http://p2.music.126.net/fKcGjulNeXZITiDVFVtYFA==/109951163335190544.jpg","tns":[],"pic_str":"109951163335190544","pic":109951163335190544},"dt":205707,"h":{"br":320000,"fid":0,"size":8230705,"vd":0.0},"m":{"br":192000,"fid":0,"size":4938440,"vd":0.0},"l":{"br":128000,"fid":0,"size":3292308,"vd":0.0},"a":null,"cd":"","no":1,"rtUrl":null,"ftype":0,"rtUrls":[],"djId":0,"copyright":0,"s_id":0,"mv":0,"rtype":0,"rurl":null,"mst":9,"cp":0,"publishTime":1528041600000},{"name":"慌张","id":1297743129,"pst":0,"t":0,"ar":[{"id":12259686,"name":"赵登凯","tns":[],"alias":[]}],"alia":[],"pop":100.0,"st":0,"rt":null,"fee":0,"v":3,"crbt":null,"cf":"","al":{"id":72072650,"name":"慌张","picUrl":"http://p2.music.126.net/6CEc8t_sCVelnVUqJglO4g==/109951163435277744.jpg","tns":[],"pic_str":"109951163435277744","pic":109951163435277744},"dt":311555,"h":{"br":320000,"fid":0,"size":12464631,"vd":0.0},"m":{"br":192000,"fid":0,"size":7478796,"vd":0.0},"l":{"br":128000,"fid":0,"size":4985879,"vd":0.0},"a":null,"cd":"","no":0,"rtUrl":null,"ftype":0,"rtUrls":[],"djId":0,"copyright":0,"s_id":0,"mv":10754095,"rtype":0,"rurl":null,"mst":9,"cp":0,"publishTime":1533052800007},{"name":"秦楼月","id":1320100263,"pst":0,"t":0,"ar":[{"id":12050022,"name":"裂天","tns":[],"alias":[]},{"id":1047223,"name":"玉璇玑","tns":[],"alias":[]}],"alia":[],"pop":95.0,"st":0,"rt":null,"fee":8,"v":5,"crbt":null,"cf":"","al":{"id":74061723,"name":"秦楼月","picUrl":"http://p2.music.126.net/fg_oLPkW8SzSCH0k7JxKxQ==/109951163626116568.jpg","tns":[],"pic_str":"109951163626116568","pic":109951163626116568},"dt":247820,"h":{"br":320000,"fid":0,"size":9915080,"vd":-18600.0},"m":{"br":192000,"fid":0,"size":5949066,"vd":-16200.0},"l":null,"a":null,"cd":"","no":1,"rtUrl":null,"ftype":0,"rtUrls":[],"djId":0,"copyright":0,"s_id":0,"mv":10823110,"rtype":0,"rurl":null,"mst":9,"cp":1372818,"publishTime":1540483200007},{"name":"我要和你在一起","id":1302066182,"pst":0,"t":0,"ar":[{"id":12028291,"name":"伏仪","tns":[],"alias":[]}],"alia":[],"pop":100.0,"st":0,"rt":null,"fee":8,"v":3,"crbt":null,"cf":"","al":{"id":72299899,"name":"我要和你在一起","picUrl":"http://p2.music.126.net/8wzJ2jO1GSO69W3hWXoeFg==/109951163462835775.jpg","tns":["For You"],"pic_str":"109951163462835775","pic":109951163462835775},"dt":201015,"h":{"br":320000,"fid":0,"size":8043668,"vd":0.0},"m":{"br":192000,"fid":0,"size":4826218,"vd":0.0},"l":{"br":128000,"fid":0,"size":3217493,"vd":0.0},"a":null,"cd":"","no":0,"rtUrl":null,"ftype":0,"rtUrls":[],"djId":0,"copyright":0,"s_id":0,"mv":10758180,"rtype":0,"rurl":null,"mst":9,"cp":36016,"publishTime":1534435200007,"tns":["For You"]}],"trackIds":[{"id":1318571189,"v":11,"lr":1},{"id":1321391025,"v":2},{"id":1321518222,"v":5},{"id":1320101152,"v":13},{"id":1321446580,"v":11},{"id":1320098188,"v":4},{"id":1320851312,"v":4},{"id":1318571230,"v":13,"lr":0},{"id":1320101122,"v":2},{"id":1321382129,"v":6},{"id":1321382274,"v":4},{"id":1320101383,"v":62},{"id":1321385094,"v":3},{"id":1320643450,"v":13},{"id":1311408750,"v":13},{"id":1321385243,"v":4},{"id":1319688117,"v":2},{"id":1321036669,"v":9},{"id":1318932957,"v":3},{"id":1320322527,"v":8},{"id":1321424057,"v":4},{"id":1321600008,"v":12},{"id":1320389341,"v":16},{"id":574566207,"v":9,"lr":20},{"id":569214126,"v":12,"lr":21},{"id":557584888,"v":3,"lr":22},{"id":1319225007,"v":8,"lr":3},{"id":1321382163,"v":4},{"id":1313354324,"v":19,"lr":24},{"id":571338083,"v":1,"lr":26},{"id":1313107233,"v":2,"lr":28},{"id":562594322,"v":6,"lr":29},{"id":1321392023,"v":2},{"id":1313052960,"v":8},{"id":1294899029,"v":11,"lr":31},{"id":562598081,"v":8,"lr":32},{"id":1311345316,"v":4},{"id":1318156992,"v":9,"lr":30},{"id":1321173464,"v":4},{"id":1318430037,"v":5,"lr":23},{"id":571545218,"v":13},{"id":1318303048,"v":5,"lr":7},{"id":1320098356,"v":2},{"id":1311347305,"v":8,"lr":35},{"id":1320683464,"v":9},{"id":1303019637,"v":6,"lr":36},{"id":1318568346,"v":9,"lr":25},{"id":1321576128,"v":5},{"id":1321382172,"v":2},{"id":1317457541,"v":2,"lr":12},{"id":862100828,"v":3,"lr":38},{"id":1321385132,"v":3},{"id":557581095,"v":1,"lr":40},{"id":1313897816,"v":7,"lr":33},{"id":1318877229,"v":7},{"id":1320098121,"v":2},{"id":1297750769,"v":13,"lr":47},{"id":1319854361,"v":10,"lr":11},{"id":1319227268,"v":10,"lr":27},{"id":864489248,"v":1,"lr":43},{"id":571601379,"v":5,"lr":49},{"id":572819430,"v":12,"lr":52},{"id":1315169726,"v":9,"lr":41},{"id":1297750680,"v":10,"lr":46},{"id":1320741696,"v":11},{"id":1304302909,"v":7,"lr":53},{"id":1314438112,"v":6,"lr":44},{"id":1303185751,"v":8},{"id":1296645941,"v":5,"lr":56},{"id":1311347989,"v":3,"lr":45},{"id":1304931036,"v":1,"lr":50},{"id":1308819790,"v":5,"lr":59},{"id":571509989,"v":11,"lr":64},{"id":1297743638,"v":2,"lr":60},{"id":1295824647,"v":17,"lr":66},{"id":1321452690,"v":8},{"id":1320101153,"v":11},{"id":1313052412,"v":13,"lr":55},{"id":573721257,"v":10},{"id":1308818167,"v":1,"lr":58},{"id":1320100115,"v":11},{"id":1306496663,"v":1,"lr":69},{"id":1304920086,"v":2,"lr":72},{"id":863489981,"v":14},{"id":1318880074,"v":9,"lr":34},{"id":862099159,"v":2},{"id":863492743,"v":4,"lr":63},{"id":1296550461,"v":17,"lr":80},{"id":1298655068,"v":4,"lr":82},{"id":1319146111,"v":16,"lr":42},{"id":1299424231,"v":21,"lr":68},{"id":1319474303,"v":11,"lr":48},{"id":1320690504,"v":9},{"id":1320097342,"v":5},{"id":542667160,"v":28,"lr":84},{"id":1313870242,"v":4},{"id":571463691,"v":4,"lr":62},{"id":1297743129,"v":3,"lr":99},{"id":1320100263,"v":5},{"id":1302066182,"v":3}],"tags":[],"subscribedCount":346886,"cloudTrackCount":0,"userId":201586,"coverImgId":18740076185638788,"updateTime":1541041479868,"newImported":false,"specialType":10,"privacy":0,"trackUpdateTime":1541145881911,"trackCount":100,"commentThreadId":"A_PL_0_2884035","coverImgUrl":"http://p4.music.126.net/sBzD11nforcuh1jdLSgX7g==/18740076185638788.jpg","playCount":225227408,"description":"云音乐独立原创音乐人作品官方榜单，以推荐优秀原创作品为目的。每周四网易云音乐首发。申请网易音乐人：http://music.163.com/nmusician/","ordered":true,"status":0,"adType":0,"trackNumberUpdateTime":1541041479750,"createTime":1374732325894,"highQuality":false,"name":"网易原创歌曲榜","id":2884035,"shareCount":2146,"coverImgId_str":"18740076185638788","ToplistType":"O","commentCount":7891},"code":200,"privileges":[{"id":1318571189,"fee":8,"payed":0,"st":0,"pl":128000,"dl":0,"sp":7,"cp":1,"subp":1,"cs":false,"maxbr":999000,"fl":128000,"toast":false,"flag":0,"preSell":false},{"id":1321391025,"fee":8,"payed":0,"st":0,"pl":128000,"dl":0,"sp":7,"cp":1,"subp":1,"cs":false,"maxbr":999000,"fl":128000,"toast":false,"flag":0,"preSell":false},{"id":1321518222,"fee":0,"payed":0,"st":0,"pl":320000,"dl":320000,"sp":7,"cp":1,"subp":1,"cs":false,"maxbr":999000,"fl":320000,"toast":false,"flag":0,"preSell":false},{"id":1320101152,"fee":8,"payed":0,"st":0,"pl":128000,"dl":0,"sp":7,"cp":1,"subp":1,"cs":false,"maxbr":999000,"fl":128000,"toast":false,"flag":0,"preSell":false},{"id":1321446580,"fee":8,"payed":0,"st":0,"pl":128000,"dl":0,"sp":7,"cp":1,"subp":1,"cs":false,"maxbr":999000,"fl":128000,"toast":false,"flag":2,"preSell":false},{"id":1320098188,"fee":8,"payed":0,"st":0,"pl":128000,"dl":0,"sp":7,"cp":1,"subp":1,"cs":false,"maxbr":999000,"fl":128000,"toast":false,"flag":0,"preSell":false},{"id":1320851312,"fee":0,"payed":0,"st":0,"pl":320000,"dl":320000,"sp":7,"cp":1,"subp":1,"cs":false,"maxbr":999000,"fl":320000,"toast":false,"flag":0,"preSell":false},{"id":1318571230,"fee":8,"payed":0,"st":0,"pl":128000,"dl":0,"sp":7,"cp":1,"subp":1,"cs":false,"maxbr":999000,"fl":128000,"toast":false,"flag":256,"preSell":false},{"id":1320101122,"fee":8,"payed":0,"st":0,"pl":128000,"dl":0,"sp":7,"cp":1,"subp":1,"cs":false,"maxbr":999000,"fl":128000,"toast":false,"flag":128,"preSell":false},{"id":1321382129,"fee":8,"payed":0,"st":0,"pl":128000,"dl":0,"sp":7,"cp":1,"subp":1,"cs":false,"maxbr":999000,"fl":128000,"toast":false,"flag":0,"preSell":false},{"id":1321382274,"fee":8,"payed":0,"st":0,"pl":128000,"dl":0,"sp":7,"cp":1,"subp":1,"cs":false,"maxbr":999000,"fl":128000,"toast":false,"flag":2,"preSell":false},{"id":1320101383,"fee":8,"payed":0,"st":0,"pl":128000,"dl":0,"sp":7,"cp":1,"subp":1,"cs":false,"maxbr":999000,"fl":128000,"toast":false,"flag":0,"preSell":false},{"id":1321385094,"fee":8,"payed":0,"st":0,"pl":128000,"dl":0,"sp":7,"cp":1,"subp":1,"cs":false,"maxbr":999000,"fl":128000,"toast":false,"flag":0,"preSell":false},{"id":1320643450,"fee":0,"payed":0,"st":0,"pl":320000,"dl":320000,"sp":7,"cp":1,"subp":1,"cs":false,"maxbr":999000,"fl":320000,"toast":false,"flag":128,"preSell":false},{"id":1311408750,"fee":0,"payed":0,"st":0,"pl":320000,"dl":320000,"sp":7,"cp":1,"subp":1,"cs":false,"maxbr":999000,"fl":320000,"toast":false,"flag":128,"preSell":false},{"id":1321385243,"fee":8,"payed":0,"st":0,"pl":128000,"dl":0,"sp":7,"cp":1,"subp":1,"cs":false,"maxbr":999000,"fl":128000,"toast":false,"flag":0,"preSell":false},{"id":1319688117,"fee":8,"payed":0,"st":0,"pl":128000,"dl":0,"sp":7,"cp":1,"subp":1,"cs":false,"maxbr":999000,"fl":128000,"toast":false,"flag":128,"preSell":false},{"id":1321036669,"fee":0,"payed":0,"st":0,"pl":320000,"dl":320000,"sp":7,"cp":1,"subp":1,"cs":false,"maxbr":999000,"fl":320000,"toast":false,"flag":2,"preSell":false},{"id":1318932957,"fee":8,"payed":0,"st":0,"pl":128000,"dl":0,"sp":7,"cp":1,"subp":1,"cs":false,"maxbr":320000,"fl":128000,"toast":false,"flag":132,"preSell":false},{"id":1320322527,"fee":0,"payed":0,"st":0,"pl":320000,"dl":320000,"sp":7,"cp":1,"subp":1,"cs":false,"maxbr":999000,"fl":320000,"toast":false,"flag":128,"preSell":false},{"id":1321424057,"fee":8,"payed":0,"st":0,"pl":128000,"dl":0,"sp":7,"cp":1,"subp":1,"cs":false,"maxbr":999000,"fl":128000,"toast":false,"flag":0,"preSell":false},{"id":1321600008,"fee":8,"payed":0,"st":0,"pl":128000,"dl":0,"sp":7,"cp":1,"subp":1,"cs":false,"maxbr":999000,"fl":128000,"toast":false,"flag":0,"preSell":false},{"id":1320389341,"fee":8,"payed":0,"st":0,"pl":128000,"dl":0,"sp":7,"cp":1,"subp":1,"cs":false,"maxbr":999000,"fl":128000,"toast":false,"flag":0,"preSell":false},{"id":574566207,"fee":8,"payed":0,"st":0,"pl":128000,"dl":0,"sp":7,"cp":1,"subp":1,"cs":false,"maxbr":999000,"fl":128000,"toast":false,"flag":0,"preSell":false},{"id":569214126,"fee":8,"payed":0,"st":0,"pl":128000,"dl":0,"sp":7,"cp":1,"subp":1,"cs":false,"maxbr":999000,"fl":128000,"toast":false,"flag":0,"preSell":false},{"id":557584888,"fee":8,"payed":0,"st":0,"pl":128000,"dl":0,"sp":7,"cp":1,"subp":1,"cs":false,"maxbr":999000,"fl":128000,"toast":false,"flag":0,"preSell":false},{"id":1319225007,"fee":8,"payed":0,"st":0,"pl":128000,"dl":0,"sp":7,"cp":1,"subp":1,"cs":false,"maxbr":999000,"fl":128000,"toast":false,"flag":0,"preSell":false},{"id":1321382163,"fee":8,"payed":0,"st":0,"pl":128000,"dl":0,"sp":7,"cp":1,"subp":1,"cs":false,"maxbr":999000,"fl":128000,"toast":false,"flag":2,"preSell":false},{"id":1313354324,"fee":8,"payed":0,"st":0,"pl":128000,"dl":0,"sp":7,"cp":1,"subp":1,"cs":false,"maxbr":999000,"fl":128000,"toast":false,"flag":0,"preSell":false},{"id":571338083,"fee":8,"payed":0,"st":0,"pl":128000,"dl":0,"sp":7,"cp":1,"subp":1,"cs":false,"maxbr":999000,"fl":128000,"toast":false,"flag":0,"preSell":false},{"id":1313107233,"fee":8,"payed":0,"st":0,"pl":128000,"dl":0,"sp":7,"cp":1,"subp":1,"cs":false,"maxbr":999000,"fl":128000,"toast":false,"flag":0,"preSell":false},{"id":562594322,"fee":8,"payed":0,"st":0,"pl":128000,"dl":0,"sp":7,"cp":1,"subp":1,"cs":false,"maxbr":999000,"fl":128000,"toast":false,"flag":128,"preSell":false},{"id":1321392023,"fee":8,"payed":0,"st":0,"pl":128000,"dl":0,"sp":7,"cp":1,"subp":1,"cs":false,"maxbr":999000,"fl":128000,"toast":false,"flag":0,"preSell":false},{"id":1313052960,"fee":8,"payed":0,"st":0,"pl":128000,"dl":0,"sp":7,"cp":1,"subp":1,"cs":false,"maxbr":999000,"fl":128000,"toast":false,"flag":0,"preSell":false},{"id":1294899029,"fee":8,"payed":0,"st":0,"pl":128000,"dl":0,"sp":7,"cp":1,"subp":1,"cs":false,"maxbr":999000,"fl":128000,"toast":false,"flag":0,"preSell":false},{"id":562598081,"fee":8,"payed":0,"st":0,"pl":128000,"dl":0,"sp":7,"cp":1,"subp":1,"cs":false,"maxbr":999000,"fl":128000,"toast":false,"flag":256,"preSell":false},{"id":1311345316,"fee":8,"payed":0,"st":0,"pl":128000,"dl":0,"sp":7,"cp":1,"subp":1,"cs":false,"maxbr":999000,"fl":128000,"toast":false,"flag":0,"preSell":false},{"id":1318156992,"fee":8,"payed":0,"st":0,"pl":128000,"dl":0,"sp":7,"cp":1,"subp":1,"cs":false,"maxbr":320000,"fl":128000,"toast":false,"flag":0,"preSell":false},{"id":1321173464,"fee":0,"payed":0,"st":0,"pl":320000,"dl":320000,"sp":7,"cp":1,"subp":1,"cs":false,"maxbr":320000,"fl":320000,"toast":false,"flag":128,"preSell":false},{"id":1318430037,"fee":8,"payed":0,"st":0,"pl":128000,"dl":0,"sp":7,"cp":1,"subp":1,"cs":false,"maxbr":999000,"fl":128000,"toast":false,"flag":0,"preSell":false},{"id":571545218,"fee":0,"payed":0,"st":0,"pl":320000,"dl":320000,"sp":7,"cp":1,"subp":1,"cs":false,"maxbr":999000,"fl":320000,"toast":false,"flag":128,"preSell":false},{"id":1318303048,"fee":8,"payed":0,"st":0,"pl":128000,"dl":0,"sp":7,"cp":1,"subp":1,"cs":false,"maxbr":999000,"fl":128000,"toast":false,"flag":256,"preSell":false},{"id":1320098356,"fee":0,"payed":0,"st":0,"pl":320000,"dl":320000,"sp":7,"cp":1,"subp":1,"cs":false,"maxbr":999000,"fl":320000,"toast":false,"flag":0,"preSell":false},{"id":1311347305,"fee":0,"payed":0,"st":0,"pl":320000,"dl":320000,"sp":7,"cp":1,"subp":1,"cs":false,"maxbr":999000,"fl":320000,"toast":false,"flag":128,"preSell":false},{"id":1320683464,"fee":0,"payed":0,"st":0,"pl":320000,"dl":320000,"sp":7,"cp":1,"subp":1,"cs":false,"maxbr":999000,"fl":320000,"toast":false,"flag":128,"preSell":false},{"id":1303019637,"fee":8,"payed":0,"st":0,"pl":128000,"dl":0,"sp":7,"cp":1,"subp":1,"cs":false,"maxbr":999000,"fl":128000,"toast":false,"flag":2,"preSell":false},{"id":1318568346,"fee":8,"payed":0,"st":0,"pl":128000,"dl":0,"sp":7,"cp":1,"subp":1,"cs":false,"maxbr":999000,"fl":128000,"toast":false,"flag":0,"preSell":false},{"id":1321576128,"fee":0,"payed":0,"st":0,"pl":320000,"dl":320000,"sp":7,"cp":1,"subp":1,"cs":false,"maxbr":999000,"fl":320000,"toast":false,"flag":128,"preSell":false},{"id":1321382172,"fee":8,"payed":0,"st":0,"pl":128000,"dl":0,"sp":7,"cp":1,"subp":1,"cs":false,"maxbr":999000,"fl":128000,"toast":false,"flag":0,"preSell":false},{"id":1317457541,"fee":0,"payed":0,"st":0,"pl":320000,"dl":320000,"sp":7,"cp":1,"subp":1,"cs":false,"maxbr":999000,"fl":320000,"toast":false,"flag":128,"preSell":false},{"id":862100828,"fee":8,"payed":0,"st":0,"pl":128000,"dl":0,"sp":7,"cp":1,"subp":1,"cs":false,"maxbr":999000,"fl":128000,"toast":false,"flag":128,"preSell":false},{"id":1321385132,"fee":0,"payed":0,"st":0,"pl":320000,"dl":320000,"sp":7,"cp":1,"subp":1,"cs":false,"maxbr":320000,"fl":320000,"toast":false,"flag":128,"preSell":false},{"id":557581095,"fee":8,"payed":0,"st":0,"pl":128000,"dl":0,"sp":7,"cp":1,"subp":1,"cs":false,"maxbr":999000,"fl":128000,"toast":false,"flag":0,"preSell":false},{"id":1313897816,"fee":8,"payed":0,"st":0,"pl":128000,"dl":0,"sp":7,"cp":1,"subp":1,"cs":false,"maxbr":999000,"fl":128000,"toast":false,"flag":2,"preSell":false},{"id":1318877229,"fee":8,"payed":0,"st":0,"pl":128000,"dl":0,"sp":7,"cp":1,"subp":1,"cs":false,"maxbr":999000,"fl":128000,"toast":false,"flag":2,"preSell":false},{"id":1320098121,"fee":8,"payed":0,"st":0,"pl":128000,"dl":0,"sp":7,"cp":1,"subp":1,"cs":false,"maxbr":999000,"fl":128000,"toast":false,"flag":0,"preSell":false},{"id":1297750769,"fee":8,"payed":0,"st":0,"pl":128000,"dl":0,"sp":7,"cp":1,"subp":1,"cs":false,"maxbr":999000,"fl":128000,"toast":false,"flag":130,"preSell":false},{"id":1319854361,"fee":0,"payed":0,"st":0,"pl":320000,"dl":320000,"sp":7,"cp":1,"subp":1,"cs":false,"maxbr":320000,"fl":320000,"toast":false,"flag":128,"preSell":false},{"id":1319227268,"fee":0,"payed":0,"st":0,"pl":320000,"dl":320000,"sp":7,"cp":1,"subp":1,"cs":false,"maxbr":320000,"fl":320000,"toast":false,"flag":0,"preSell":false},{"id":864489248,"fee":0,"payed":0,"st":0,"pl":320000,"dl":320000,"sp":7,"cp":1,"subp":1,"cs":false,"maxbr":999000,"fl":320000,"toast":false,"flag":128,"preSell":false},{"id":571601379,"fee":8,"payed":0,"st":0,"pl":128000,"dl":0,"sp":7,"cp":1,"subp":1,"cs":false,"maxbr":999000,"fl":128000,"toast":false,"flag":0,"preSell":false},{"id":572819430,"fee":8,"payed":0,"st":0,"pl":128000,"dl":0,"sp":7,"cp":1,"subp":1,"cs":false,"maxbr":999000,"fl":128000,"toast":false,"flag":0,"preSell":false},{"id":1315169726,"fee":8,"payed":0,"st":0,"pl":128000,"dl":0,"sp":7,"cp":1,"subp":1,"cs":false,"maxbr":999000,"fl":128000,"toast":false,"flag":0,"preSell":false},{"id":1297750680,"fee":8,"payed":0,"st":0,"pl":128000,"dl":0,"sp":7,"cp":1,"subp":1,"cs":false,"maxbr":999000,"fl":128000,"toast":false,"flag":2,"preSell":false},{"id":1320741696,"fee":8,"payed":0,"st":0,"pl":128000,"dl":0,"sp":7,"cp":1,"subp":1,"cs":false,"maxbr":999000,"fl":128000,"toast":false,"flag":2,"preSell":false},{"id":1304302909,"fee":8,"payed":0,"st":0,"pl":128000,"dl":0,"sp":7,"cp":1,"subp":1,"cs":false,"maxbr":999000,"fl":128000,"toast":false,"flag":0,"preSell":false},{"id":1314438112,"fee":0,"payed":0,"st":0,"pl":320000,"dl":320000,"sp":7,"cp":1,"subp":1,"cs":false,"maxbr":999000,"fl":320000,"toast":false,"flag":0,"preSell":false},{"id":1303185751,"fee":8,"payed":0,"st":0,"pl":128000,"dl":0,"sp":7,"cp":1,"subp":1,"cs":false,"maxbr":999000,"fl":128000,"toast":false,"flag":2,"preSell":false},{"id":1296645941,"fee":0,"payed":0,"st":0,"pl":320000,"dl":320000,"sp":7,"cp":1,"subp":1,"cs":false,"maxbr":999000,"fl":320000,"toast":false,"flag":128,"preSell":false},{"id":1311347989,"fee":8,"payed":0,"st":0,"pl":128000,"dl":0,"sp":7,"cp":1,"subp":1,"cs":false,"maxbr":999000,"fl":128000,"toast":false,"flag":2,"preSell":false},{"id":1304931036,"fee":8,"payed":0,"st":0,"pl":128000,"dl":0,"sp":7,"cp":1,"subp":1,"cs":false,"maxbr":999000,"fl":128000,"toast":false,"flag":0,"preSell":false},{"id":1308819790,"fee":8,"payed":0,"st":0,"pl":128000,"dl":0,"sp":7,"cp":1,"subp":1,"cs":false,"maxbr":999000,"fl":128000,"toast":false,"flag":2,"preSell":false},{"id":571509989,"fee":0,"payed":0,"st":0,"pl":320000,"dl":320000,"sp":7,"cp":1,"subp":1,"cs":false,"maxbr":999000,"fl":320000,"toast":false,"flag":128,"preSell":false},{"id":1297743638,"fee":0,"payed":0,"st":0,"pl":320000,"dl":320000,"sp":7,"cp":1,"subp":1,"cs":false,"maxbr":999000,"fl":320000,"toast":false,"flag":0,"preSell":false},{"id":1295824647,"fee":0,"payed":0,"st":0,"pl":320000,"dl":320000,"sp":7,"cp":1,"subp":1,"cs":false,"maxbr":999000,"fl":320000,"toast":false,"flag":128,"preSell":false},{"id":1321452690,"fee":8,"payed":0,"st":0,"pl":128000,"dl":0,"sp":7,"cp":1,"subp":1,"cs":false,"maxbr":999000,"fl":128000,"toast":false,"flag":0,"preSell":false},{"id":1320101153,"fee":8,"payed":0,"st":0,"pl":128000,"dl":0,"sp":7,"cp":1,"subp":1,"cs":false,"maxbr":999000,"fl":128000,"toast":false,"flag":0,"preSell":false},{"id":1313052412,"fee":8,"payed":0,"st":0,"pl":128000,"dl":0,"sp":7,"cp":1,"subp":1,"cs":false,"maxbr":999000,"fl":128000,"toast":false,"flag":2,"preSell":false},{"id":573721257,"fee":8,"payed":0,"st":0,"pl":128000,"dl":0,"sp":7,"cp":1,"subp":1,"cs":false,"maxbr":999000,"fl":128000,"toast":false,"flag":0,"preSell":false},{"id":1308818167,"fee":8,"payed":0,"st":0,"pl":128000,"dl":0,"sp":7,"cp":1,"subp":1,"cs":false,"maxbr":999000,"fl":128000,"toast":false,"flag":0,"preSell":false},{"id":1320100115,"fee":8,"payed":0,"st":0,"pl":128000,"dl":0,"sp":7,"cp":1,"subp":1,"cs":false,"maxbr":999000,"fl":128000,"toast":false,"flag":0,"preSell":false},{"id":1306496663,"fee":0,"payed":0,"st":0,"pl":320000,"dl":320000,"sp":7,"cp":1,"subp":1,"cs":false,"maxbr":999000,"fl":320000,"toast":false,"flag":0,"preSell":false},{"id":1304920086,"fee":8,"payed":0,"st":0,"pl":128000,"dl":0,"sp":7,"cp":1,"subp":1,"cs":false,"maxbr":999000,"fl":128000,"toast":false,"flag":0,"preSell":false},{"id":863489981,"fee":8,"payed":0,"st":0,"pl":128000,"dl":0,"sp":7,"cp":1,"subp":1,"cs":false,"maxbr":999000,"fl":128000,"toast":false,"flag":0,"preSell":false},{"id":1318880074,"fee":8,"payed":0,"st":0,"pl":128000,"dl":0,"sp":7,"cp":1,"subp":1,"cs":false,"maxbr":999000,"fl":128000,"toast":false,"flag":2,"preSell":false},{"id":862099159,"fee":8,"payed":0,"st":0,"pl":128000,"dl":0,"sp":7,"cp":1,"subp":1,"cs":false,"maxbr":999000,"fl":128000,"toast":false,"flag":2,"preSell":false},{"id":863492743,"fee":0,"payed":0,"st":0,"pl":320000,"dl":320000,"sp":7,"cp":1,"subp":1,"cs":false,"maxbr":999000,"fl":320000,"toast":false,"flag":0,"preSell":false},{"id":1296550461,"fee":0,"payed":0,"st":0,"pl":320000,"dl":320000,"sp":7,"cp":1,"subp":1,"cs":false,"maxbr":999000,"fl":320000,"toast":false,"flag":128,"preSell":false},{"id":1298655068,"fee":0,"payed":0,"st":0,"pl":320000,"dl":320000,"sp":7,"cp":1,"subp":1,"cs":false,"maxbr":999000,"fl":320000,"toast":false,"flag":128,"preSell":false},{"id":1319146111,"fee":0,"payed":0,"st":0,"pl":320000,"dl":320000,"sp":7,"cp":1,"subp":1,"cs":false,"maxbr":999000,"fl":320000,"toast":false,"flag":128,"preSell":false},{"id":1299424231,"fee":8,"payed":0,"st":0,"pl":128000,"dl":0,"sp":7,"cp":1,"subp":1,"cs":false,"maxbr":999000,"fl":128000,"toast":false,"flag":0,"preSell":false},{"id":1319474303,"fee":8,"payed":0,"st":0,"pl":128000,"dl":0,"sp":7,"cp":1,"subp":1,"cs":false,"maxbr":320000,"fl":128000,"toast":false,"flag":130,"preSell":false},{"id":1320690504,"fee":0,"payed":0,"st":0,"pl":320000,"dl":320000,"sp":7,"cp":1,"subp":1,"cs":false,"maxbr":999000,"fl":320000,"toast":false,"flag":128,"preSell":false},{"id":1320097342,"fee":0,"payed":0,"st":0,"pl":320000,"dl":320000,"sp":7,"cp":1,"subp":1,"cs":false,"maxbr":999000,"fl":320000,"toast":false,"flag":0,"preSell":false},{"id":542667160,"fee":8,"payed":0,"st":0,"pl":128000,"dl":0,"sp":7,"cp":1,"subp":1,"cs":false,"maxbr":999000,"fl":128000,"toast":false,"flag":128,"preSell":false},{"id":1313870242,"fee":8,"payed":0,"st":0,"pl":128000,"dl":0,"sp":7,"cp":1,"subp":1,"cs":false,"maxbr":999000,"fl":128000,"toast":false,"flag":256,"preSell":false},{"id":571463691,"fee":0,"payed":0,"st":0,"pl":320000,"dl":320000,"sp":7,"cp":1,"subp":1,"cs":false,"maxbr":999000,"fl":320000,"toast":false,"flag":128,"preSell":false},{"id":1297743129,"fee":0,"payed":0,"st":0,"pl":320000,"dl":320000,"sp":7,"cp":1,"subp":1,"cs":false,"maxbr":999000,"fl":320000,"toast":false,"flag":128,"preSell":false},{"id":1320100263,"fee":8,"payed":0,"st":0,"pl":128000,"dl":0,"sp":7,"cp":1,"subp":1,"cs":false,"maxbr":999000,"fl":128000,"toast":false,"flag":0,"preSell":false},{"id":1302066182,"fee":8,"payed":0,"st":0,"pl":128000,"dl":0,"sp":7,"cp":1,"subp":1,"cs":false,"maxbr":999000,"fl":128000,"toast":false,"flag":128,"preSell":false}]}