{"playlist":{"subscribers":[],"subscribed":false,"creator":{"defaultAvatar":false,"province":110000,"authStatus":0,"followed":false,"avatarUrl":"http://p1.music.126.net/d8faOLHxwWPta02fskrdDQ==/2057186255569164.jpg","accountStatus":0,"gender":2,"city":110101,"birthday":-2209017600000,"userId":48188,"userType":0,"nickname":"中国TOP排行榜","signature":"中国TOP排行榜是由MusicRadio音乐之声依据时下最热门的流行单曲形成的权威音乐榜单。","description":"","detailDescription":"","avatarImgId":2057186255569164,"backgroundImgId":2002210674180201,"backgroundUrl":"http://p1.music.126.net/o3G7lWrGBQAvSRt3UuApTw==/2002210674180201.jpg","authority":0,"mutual":false,"expertTags":null,"experts":null,"djStatus":0,"vipType":0,"remarkName":null,"avatarImgIdStr":"2057186255569164","backgroundImgIdStr":"2002210674180201"},"tracks":[{"name":"脆弱一分钟","id":1294910319,"pst":0,"t":0,"ar":[{"id":3685,"name":"林宥嘉","tns":[],"alias":[]}],"alia":["电视剧《爱情进化论》片头曲"],"pop":100.0,"st":0,"rt":null,"fee":8,"v":6,"crbt":null,"cf":"","al":{"id":72070692,"name":"爱情进化论 电视剧原声带","picUrl":"http://p2.music.126.net/tTpgtOYQhkXy710yYb1-qg==/109951163436434768.jpg","tns":[],"pic_str":"109951163436434768","pic":109951163436434768},"dt":192992,"h":{"br":320000,"fid":0,"size":7721840,"vd":0.0},"m":{"br":192000,"fid":0,"size":4633121,"vd":0.0},"l":{"br":128000,"fid":0,"size":3088762,"vd":1.0},"a":null,"cd":"","no":1,"rtUrl":null,"ftype":0,"rtUrls":[],"djId":0,"copyright":0,"s_id":0,"rtype":0,"rurl":null,"mst":9,"cp":677020,"mv":10738148,"publishTime":1532361600007},{"name":"十七","id":1305366827,"pst":0,"t":0,"ar":[{"id":12709,"name":"S.H.E","tns":[],"alias":[]}],"alia":[],"pop":100.0,"st":0,"rt":null,"fee":4,"v":3,"crbt":null,"cf":"","al":{"id":72709860,"name":"十七","picUrl":"http://p2.music.126.net/qBdTIChSGEnOVCtaVmUUHA==/109951163523994505.jpg","tns":[],"pic_str":"109951163523994505","pic":109951163523994505},"dt":308693,"h":{"br":320000,"fid":0,"size":12350738,"vd":-2.0},"m":{"br":192000,"fid":0,"size":7410460,"vd":-1.0},"l":{"br":128000,"fid":0,"size":4940321,"vd":-1.0},"a":null,"cd":"1","no":1,"rtUrl":null,"ftype":0,"rtUrls":[],"djId":0,"copyright":1,"s_id":0,"rtype":0,"rurl":null,"mst":9,"cp":677020,"mv":10779177,"publishTime":1535558400007},{"name":"有情世间","id":1308782247,"pst":0,"t":0,"ar":[{"id":6454,"name":"张信哲","tns":[],"alias":[]}],"alia":[],"pop":100.0,"st":0,"rt":null,"fee":8,"v":6,"crbt":null,"cf":"","al":{"id":72794984,"name":"有情世间","picUrl":"http://p2.music.126.net/XdksRPNGQE_CMnagTrntUg==/109951163545999966.jpg","tns":[],"pic_str":"109951163545999966","pic":109951163545999966},"dt":323840,"h":{"br":320000,"fid":0,"size":12955733,"vd":0.0531},"m":{"br":192000,"fid":0,"size":7773457,"vd":0.2214},"l":{"br":128000,"fid":0,"size":5182319,"vd":0.3026},"a":null,"cd":"","no":0,"rtUrl":null,"ftype":0,"rtUrls":[],"djId":0,"copyright":0,"s_id":0,"rtype":0,"rurl":null,"mst":9,"cp":0,"mv":10802094,"publishTime":1536681600007},{"name":"不负时代","id":1313897867,"pst":0,"t":0,"ar":[{"id":5769,"name":"信","tns":[],"alias":[]}],"alia":["电视剧《创业时代》片头主题曲"],"pop":100.0,"st":0,"rt":null,"fee":8,"v":2,"crbt":null,"cf":"","al":{"id":73836801,"name":"不负时代","picUrl":"http://p2.music.126.net/UbJjBAWW8zbX3hVMjRMx_Q==/109951163597448608.jpg","tns":[],"pic_str":"109951163597448608","pic":109951163597448608},"dt":185900,"h":{"br":320000,"fid":0,"size":7438672,"vd":-3.91},"m":{"br":192000,"fid":0,"size":4463221,"vd":-3.66},"l":{"br":128000,"fid":0,"size":2975495,"vd":-3.53},"a":null,"cd":"","no":0,"rtUrl":null,"ftype":0,"rtUrls":[],"djId":0,"copyright":0,"s_id":0,"rtype":0,"rurl":null,"mst":9,"cp":1412830,"mv":0,"publishTime":1539273600007},{"name":"有一种悲伤","id":1315718569,"pst":0,"t":0,"ar":[{"id":7063,"name":"A-Lin","tns":[],"alias":[]}],"alia":["电影《比悲伤更悲伤的故事》主题曲"],"pop":100.0,"st":0,"rt":null,"fee":8,"v":2,"crbt":null,"cf":"","al":{"id":73793147,"name":"有一种悲伤","picUrl":"http://p2.music.126.net/QCij5OJ7VD5RpG62yXgLGA==/109951163588806953.jpg","tns":[],"pic_str":"109951163588806953","pic":109951163588806953},"dt":237061,"h":{"br":320000,"fid":0,"size":9482493,"vd":-0.63},"m":{"br":192000,"fid":0,"size":5689513,"vd":-0.37},"l":{"br":128000,"fid":0,"size":3793023,"vd":-0.2},"a":null,"cd":"1","no":1,"rtUrl":null,"ftype":0,"rtUrls":[],"djId":0,"copyright":1,"s_id":0,"rtype":0,"rurl":null,"mst":9,"cp":7001,"mv":0,"publishTime":1539273600007},{"name":" Stop Angry ","id":1316562061,"pst":0,"t":0,"ar":[{"id":2112,"name":"陈小春","tns":[],"alias":[]}],"alia":[],"pop":100.0,"st":0,"rt":null,"fee":8,"v":3,"crbt":null,"cf":"","al":{"id":73471176,"name":"Stop Angry","picUrl":"http://p2.music.126.net/-qA8_N4r42f9haR3zYIPAw==/109951163594500137.jpg","tns":[],"pic_str":"109951163594500137","pic":109951163594500137},"dt":193665,"h":{"br":320000,"fid":0,"size":7749007,"vd":-1.25},"m":{"br":192000,"fid":0,"size":4649422,"vd":-1.0},"l":{"br":128000,"fid":0,"size":3099629,"vd":-0.82},"a":null,"cd":"","no":0,"rtUrl":null,"ftype":0,"rtUrls":[],"djId":0,"copyright":0,"s_id":0,"rtype":0,"rurl":null,"mst":9,"cp":1415819,"mv":0,"publishTime":1539187200007},{"name":"亲爱的怪物","id":1309903530,"pst":0,"t":0,"ar":[{"id":6208,"name":"炎亚纶","tns":[],"alias":[]}],"alia":[],"pop":95.0,"st":0,"rt":null,"fee":4,"v":17,"crbt":null,"cf":"","al":{"id":73327735,"name":"亲爱的怪物","picUrl":"http://p2.music.126.net/wVSAYF4IDFPhZ2FS98uHVQ==/109951163572446780.jpg","tns":[],"pic_str":"109951163572446780","pic":109951163572446780},"dt":257422,"h":{"br":320000,"fid":0,"size":10299603,"vd":-2.0},"m":{"br":192000,"fid":0,"size":6179779,"vd":-2.0},"l":{"br":128000,"fid":0,"size":4119867,"vd":-2.0},"a":null,"cd":"1","no":1,"rtUrl":null,"ftype":0,"rtUrls":[],"djId":0,"copyright":1,"s_id":0,"rtype":0,"rurl":null,"mst":9,"cp":677020,"mv":10797049,"publishTime":1538064000007,"tns":["Dear Monster"]},{"name":"星火","id":1302090587,"pst":0,"t":0,"ar":[{"id":28897455,"name":"Lydia","tns":[],"alias":[]}],"alia":[],"pop":95.0,"st":0,"rt":null,"fee":8,"v":2,"crbt":null,"cf":"","al":{"id":72301040,"name":"星火","picUrl":"http://p2.music.126.net/isY4ClLhvbUukw0YWvJKgQ==/109951163469998369.jpg","tns":[],"pic_str":"109951163469998369","pic":109951163469998369},"dt":305185,"h":{"br":320000,"fid":0,"size":12209676,"vd":-2.0},"m":{"br":192000,"fid":0,"size":7325823,"vd":-2.0},"l":{"br":128000,"fid":0,"size":4883897,"vd":-2.0},"a":null,"cd":"","no":0,"rtUrl":null,"ftype":0,"rtUrls":[],"djId":0,"copyright":0,"s_id":0,"rtype":0,"rurl":null,"mst":9,"cp":677020,"mv":10762106,"publishTime":1534780800007},{"name":"Saving Snowy","id":864647619,"pst":0,"t":0,"ar":[{"id":2738,"name":"方大同","tns":[],"alias":[]}],"alia":[],"pop":45.0,"st":0,"rt":null,"fee":4,"v":4,"crbt":null,"cf":"","al":{"id":71723057,"name":"Emi The Dream Catcher #1","picUrl":"http://p2.music.126.net/M0hU9IcwIlg3Qq2Prj7JyQ==/109951163404467668.jpg","tns":[],"pic_str":"109951163404467668","pic":109951163404467668},"dt":183850,"h":{"br":320000,"fid":0,"size":7357170,"vd":0.0},"m":{"br":192000,"fid":0,"size":4414320,"vd":0.0},"l":{"br":128000,"fid":0,"size":2942894,"vd":0.0},"a":null,"cd":"","no":2,"rtUrl":null,"ftype":0,"rtUrls":[],"djId":0,"copyright":0,"s_id":0,"rtype":0,"rurl":null,"mst":9,"cp":1370827,"mv":5965103,"publishTime":1531411200007},{"name":"心动拍拍","id":1306566712,"pst":0,"t":0,"ar":[{"id":8321,"name":"陈芳语","tns":[],"alias":[]}],"alia":[],"pop":95.0,"st":0,"rt":null,"fee":8,"v":1,"crbt":null,"cf":"","al":{"id":72801394,"name":"心动拍拍","picUrl":"http://p2.music.126.net/0eyhLh_Inepqya_wy3TCbQ==/109951163527002516.jpg","tns":[],"pic_str":"109951163527002516","pic":109951163527002516},"dt":186174,"h":{"br":320000,"fid":0,"size":7447031,"vd":-2.0},"m":{"br":192000,"fid":0,"size":4468236,"vd":-2.0},"l":{"br":128000,"fid":0,"size":2978839,"vd":-2.0},"a":null,"cd":"1","no":1,"rtUrl":null,"ftype":0,"rtUrls":[],"djId":0,"copyright":1,"s_id":0,"rtype":0,"rurl":null,"mst":9,"cp":7001,"mv":0,"publishTime":1536076800007}],"trackIds":[{"id":1294910319,"v":6,"lr":2},{"id":1305366827,"v":3},{"id":1308782247,"v":6,"lr":0},{"id":1313897867,"v":2},{"id":1315718569,"v":2},{"id":1316562061,"v":3},{"id":1309903530,"v":17,"lr":1},{"id":1302090587,"v":2},{"id":864647619,"v":4,"lr":3},{"id":1306566712,"v":1,"lr":6}],"tags":["流行"],"createTime":1359697325722,"highQuality":false,"coverImgUrl":"http://p3.music.126.net/JPh-zekmt0sW2Z3TZMsGzA==/18967675090783713.jpg","subscribedCount":82249,"cloudTrackCount":0,"status":0,"playCount":25311904,"trackCount":10,"coverImgId":18967675090783713,"privacy":0,"newImported":false,"specialType":10,"userId":48188,"updateTime":1540785316435,"commentThreadId":"A_PL_0_112504","trackUpdateTime":1540785316505,"ordered":true,"description":"中国TOP排行榜分成内地榜及港台榜，每周一更新。","trackNumberUpdateTime":1540785316376,"adType":0,"name":"中国TOP排行榜（港台榜）","id":112504,"shareCount":201,"coverImgId_str":"18967675090783713","commentCount":1001},"code":200,"privileges":[{"id":1294910319,"fee":8,"payed":0,"st":0,"pl":128000,"dl":0,"sp":7,"cp":1,"subp":1,"cs":false,"maxbr":999000,"fl":128000,"toast":false,"flag":0,"preSell":false},{"id":1305366827,"fee":4,"payed":0,"st":0,"pl":0,"dl":0,"sp":0,"cp":0,"subp":0,"cs":false,"maxbr":999000,"fl":0,"toast":false,"flag":0,"preSell":false},{"id":1308782247,"fee":0,"payed":0,"st":0,"pl":999000,"dl":0,"sp":7,"cp":1,"subp":1,"cs":false,"maxbr":999000,"fl":128000,"toast":false,"flag":128,"preSell":false},{"id":1313897867,"fee":8,"payed":0,"st":0,"pl":128000,"dl":0,"sp":7,"cp":1,"subp":1,"cs":false,"maxbr":999000,"fl":128000,"toast":false,"flag":0,"preSell":false},{"id":1315718569,"fee":8,"payed":0,"st":0,"pl":128000,"dl":0,"sp":7,"cp":1,"subp":1,"cs":false,"maxbr":320000,"fl":128000,"toast":false,"flag":132,"preSell":false},{"id":1316562061,"fee":8,"payed":0,"st":0,"pl":128000,"dl":0,"sp":7,"cp":1,"subp":1,"cs":false,"maxbr":999000,"fl":128000,"toast":false,"flag":0,"preSell":false},{"id":1309903530,"fee":4,"payed":0,"st":0,"pl":0,"dl":0,"sp":0,"cp":0,"subp":0,"cs":false,"maxbr":999000,"fl":0,"toast":false,"flag":0,"preSell":false},{"id":1302090587,"fee":8,"payed":0,"st":0,"pl":128000,"dl":0,"sp":7,"cp":1,"subp":1,"cs":false,"maxbr":999000,"fl":128000,"toast":false,"flag":0,"preSell":false},{"id":864647619,"fee":4,"payed":0,"st":0,"pl":0,"dl":0,"sp":0,"cp":0,"subp":0,"cs":false,"maxbr":999000,"fl":0,"toast":false,"flag":0,"preSell":false},{"id":1306566712,"fee":8,"payed":0,"st":0,"pl":128000,"dl":0,"sp":7,"cp":1,"subp":1,"cs":false,"maxbr":320000,"fl":128000,"toast":false,"flag":132,"preSell":false}]}