{"playlist":{"subscribers":[],"subscribed":false,"creator":{"defaultAvatar":false,"province":110000,"authStatus":1,"followed":false,"avatarUrl":"http://p1.music.126.net/QWMV-Ru_6149AKe0mCBXKg==/1420569024374784.jpg","accountStatus":0,"gender":1,"city":110101,"birthday":-2209017600000,"userId":1,"userType":2,"nickname":"网易云音乐","signature":"欢迎使用网易云音乐，有任何问题可以联系@云音乐客服， 我们会尽快答复。有关独立音乐人和独立厂牌请站内私信@原创君。","description":"网易云音乐官方账号","detailDescription":"网易云音乐官方账号","avatarImgId":1420569024374784,"backgroundImgId":2002210674180202,"backgroundUrl":"http://p1.music.126.net/pmHS4fcQtcNEGewNb5HRhg==/2002210674180202.jpg","authority":3,"mutual":false,"expertTags":null,"experts":null,"djStatus":10,"vipType":11,"remarkName":null,"avatarImgIdStr":"1420569024374784","backgroundImgIdStr":"2002210674180202"},"tracks":[{"name":"东西","id":1311319058,"pst":0,"t":0,"ar":[{"id":30107224,"name":"林俊呈","tns":[],"alias":[]}],"alia":[],"pop":100.0,"st":0,"rt":null,"fee":8,"v":10,"crbt":null,"cf":"","al":{"id":73445668,"name":"东西","picUrl":"http://p2.music.126.net/lImkmFfPTf6sfmNeXc3MqQ==/109951163559198470.jpg","tns":[],"pic_str":"109951163559198470","pic":109951163559198470},"dt":162363,"h":{"br":320000,"fid":0,"size":6497219,"vd":-0.58},"m":{"br":192000,"fid":0,"size":3898349,"vd":-0.32},"l":{"br":128000,"fid":0,"size":2598914,"vd":-0.14},"a":null,"cd":"","no":1,"rtUrl":null,"ftype":0,"rtUrls":[],"djId":0,"copyright":0,"s_id":0,"rtype":0,"rurl":null,"mst":9,"cp":1403818,"mv":0,"publishTime":1537459200007},{"name":"贝贝","id":1318234987,"pst":0,"t":0,"ar":[{"id":4292,"name":"李荣浩","tns":[],"alias":[]}],"alia":[],"pop":100.0,"st":0,"rt":null,"fee":8,"v":8,"crbt":null,"cf":"","al":{"id":73914415,"name":"耳朵","picUrl":"http://p2.music.126.net/tt8xwK-ASC2iqXNUXYKoDQ==/109951163606377163.jpg","tns":[],"pic_str":"109951163606377163","pic":109951163606377163},"dt":4048,"h":{"br":320000,"fid":0,"size":163048,"vd":1.6259},"m":{"br":192000,"fid":0,"size":97846,"vd":1.8908},"l":{"br":128000,"fid":0,"size":65245,"vd":2.0403},"a":null,"cd":"1","no":10,"rtUrl":null,"ftype":0,"rtUrls":[],"djId":0,"copyright":1,"s_id":0,"rtype":0,"rurl":null,"mst":9,"cp":7002,"mv":0,"publishTime":1539705600007},{"name":"Machine","id":1321876218,"pst":0,"t":0,"ar":[{"id":94779,"name":"Imagine Dragons","tns":[],"alias":[]}],"alia":[],"pop":0.0,"st":0,"rt":"","fee":8,"v":7,"crbt":null,"cf":"","al":{"id":74180985,"name":"Machine","picUrl":"http://p2.music.126.net/w9ihTYFzysVPhXTO3e5D-w==/109951163638180837.jpg","tns":[],"pic_str":"109951163638180837","pic":109951163638180837},"dt":181916,"h":{"br":320000,"fid":0,"size":7277758,"vd":-32700.0},"m":{"br":192000,"fid":0,"size":4366672,"vd":-30300.0},"l":{"br":128000,"fid":0,"size":2911129,"vd":-29400.0},"a":null,"cd":"01","no":1,"rtUrl":null,"ftype":0,"rtUrls":[],"djId":0,"copyright":1,"s_id":0,"rtype":0,"rurl":null,"mst":9,"cp":7003,"mv":0,"publishTime":1540915200007},{"name":"东西","id":1321385420,"pst":0,"t":0,"ar":[{"id":12358435,"name":"很美味","tns":[],"alias":[]}],"alia":["原唱：林俊呈"],"pop":0.0,"st":0,"rt":null,"fee":0,"v":8,"crbt":null,"cf":"","al":{"id":74150789,"name":"东西","picUrl":"http://p2.music.126.net/PhQLBkijv8iwo1F_t7GY_Q==/109951163638985548.jpg","tns":[],"pic_str":"109951163638985548","pic":109951163638985548},"dt":160000,"h":{"br":320000,"fid":0,"size":6403178,"vd":-2.0},"m":{"br":192000,"fid":0,"size":3841924,"vd":-2.0},"l":{"br":128000,"fid":0,"size":2561297,"vd":-2.0},"a":null,"cd":"1","no":1,"rtUrl":null,"ftype":0,"rtUrls":[],"djId":0,"copyright":0,"s_id":0,"rtype":0,"rurl":null,"mst":9,"cp":1413823,"mv":0,"publishTime":1541001600007},{"name":"Waste It On Me","id":1320185104,"pst":0,"t":0,"ar":[{"id":43608,"name":"Steve Aoki","tns":[],"alias":[]},{"id":783124,"name":"BTS (防弹少年团)","tns":[],"alias":[]}],"alia":[],"pop":100.0,"st":0,"rt":"","fee":8,"v":5,"crbt":null,"cf":"","al":{"id":74069411,"name":"Waste It On Me","picUrl":"http://p2.music.126.net/6MCIk7YDvW3ORv4pfLyBxw==/109951163622785958.jpg","tns":[],"pic_str":"109951163622785958","pic":109951163622785958},"dt":192600,"h":{"br":320000,"fid":0,"size":7704076,"vd":-30100.0},"m":{"br":192000,"fid":0,"size":4622463,"vd":-27700.0},"l":null,"a":null,"cd":"01","no":1,"rtUrl":null,"ftype":0,"rtUrls":[],"djId":0,"copyright":1,"s_id":0,"rtype":0,"rurl":null,"mst":9,"cp":7001,"mv":10824038,"publishTime":1540396800007},{"name":"삐삐","id":1316563427,"pst":0,"t":0,"ar":[{"id":160947,"name":"IU","tns":[],"alias":[]}],"alia":[],"pop":100.0,"st":0,"rt":null,"fee":8,"v":7,"crbt":null,"cf":"","al":{"id":73835728,"name":"삐삐","picUrl":"http://p2.music.126.net/gxo54B2ypqq0Y6tmahBnIw==/109951163596240238.jpg","tns":["BBIBBI"],"pic_str":"109951163596240238","pic":109951163596240238},"dt":194426,"h":{"br":320000,"fid":0,"size":7779309,"vd":-3.6},"m":{"br":192000,"fid":0,"size":4667603,"vd":-3.32},"l":{"br":128000,"fid":0,"size":3111750,"vd":-3.16},"a":null,"cd":"1","no":1,"rtUrl":null,"ftype":0,"rtUrls":[],"djId":0,"copyright":0,"s_id":0,"rtype":0,"rurl":null,"mst":9,"cp":1410822,"mv":10799918,"publishTime":1539100800007,"tns":["BBIBBI"]},{"name":"四句","id":1321874435,"pst":0,"t":0,"ar":[{"id":12798217,"name":"刘思鉴","tns":[],"alias":[]}],"alia":[],"pop":0.0,"st":0,"rt":null,"fee":0,"v":10,"crbt":null,"cf":"","al":{"id":74171916,"name":"四句","picUrl":"http://p2.music.126.net/zkVWzkIBYyLSRZGzxX91hQ==/109951163638063411.jpg","tns":[],"pic_str":"109951163638063411","pic":109951163638063411},"dt":114000,"h":{"br":320000,"fid":0,"size":4563113,"vd":-19400.0},"m":{"br":192000,"fid":0,"size":2737885,"vd":-16700.0},"l":{"br":128000,"fid":0,"size":1825271,"vd":-15200.0},"a":null,"cd":"","no":1,"rtUrl":null,"ftype":0,"rtUrls":[],"djId":0,"copyright":0,"s_id":0,"rtype":0,"rurl":null,"mst":9,"cp":0,"mv":0,"publishTime":1541001600000},{"name":"我抬头一看满街都是单身的狗","id":1319225007,"pst":0,"t":0,"ar":[{"id":8103,"name":"花粥","tns":[],"alias":[]}],"alia":[],"pop":100.0,"st":0,"rt":null,"fee":8,"v":8,"crbt":null,"cf":"","al":{"id":73966611,"name":"2018（注意保暖）","picUrl":"http://p2.music.126.net/fB6M_CgSRkeUzIEni6ENzw==/109951163615459621.jpg","tns":[],"pic_str":"109951163615459621","pic":109951163615459621},"dt":180609,"h":{"br":320000,"fid":0,"size":7226558,"vd":0.0},"m":{"br":192000,"fid":0,"size":4335952,"vd":0.0},"l":{"br":128000,"fid":0,"size":2890649,"vd":0.0},"a":null,"cd":"","no":1,"rtUrl":null,"ftype":0,"rtUrls":[],"djId":0,"copyright":0,"s_id":0,"rtype":0,"rurl":null,"mst":9,"cp":0,"mv":0,"publishTime":1540052291486},{"name":"Dreamer","id":1322051637,"pst":0,"t":0,"ar":[{"id":780003,"name":"Martin Garrix","tns":[],"alias":[]},{"id":30528326,"name":"Mike Yung","tns":[],"alias":[]}],"alia":[],"pop":0.0,"st":0,"rt":"","fee":8,"v":5,"crbt":null,"cf":"","al":{"id":74191704,"name":"Dreamer","picUrl":"http://p2.music.126.net/BZEh7ejmPA--oN0VtbV5Rg==/109951163639492685.jpg","tns":[],"pic_str":"109951163639492685","pic":109951163639492685},"dt":193462,"h":{"br":320000,"fid":0,"size":7738558,"vd":-6100.0},"m":{"br":192000,"fid":0,"size":4643152,"vd":-3700.0},"l":{"br":128000,"fid":0,"size":3095449,"vd":-2000.0},"a":null,"cd":"01","no":1,"rtUrl":null,"ftype":0,"rtUrls":[],"djId":0,"copyright":1,"s_id":0,"rtype":0,"rurl":null,"mst":9,"cp":7001,"mv":10828171,"publishTime":1541001600007},{"name":"你愿意吗","id":1318879028,"pst":0,"t":0,"ar":[{"id":816009,"name":"左立","tns":[],"alias":[]}],"alia":[],"pop":100.0,"st":0,"rt":null,"fee":0,"v":2,"crbt":null,"cf":"","al":{"id":73982619,"name":"你愿意吗","picUrl":"http://p2.music.126.net/WmyllHSVKAfPdOd0Duw7Fg==/109951163612024212.jpg","tns":[],"pic_str":"109951163612024212","pic":109951163612024212},"dt":174112,"h":{"br":320000,"fid":0,"size":6967423,"vd":0.0},"m":{"br":192000,"fid":0,"size":4180471,"vd":0.0},"l":{"br":128000,"fid":0,"size":2786995,"vd":0.0},"a":null,"cd":"","no":0,"rtUrl":null,"ftype":0,"rtUrls":[],"djId":0,"copyright":0,"s_id":0,"rtype":0,"rurl":null,"mst":9,"cp":0,"mv":0,"publishTime":1539964800007},{"name":"与你并肩","id":1321385182,"pst":0,"t":0,"ar":[{"id":12174521,"name":"音阙诗听","tns":[],"alias":[]}],"alia":[],"pop":100.0,"st":0,"rt":null,"fee":8,"v":3,"crbt":null,"cf":"","al":{"id":74157663,"name":"与你并肩","picUrl":"http://p2.music.126.net/g6jT49whpptAiZGXRNK1uQ==/109951163638542424.jpg","tns":[],"pic_str":"109951163638542424","pic":109951163638542424},"dt":237073,"h":{"br":320000,"fid":0,"size":9485627,"vd":-33200.0},"m":{"br":192000,"fid":0,"size":5691394,"vd":-30700.0},"l":{"br":128000,"fid":0,"size":3794277,"vd":-29400.0},"a":null,"cd":"","no":1,"rtUrl":null,"ftype":0,"rtUrls":[],"djId":0,"copyright":0,"s_id":0,"rtype":0,"rurl":null,"mst":9,"cp":733010,"mv":0,"publishTime":1541001600007},{"name":"一点点","id":1320341933,"pst":0,"t":0,"ar":[{"id":29234325,"name":"lilMoGo","tns":[],"alias":[]},{"id":12760523,"name":"唧唧JIJI","tns":[],"alias":[]}],"alia":[],"pop":100.0,"st":0,"rt":null,"fee":0,"v":23,"crbt":null,"cf":"","al":{"id":74070884,"name":"一点点","picUrl":"http://p2.music.126.net/89vNp60d9JaV_mjEdhoteQ==/109951163624176130.jpg","tns":[],"pic_str":"109951163624176130","pic":109951163624176130},"dt":237551,"h":{"br":320000,"fid":0,"size":9504436,"vd":-14700.0},"m":{"br":192000,"fid":0,"size":5702679,"vd":-12400.0},"l":null,"a":null,"cd":"","no":1,"rtUrl":null,"ftype":0,"rtUrls":[],"djId":0,"copyright":2,"s_id":0,"rtype":0,"rurl":null,"mst":9,"cp":0,"mv":0,"publishTime":1540441850261},{"name":"Party For One","id":1321424397,"pst":0,"t":0,"ar":[{"id":50934,"name":"Carly Rae Jepsen","tns":[],"alias":[]}],"alia":[],"pop":0.0,"st":0,"rt":null,"fee":8,"v":11,"crbt":null,"cf":"","al":{"id":74150785,"name":"Party For One","picUrl":"http://p2.music.126.net/1TPDezZWDtBuIn1eBOGZEw==/109951163638916353.jpg","tns":[],"pic_str":"109951163638916353","pic":109951163638916353},"dt":183928,"h":{"br":320000,"fid":0,"size":7358215,"vd":-19900.0},"m":{"br":192000,"fid":0,"size":4414946,"vd":-17600.0},"l":{"br":128000,"fid":0,"size":2943312,"vd":-16500.0},"a":null,"cd":"01","no":1,"rtUrl":null,"ftype":0,"rtUrls":[],"djId":0,"copyright":1,"s_id":0,"rtype":0,"rurl":null,"mst":9,"cp":7003,"mv":10831146,"publishTime":1541030400000},{"name":"从无到有","id":1313052960,"pst":0,"t":0,"ar":[{"id":12138269,"name":"毛不易","tns":[],"alias":[]}],"alia":["电视剧《创业时代》片尾主题曲"],"pop":100.0,"st":0,"rt":null,"fee":8,"v":8,"crbt":null,"cf":"","al":{"id":73471094,"name":"从无到有","picUrl":"http://p2.music.126.net/O6Ur0E4Qs0FIDfp-lKHYZA==/109951163592648368.jpg","tns":[],"pic_str":"109951163592648368","pic":109951163592648368},"dt":277498,"h":{"br":320000,"fid":0,"size":11102085,"vd":-1.09},"m":{"br":192000,"fid":0,"size":6661268,"vd":-0.83},"l":{"br":128000,"fid":0,"size":4440860,"vd":-0.67},"a":null,"cd":"1","no":1,"rtUrl":null,"ftype":0,"rtUrls":[],"djId":0,"copyright":0,"s_id":0,"rtype":0,"rurl":null,"mst":9,"cp":1412830,"mv":10799901,"publishTime":1538928000007},{"name":"拂面","id":1302084391,"pst":0,"t":0,"ar":[{"id":12560975,"name":"马克吐舟","tns":[],"alias":[]}],"alia":[],"pop":100.0,"st":0,"rt":null,"fee":0,"v":6,"crbt":null,"cf":"","al":{"id":72299993,"name":"拂面","picUrl":"http://p2.music.126.net/XpdnJwyuG2_bexZUSzcv4Q==/109951163468322578.jpg","tns":[],"pic_str":"109951163468322578","pic":109951163468322578},"dt":331668,"h":{"br":320000,"fid":0,"size":13269203,"vd":0.0},"m":{"br":192000,"fid":0,"size":7961539,"vd":0.0},"l":{"br":128000,"fid":0,"size":5307707,"vd":0.0},"a":null,"cd":"","no":1,"rtUrl":null,"ftype":0,"rtUrls":[],"djId":0,"copyright":2,"s_id":0,"rtype":0,"rurl":null,"mst":9,"cp":0,"mv":0,"publishTime":1534608000007},{"name":"欠我个未来","id":1321378753,"pst":0,"t":0,"ar":[{"id":1012032,"name":"平凡的艾岩","tns":[],"alias":[]}],"alia":[],"pop":100.0,"st":0,"rt":null,"fee":0,"v":55,"crbt":null,"cf":"","al":{"id":73960155,"name":"欠我个未来","picUrl":"http://p2.music.126.net/opmU_zMwXO2eIkONPhom_g==/109951163616620110.jpg","tns":[],"pic_str":"109951163616620110","pic":109951163616620110},"dt":270967,"h":{"br":320000,"fid":0,"size":10840860,"vd":-24100.0},"m":{"br":192000,"fid":0,"size":6504533,"vd":-21600.0},"l":null,"a":null,"cd":"","no":2,"rtUrl":null,"ftype":0,"rtUrls":[],"djId":0,"copyright":2,"s_id":0,"rtype":0,"rurl":null,"mst":9,"cp":0,"mv":0,"publishTime":1540103721714},{"name":"Something Cool","id":1321382268,"pst":0,"t":0,"ar":[{"id":12333145,"name":"DP龙猪","tns":[],"alias":[]},{"id":12568799,"name":"非叔Uncle-Fei","tns":[],"alias":[]}],"alia":[],"pop":100.0,"st":0,"rt":null,"fee":8,"v":7,"crbt":null,"cf":"","al":{"id":74157693,"name":"Something Cool","picUrl":"http://p2.music.126.net/pZWQf40DYrtpt1B9hCwCbw==/109951163635421971.jpg","tns":[],"pic_str":"109951163635421971","pic":109951163635421971},"dt":208323,"h":{"br":320000,"fid":0,"size":8335195,"vd":-36500.0},"m":{"br":192000,"fid":0,"size":5001134,"vd":-34000.0},"l":{"br":128000,"fid":0,"size":3334104,"vd":-32300.0},"a":null,"cd":"","no":1,"rtUrl":null,"ftype":0,"rtUrls":[],"djId":0,"copyright":0,"s_id":0,"rtype":0,"rurl":null,"mst":9,"cp":0,"mv":0,"publishTime":1541001600007},{"name":"精彩才刚刚开始","id":1317145419,"pst":0,"t":0,"ar":[{"id":939088,"name":"易烊千玺","tns":[],"alias":[]}],"alia":["天猫双11十年主题曲"],"pop":100.0,"st":0,"rt":null,"fee":8,"v":9,"crbt":null,"cf":"","al":{"id":73471479,"name":"精彩才刚刚开始","picUrl":"http://p2.music.126.net/X8RTO_Z1g5TNyUdLfh3jmw==/109951163601057660.jpg","tns":[],"pic_str":"109951163601057660","pic":109951163601057660},"dt":227647,"h":{"br":320000,"fid":0,"size":9108419,"vd":-2.19},"m":{"br":192000,"fid":0,"size":5465069,"vd":-1.94},"l":{"br":128000,"fid":0,"size":3643394,"vd":-1.79},"a":null,"cd":"","no":0,"rtUrl":null,"ftype":0,"rtUrls":[],"djId":0,"copyright":0,"s_id":0,"rtype":0,"rurl":null,"mst":9,"cp":754016,"mv":10807079,"publishTime":1539532800007},{"name":"没那么喜欢","id":1313701868,"pst":0,"t":0,"ar":[{"id":12382970,"name":"陈雪凝","tns":[],"alias":[]}],"alia":[],"pop":100.0,"st":0,"rt":null,"fee":8,"v":8,"crbt":null,"cf":"","al":{"id":73687697,"name":"没那么喜欢","picUrl":"http://p2.music.126.net/Te2BhJdwRudgt_3YJtt95A==/109951163575923880.jpg","tns":[],"pic_str":"109951163575923880","pic":109951163575923880},"dt":245687,"h":{"br":320000,"fid":0,"size":9830444,"vd":-1.45},"m":{"br":192000,"fid":0,"size":5898284,"vd":-1.19},"l":{"br":128000,"fid":0,"size":3932204,"vd":-1.0599},"a":null,"cd":"","no":1,"rtUrl":null,"ftype":0,"rtUrls":[],"djId":0,"copyright":0,"s_id":0,"rtype":0,"rurl":null,"mst":9,"cp":0,"mv":0,"publishTime":1538150400000},{"name":"小鹿乱撞","id":864100958,"pst":0,"t":0,"ar":[{"id":12448205,"name":"永彬Ryan.B","tns":[],"alias":[]},{"id":12120169,"name":"狄迪（D-DAY）","tns":[],"alias":[]}],"alia":[],"pop":100.0,"st":0,"rt":null,"fee":8,"v":4,"crbt":null,"cf":"","al":{"id":71614249,"name":"小鹿乱撞","picUrl":"http://p2.music.126.net/1qTRyoArCagVmxVkoXIkzg==/109951163398558468.jpg","tns":[],"pic_str":"109951163398558468","pic":109951163398558468},"dt":188765,"h":{"br":320000,"fid":0,"size":7553611,"vd":-4.0},"m":{"br":192000,"fid":0,"size":4532184,"vd":-3.0},"l":{"br":128000,"fid":0,"size":3021471,"vd":-3.0},"a":null,"cd":"","no":0,"rtUrl":null,"ftype":0,"rtUrls":[],"djId":0,"copyright":0,"s_id":0,"rtype":0,"rurl":null,"mst":9,"cp":1374819,"mv":0,"publishTime":1531152000007},{"name":"RISE","id":1313107065,"pst":0,"t":0,"ar":[{"id":102954,"name":"The Glitch Mob","tns":[],"alias":[]},{"id":68192,"name":"Mako","tns":[],"alias":[]},{"id":213073,"name":"The Word Alive","tns":[],"alias":[]}],"alia":["登峰造极境—英雄联盟2018全球总决赛主题曲"],"pop":100.0,"st":0,"rt":null,"fee":0,"v":5,"crbt":null,"cf":"","al":{"id":73471912,"name":"RISE","picUrl":"http://p2.music.126.net/XLulJwVbfowNQhATCt809g==/109951163573081067.jpg","tns":[],"pic_str":"109951163573081067","pic":109951163573081067},"dt":192914,"h":{"br":320000,"fid":0,"size":7717660,"vd":-2.89},"m":{"br":192000,"fid":0,"size":4630613,"vd":-2.65},"l":{"br":128000,"fid":0,"size":3087090,"vd":-2.57},"a":null,"cd":"0","no":1,"rtUrl":null,"ftype":0,"rtUrls":[],"djId":0,"copyright":0,"s_id":0,"rtype":0,"rurl":null,"mst":9,"cp":0,"mv":10798487,"publishTime":1537891200007},{"name":"There's No Way (Alle Farben Remix)","id":1318075164,"pst":0,"t":0,"ar":[{"id":1057226,"name":"Lauv","tns":[],"alias":[]},{"id":12097049,"name":"Julia Michaels","tns":[],"alias":[]}],"alia":[],"pop":100.0,"st":0,"rt":null,"fee":8,"v":1,"crbt":null,"cf":"","al":{"id":73924127,"name":"There's No Way (remixes)","picUrl":"http://p2.music.126.net/ZXySLCNckBIhxMqpvm19WA==/109951163606394390.jpg","tns":[],"pic_str":"109951163606394390","pic":109951163606394390},"dt":187300,"h":{"br":320000,"fid":0,"size":7495097,"vd":-1.0},"m":{"br":192000,"fid":0,"size":4497075,"vd":-1.0},"l":{"br":128000,"fid":0,"size":2998065,"vd":-1.0},"a":null,"cd":"1","no":1,"rtUrl":null,"ftype":0,"rtUrls":[],"djId":0,"copyright":1,"s_id":0,"rtype":0,"rurl":null,"mst":9,"cp":631010,"mv":0,"publishTime":1541001600007},{"name":"想淋雨就别走","id":1313897816,"pst":0,"t":0,"ar":[{"id":1160085,"name":"Fine乐团","tns":[],"alias":[]}],"alia":[],"pop":100.0,"st":0,"rt":null,"fee":8,"v":7,"crbt":null,"cf":"","al":{"id":73471327,"name":"想淋雨就别走","picUrl":"http://p2.music.126.net/Z2sHJnvUj9_-RYn48iNxCw==/109951163596582581.jpg","tns":[],"pic_str":"109951163596582581","pic":109951163596582581},"dt":281550,"h":{"br":320000,"fid":0,"size":11265089,"vd":-1.9},"m":{"br":192000,"fid":0,"size":6759071,"vd":-1.63},"l":{"br":128000,"fid":0,"size":4506062,"vd":-1.49},"a":null,"cd":"","no":1,"rtUrl":null,"ftype":0,"rtUrls":[],"djId":0,"copyright":1,"s_id":0,"rtype":0,"rurl":null,"mst":9,"cp":0,"mv":0,"publishTime":1539100800007},{"name":"You (Live)","id":1318877064,"pst":0,"t":0,"ar":[{"id":13058498,"name":"林彦俊","tns":[],"alias":[]}],"alia":[],"pop":100.0,"st":0,"rt":null,"fee":0,"v":2,"crbt":null,"cf":"","al":{"id":73986623,"name":"中国音乐公告牌 第七期 ","picUrl":"http://p2.music.126.net/q1cJSO-FNTCbe6xu98LwJQ==/109951163612175101.jpg","tns":[],"pic_str":"109951163612175101","pic":109951163612175101},"dt":182720,"h":{"br":320000,"fid":0,"size":7311195,"vd":-2.0},"m":{"br":192000,"fid":0,"size":4386734,"vd":-2.0},"l":{"br":128000,"fid":0,"size":2924504,"vd":-2.0},"a":null,"cd":"","no":3,"rtUrl":null,"ftype":0,"rtUrls":[],"djId":0,"copyright":0,"s_id":0,"rtype":0,"rurl":null,"mst":9,"cp":1403820,"mv":0,"publishTime":1539878400007},{"name":"单车","id":1311347333,"pst":0,"t":0,"ar":[{"id":1185054,"name":"尚先生","tns":[],"alias":[]},{"id":571797,"name":"chill boy","tns":[],"alias":[]},{"id":12052020,"name":"C.N.K","tns":[],"alias":[]}],"alia":[],"pop":100.0,"st":0,"rt":null,"fee":8,"v":6,"crbt":null,"cf":"","al":{"id":73471723,"name":"单车","picUrl":"http://p2.music.126.net/blXdSgD9wQmJGAFW31pWCQ==/109951163561362559.jpg","tns":[],"pic_str":"109951163561362559","pic":109951163561362559},"dt":203549,"h":{"br":320000,"fid":0,"size":8145023,"vd":0.0},"m":{"br":192000,"fid":0,"size":4887031,"vd":0.0},"l":{"br":128000,"fid":0,"size":3258035,"vd":0.0},"a":null,"cd":"","no":1,"rtUrl":null,"ftype":0,"rtUrls":[],"djId":0,"copyright":1,"s_id":0,"rtype":0,"rurl":null,"mst":9,"cp":0,"mv":0,"publishTime":1537459200007},{"name":"想给你","id":1309903584,"pst":0,"t":0,"ar":[{"id":12622588,"name":"钟易轩","tns":[],"alias":[]}],"alia":[],"pop":100.0,"st":0,"rt":null,"fee":8,"v":4,"crbt":null,"cf":"","al":{"id":73327759,"name":"想给你","picUrl":"http://p2.music.126.net/BOR1yT0rQ5a0x4WOrrKdMQ==/109951163556751028.jpg","tns":[],"pic_str":"109951163556751028","pic":109951163556751028},"dt":240147,"h":{"br":320000,"fid":0,"size":9608925,"vd":-2.0},"m":{"br":192000,"fid":0,"size":5765373,"vd":-2.0},"l":{"br":128000,"fid":0,"size":3843596,"vd":-2.0},"a":null,"cd":"","no":0,"rtUrl":null,"ftype":0,"rtUrls":[],"djId":0,"copyright":0,"s_id":0,"rtype":0,"rurl":null,"mst":9,"cp":636010,"mv":10798139,"publishTime":1537372800007},{"name":"倒数","id":1299550532,"pst":0,"t":0,"ar":[{"id":7763,"name":"G.E.M.邓紫棋","tns":[],"alias":[]}],"alia":[],"pop":100.0,"st":0,"rt":null,"fee":8,"v":14,"crbt":null,"cf":"","al":{"id":72709830,"name":"另一个童话","picUrl":"http://p2.music.126.net/tXCIFsVDK6IKcQ9YWxwOEg==/109951163523944497.jpg","tns":[],"pic_str":"109951163523944497","pic":109951163523944497},"dt":229333,"h":{"br":320000,"fid":0,"size":9176338,"vd":-15900.0},"m":{"br":192000,"fid":0,"size":5505820,"vd":-13400.0},"l":{"br":128000,"fid":0,"size":3670561,"vd":-11799.0},"a":null,"cd":"","no":1,"rtUrl":null,"ftype":0,"rtUrls":[],"djId":0,"copyright":0,"s_id":0,"rtype":0,"rurl":null,"mst":9,"cp":27001,"mv":5965351,"publishTime":1534348800007},{"name":"很高兴认识你","id":1318571230,"pst":0,"t":0,"ar":[{"id":11257,"name":"C-BLOCK","tns":[],"alias":[]}],"alia":[],"pop":100.0,"st":0,"rt":null,"fee":8,"v":13,"crbt":null,"cf":"","al":{"id":73957672,"name":"很高兴认识你","picUrl":"http://p2.music.126.net/UU09arK_fRlyWVdh2znikA==/109951163610766464.jpg","tns":[],"pic_str":"109951163610766464","pic":109951163610766464},"dt":232000,"h":{"br":320000,"fid":0,"size":9282917,"vd":-1.0},"m":{"br":192000,"fid":0,"size":5569768,"vd":0.0},"l":{"br":128000,"fid":0,"size":3713193,"vd":0.0},"a":null,"cd":"","no":0,"rtUrl":null,"ftype":0,"rtUrls":[],"djId":0,"copyright":0,"s_id":0,"rtype":0,"rurl":null,"mst":9,"cp":0,"mv":10814061,"publishTime":1539964800007},{"name":"A No No","id":1322021150,"pst":0,"t":0,"ar":[{"id":66355,"name":"Mariah Carey","tns":[],"alias":[]}],"alia":[],"pop":0.0,"st":0,"rt":"","fee":8,"v":2,"crbt":null,"cf":"","al":{"id":74189164,"name":"A No No","picUrl":"http://p2.music.126.net/2-ewlK4kr_hz4wQFMiOg6g==/109951163639295749.jpg","tns":[],"pic_str":"109951163639295749","pic":109951163639295749},"dt":187820,"h":{"br":320000,"fid":0,"size":7513905,"vd":-1.0},"m":{"br":192000,"fid":0,"size":4508360,"vd":0.0},"l":{"br":128000,"fid":0,"size":3005588,"vd":0.0},"a":null,"cd":"01","no":1,"rtUrl":null,"ftype":0,"rtUrls":[],"djId":0,"copyright":1,"s_id":0,"rtype":0,"rurl":null,"mst":9,"cp":7001,"mv":0,"publishTime":1541001600007},{"name":"1999","id":1314780499,"pst":0,"t":0,"ar":[{"id":53092,"name":"Charli XCX","tns":[],"alias":[]},{"id":45129,"name":"Troye Sivan","tns":[],"alias":[]}],"alia":[],"pop":100.0,"st":0,"rt":null,"fee":8,"v":13,"crbt":null,"cf":"","al":{"id":73749871,"name":"1999","picUrl":"http://p2.music.126.net/b7WyInzyJxF5oHkAok1FbA==/109951163586538233.jpg","tns":[],"pic_str":"109951163586538233","pic":109951163586538233},"dt":189000,"h":{"br":320000,"fid":0,"size":7563015,"vd":-1.97},"m":{"br":192000,"fid":0,"size":4537826,"vd":-1.72},"l":{"br":128000,"fid":0,"size":3025232,"vd":-1.6},"a":null,"cd":"1","no":1,"rtUrl":null,"ftype":0,"rtUrls":[],"djId":0,"copyright":1,"s_id":0,"rtype":0,"rurl":null,"mst":9,"cp":7002,"mv":10800002,"publishTime":1538668800007},{"name":"一百万个可能","id":1309814115,"pst":0,"t":0,"ar":[{"id":12286700,"name":"虎二","tns":[],"alias":[]}],"alia":[],"pop":100.0,"st":0,"rt":null,"fee":8,"v":25,"crbt":null,"cf":"","al":{"id":73256954,"name":"一百万个可能","picUrl":"http://p2.music.126.net/Q4PZJYU75MePN5nnGwdZaA==/109951163549058753.jpg","tns":[],"pic_str":"109951163549058753","pic":109951163549058753},"dt":242181,"h":{"br":320000,"fid":0,"size":9690427,"vd":0.0},"m":{"br":192000,"fid":0,"size":5814274,"vd":0.0},"l":{"br":128000,"fid":0,"size":3876197,"vd":0.0},"a":null,"cd":"1","no":1,"rtUrl":null,"ftype":0,"rtUrls":[],"djId":0,"copyright":0,"s_id":0,"rtype":0,"rurl":null,"mst":9,"cp":725011,"mv":0,"publishTime":1539446400007},{"name":"天命之军","id":1321841207,"pst":0,"t":0,"ar":[{"id":12788674,"name":"KEY.L","tns":[],"alias":[]},{"id":12127712,"name":"梁笑生AIRBUS130","tns":[],"alias":[]}],"alia":[],"pop":100.0,"st":0,"rt":null,"fee":0,"v":9,"crbt":null,"cf":"","al":{"id":74173877,"name":"天命之军","picUrl":"http://p2.music.126.net/UbO01nsi_9U8AbVQndapBw==/109951163637582638.jpg","tns":[],"pic_str":"109951163637582638","pic":109951163637582638},"dt":200594,"h":{"br":320000,"fid":0,"size":8025905,"vd":-9700.0},"m":{"br":192000,"fid":0,"size":4815560,"vd":-6900.0},"l":{"br":128000,"fid":0,"size":3210388,"vd":-5100.0},"a":null,"cd":"","no":1,"rtUrl":null,"ftype":0,"rtUrls":[],"djId":0,"copyright":0,"s_id":0,"rtype":0,"rurl":null,"mst":9,"cp":0,"mv":0,"publishTime":1540987844013},{"name":"All Out Life","id":1321905433,"pst":0,"t":0,"ar":[{"id":42941,"name":"Slipknot","tns":[],"alias":[]}],"alia":[],"pop":0.0,"st":0,"rt":"","fee":8,"v":7,"crbt":null,"cf":"","al":{"id":74182490,"name":"All Out Life","picUrl":"http://p2.music.126.net/7TuIbPvU3rhqEBpXExqkTg==/109951163638368764.jpg","tns":[],"pic_str":"109951163638368764","pic":109951163638368764},"dt":340166,"h":{"br":320000,"fid":0,"size":13607750,"vd":-3.0},"m":{"br":192000,"fid":0,"size":8164667,"vd":-3.0},"l":{"br":128000,"fid":0,"size":5443126,"vd":-3.0},"a":null,"cd":"01","no":1,"rtUrl":null,"ftype":0,"rtUrls":[],"djId":0,"copyright":1,"s_id":0,"rtype":0,"rurl":null,"mst":9,"cp":7002,"mv":0,"publishTime":1540915200007},{"name":"年少心事","id":1318610333,"pst":0,"t":0,"ar":[{"id":12871618,"name":"王一博","tns":[],"alias":[]}],"alia":["电影《昨日青空》青春成长曲"],"pop":100.0,"st":0,"rt":null,"fee":0,"v":2,"crbt":null,"cf":"","al":{"id":73957695,"name":"年少心事","picUrl":"http://p2.music.126.net/pBJOJF3y9cATRZAJ02Ju-w==/109951163611930628.jpg","tns":[],"pic_str":"109951163611930628","pic":109951163611930628},"dt":289162,"h":{"br":320000,"fid":0,"size":11569154,"vd":-2.0},"m":{"br":192000,"fid":0,"size":6941510,"vd":-1.0},"l":{"br":128000,"fid":0,"size":4627688,"vd":-1.0},"a":null,"cd":"","no":1,"rtUrl":null,"ftype":0,"rtUrls":[],"djId":0,"copyright":0,"s_id":0,"rtype":0,"rurl":null,"mst":9,"cp":0,"mv":0,"publishTime":1539964800007},{"name":"无情画","id":1311347661,"pst":0,"t":0,"ar":[{"id":12232132,"name":"王呈章","tns":[],"alias":[]}],"alia":["《双世宠妃》第二季片头曲"],"pop":100.0,"st":0,"rt":null,"fee":0,"v":4,"crbt":null,"cf":"","al":{"id":73472829,"name":"无情画","picUrl":"http://p2.music.126.net/rS27eFrfS_Z4i2K4R1w7UA==/109951163569929681.jpg","tns":[],"pic_str":"109951163569929681","pic":109951163569929681},"dt":255250,"h":{"br":320000,"fid":0,"size":10212876,"vd":0.0},"m":{"br":192000,"fid":0,"size":6127743,"vd":0.0},"l":{"br":128000,"fid":0,"size":4085177,"vd":0.0},"a":null,"cd":"","no":1,"rtUrl":null,"ftype":0,"rtUrls":[],"djId":0,"copyright":2,"s_id":0,"rtype":0,"rurl":null,"mst":9,"cp":651010,"mv":10799265,"publishTime":1537977600007},{"name":"水滴石穿 (Live)","id":1313102808,"pst":0,"t":0,"ar":[{"id":12514278,"name":"那吾克热LIL-EM","tns":[],"alias":[]}],"alia":[],"pop":100.0,"st":0,"rt":null,"fee":0,"v":2,"crbt":null,"cf":"","al":{"id":73681733,"name":"中国新说唱 第13期","picUrl":"http://p2.music.126.net/WlkSXIjLZcenMU1g0anGeg==/109951163589728383.jpg","tns":[],"pic_str":"109951163589728383","pic":109951163589728383},"dt":204023,"h":{"br":320000,"fid":0,"size":8163831,"vd":-4.32},"m":{"br":192000,"fid":0,"size":4898316,"vd":-4.06},"l":{"br":128000,"fid":0,"size":3265559,"vd":-3.9},"a":null,"cd":"","no":9,"rtUrl":null,"ftype":0,"rtUrls":[],"djId":0,"copyright":0,"s_id":0,"rtype":0,"rurl":null,"mst":9,"cp":1376818,"mv":0,"publishTime":1538755200007},{"name":"影响","id":1318430037,"pst":0,"t":0,"ar":[{"id":1007170,"name":"陈粒","tns":[],"alias":[]}],"alia":["电视剧《创业时代》爱情主题曲"],"pop":100.0,"st":0,"rt":null,"fee":8,"v":5,"crbt":null,"cf":"","al":{"id":73836105,"name":"影响","picUrl":"http://p2.music.126.net/BYCUi9yMLJTFy30UTymw-A==/109951163608282297.jpg","tns":[],"pic_str":"109951163608282297","pic":109951163608282297},"dt":225013,"h":{"br":320000,"fid":0,"size":9002885,"vd":-0.33},"m":{"br":192000,"fid":0,"size":5401748,"vd":-0.08},"l":{"br":128000,"fid":0,"size":3601180,"vd":-2.0E-4},"a":null,"cd":"","no":0,"rtUrl":null,"ftype":0,"rtUrls":[],"djId":0,"copyright":0,"s_id":0,"rtype":0,"rurl":null,"mst":9,"cp":1412830,"mv":10806209,"publishTime":1539792000007},{"name":"Rumors (SMACK Remix)","id":1318317503,"pst":0,"t":0,"ar":[{"id":197248,"name":"R3hab","tns":[],"alias":[]},{"id":12024488,"name":"Sofia Carson","tns":[],"alias":[]},{"id":76928,"name":"Smack","tns":[],"alias":[]}],"alia":[],"pop":0.0,"st":0,"rt":"","fee":8,"v":2,"crbt":null,"cf":"","al":{"id":73944101,"name":"Rumors (SMACK Remix)","picUrl":"http://p2.music.126.net/Qz73tQbvyOkZ6tJYpl7ENA==/109951163608445344.jpg","tns":[],"pic_str":"109951163608445344","pic":109951163608445344},"dt":136520,"h":{"br":320000,"fid":0,"size":5463815,"vd":-3.0},"m":{"br":192000,"fid":0,"size":3278306,"vd":-3.0},"l":{"br":128000,"fid":0,"size":2185552,"vd":-3.0},"a":null,"cd":"01","no":1,"rtUrl":null,"ftype":0,"rtUrls":[],"djId":0,"copyright":1,"s_id":0,"rtype":0,"rurl":null,"mst":9,"cp":631010,"mv":0,"publishTime":1541001600007},{"name":"耳朵","id":1318235595,"pst":0,"t":0,"ar":[{"id":4292,"name":"李荣浩","tns":[],"alias":[]}],"alia":[],"pop":100.0,"st":0,"rt":null,"fee":8,"v":13,"crbt":null,"cf":"","al":{"id":73914415,"name":"耳朵","picUrl":"http://p2.music.126.net/tt8xwK-ASC2iqXNUXYKoDQ==/109951163606377163.jpg","tns":[],"pic_str":"109951163606377163","pic":109951163606377163},"dt":241293,"h":{"br":320000,"fid":0,"size":9652811,"vd":-2.04},"m":{"br":192000,"fid":0,"size":5791704,"vd":-1.78},"l":{"br":128000,"fid":0,"size":3861151,"vd":-1.64},"a":null,"cd":"1","no":6,"rtUrl":null,"ftype":0,"rtUrls":[],"djId":0,"copyright":1,"s_id":0,"rtype":0,"rurl":null,"mst":9,"cp":7002,"mv":10813073,"publishTime":1539705600007},{"name":"那一夜","id":1318284264,"pst":0,"t":0,"ar":[{"id":7763,"name":"G.E.M.邓紫棋","tns":[],"alias":[]}],"alia":[],"pop":100.0,"st":0,"rt":null,"fee":8,"v":2,"crbt":null,"cf":"","al":{"id":73930634,"name":"那一夜","picUrl":"http://p2.music.126.net/rWhebmakkW5gzE03VGvgBw==/109951163608286780.jpg","tns":[],"pic_str":"109951163608286780","pic":109951163608286780},"dt":234026,"h":{"br":320000,"fid":0,"size":9363374,"vd":-2.09},"m":{"br":192000,"fid":0,"size":5618042,"vd":-1.84},"l":{"br":128000,"fid":0,"size":3745376,"vd":-1.69},"a":null,"cd":"","no":0,"rtUrl":null,"ftype":0,"rtUrls":[],"djId":0,"copyright":0,"s_id":0,"rtype":0,"rurl":null,"mst":9,"cp":27001,"mv":0,"publishTime":1539792000007},{"name":"世界之旅","id":1321385493,"pst":0,"t":0,"ar":[{"id":29841619,"name":"惜音社","tns":[],"alias":[]},{"id":906118,"name":"洛天依","tns":[],"alias":[]},{"id":1102240,"name":"乐正绫","tns":[],"alias":[]}],"alia":[],"pop":0.0,"st":0,"rt":null,"fee":8,"v":8,"crbt":null,"cf":"","al":{"id":74151795,"name":"世界之旅","picUrl":"http://p2.music.126.net/4gv-6K36Ila7keiIKblWVA==/109951163640848618.jpg","tns":[],"pic_str":"109951163640848618","pic":109951163640848618},"dt":289358,"h":{"br":320000,"fid":0,"size":11576468,"vd":-25100.0},"m":{"br":192000,"fid":0,"size":6945898,"vd":-22500.0},"l":{"br":128000,"fid":0,"size":4630613,"vd":-20700.0},"a":null,"cd":"","no":1,"rtUrl":null,"ftype":0,"rtUrls":[],"djId":0,"copyright":0,"s_id":0,"rtype":0,"rurl":null,"mst":9,"cp":1371818,"mv":0,"publishTime":1541001600007},{"name":"功夫狂潮","id":1321385242,"pst":0,"t":0,"ar":[{"id":11562,"name":"F.I.R.","tns":[],"alias":[]},{"id":2736,"name":"范逸臣","tns":[],"alias":[]}],"alia":["电影《功夫联盟》宣传主题曲"],"pop":95.0,"st":0,"rt":null,"fee":8,"v":10,"crbt":null,"cf":"","al":{"id":74157690,"name":"功夫狂潮","picUrl":"http://p2.music.126.net/jrK9BrWXulC0Nhd5mn0bJg==/109951163635401476.jpg","tns":[],"pic_str":"109951163635401476","pic":109951163635401476},"dt":223618,"h":{"br":320000,"fid":0,"size":8947505,"vd":-14200.0},"m":{"br":192000,"fid":0,"size":5368520,"vd":-11500.0},"l":{"br":128000,"fid":0,"size":3579028,"vd":-10100.0},"a":null,"cd":"","no":0,"rtUrl":null,"ftype":0,"rtUrls":[],"djId":0,"copyright":0,"s_id":0,"rtype":0,"rurl":null,"mst":9,"cp":677020,"mv":10830158,"publishTime":1541001600007},{"name":"我不会说","id":1306448404,"pst":0,"t":0,"ar":[{"id":12605278,"name":"wweimm","tns":[],"alias":[]},{"id":12319670,"name":"MAREA","tns":[],"alias":[]}],"alia":[],"pop":100.0,"st":0,"rt":null,"fee":0,"v":8,"crbt":null,"cf":"","al":{"id":72772200,"name":"LucK","picUrl":"http://p2.music.126.net/SXyKxrcqwGbt_BLJDWsrhw==/109951163526251119.jpg","tns":[],"pic_str":"109951163526251119","pic":109951163526251119},"dt":218000,"h":{"br":320000,"fid":0,"size":8722852,"vd":0.0},"m":{"br":192000,"fid":0,"size":5233729,"vd":0.0},"l":{"br":128000,"fid":0,"size":3489167,"vd":0.0},"a":null,"cd":"","no":1,"rtUrl":null,"ftype":0,"rtUrls":[],"djId":0,"copyright":0,"s_id":0,"rtype":0,"rurl":null,"mst":9,"cp":0,"mv":0,"publishTime":1535644800000},{"name":"道理的道理","id":1318156992,"pst":0,"t":0,"ar":[{"id":12002248,"name":"沈以诚","tns":[],"alias":[]}],"alia":[],"pop":100.0,"st":0,"rt":null,"fee":8,"v":9,"crbt":null,"cf":"","al":{"id":73924804,"name":"道理的道理","picUrl":"http://p2.music.126.net/9jpTVsOLNKifSeYSuYq6Rg==/109951163606230392.jpg","tns":[],"pic_str":"109951163606230392","pic":109951163606230392},"dt":256600,"h":{"br":320000,"fid":0,"size":10266166,"vd":-2.0E-4},"m":{"br":192000,"fid":0,"size":6159717,"vd":0.1829},"l":{"br":128000,"fid":0,"size":4106493,"vd":0.2552},"a":null,"cd":"","no":1,"rtUrl":null,"ftype":0,"rtUrls":[],"djId":0,"copyright":0,"s_id":0,"rtype":0,"rurl":null,"mst":9,"cp":0,"mv":0,"publishTime":1539650796397},{"name":"我知道是你","id":1318234982,"pst":0,"t":0,"ar":[{"id":4292,"name":"李荣浩","tns":[],"alias":[]}],"alia":[],"pop":100.0,"st":0,"rt":null,"fee":8,"v":11,"crbt":null,"cf":"","al":{"id":73914415,"name":"耳朵","picUrl":"http://p2.music.126.net/tt8xwK-ASC2iqXNUXYKoDQ==/109951163606377163.jpg","tns":[],"pic_str":"109951163606377163","pic":109951163606377163},"dt":250618,"h":{"br":320000,"fid":0,"size":10025840,"vd":-1.0},"m":{"br":192000,"fid":0,"size":6015521,"vd":0.0},"l":{"br":128000,"fid":0,"size":4010362,"vd":0.0},"a":null,"cd":"1","no":5,"rtUrl":null,"ftype":0,"rtUrls":[],"djId":0,"copyright":1,"s_id":0,"rtype":0,"rurl":null,"mst":9,"cp":7002,"mv":0,"publishTime":1539705600007},{"name":"麻木","id":1318571189,"pst":0,"t":0,"ar":[{"id":12174110,"name":"崔开潮","tns":[],"alias":[]}],"alia":[],"pop":100.0,"st":0,"rt":null,"fee":8,"v":11,"crbt":null,"cf":"","al":{"id":73962656,"name":"智齿","picUrl":"http://p2.music.126.net/btQw6bXEfaFXxj7J1nTFrA==/109951163638065691.jpg","tns":[],"pic_str":"109951163638065691","pic":109951163638065691},"dt":170386,"h":{"br":320000,"fid":0,"size":6818003,"vd":15435.0},"m":{"br":192000,"fid":0,"size":4090819,"vd":18081.0},"l":{"br":128000,"fid":0,"size":2727227,"vd":20477.0},"a":null,"cd":"","no":6,"rtUrl":null,"ftype":0,"rtUrls":[],"djId":0,"copyright":1,"s_id":0,"rtype":0,"rurl":null,"mst":9,"cp":0,"mv":0,"publishTime":1541001600007},{"name":"拥有你","id":543987768,"pst":0,"t":0,"ar":[{"id":13285729,"name":"王嘉懿(菜刀)","tns":[],"alias":[]},{"id":12052056,"name":"Fi9江澈","tns":[],"alias":[]}],"alia":[],"pop":100.0,"st":0,"rt":null,"fee":0,"v":8,"crbt":null,"cf":"","al":{"id":37887116,"name":"拥有你","picUrl":"http://p2.music.126.net/snNLzGsPV8q3-fGtkG8tRg==/109951163186016466.jpg","tns":[],"pic_str":"109951163186016466","pic":109951163186016466},"dt":228760,"h":{"br":320000,"fid":0,"size":9153350,"vd":0.0},"m":{"br":192000,"fid":0,"size":5492027,"vd":0.0},"l":{"br":128000,"fid":0,"size":3661366,"vd":0.0},"a":null,"cd":"","no":1,"rtUrl":null,"ftype":0,"rtUrls":[],"djId":0,"copyright":2,"s_id":0,"rtype":0,"rurl":null,"mst":9,"cp":686010,"mv":0,"publishTime":1520870400007},{"name":"如果人类不再死亡","id":1318879215,"pst":0,"t":0,"ar":[{"id":12093182,"name":"陈羽章","tns":[],"alias":[]}],"alia":[],"pop":100.0,"st":0,"rt":null,"fee":8,"v":3,"crbt":null,"cf":"","al":{"id":73986664,"name":"如果人类不再死亡","picUrl":"http://p2.music.126.net/lZQYeTPSVkgGpLhj5IGe8g==/109951163618740428.jpg","tns":[],"pic_str":"109951163618740428","pic":109951163618740428},"dt":262768,"h":{"br":320000,"fid":0,"size":10513807,"vd":-0.27},"m":{"br":192000,"fid":0,"size":6308302,"vd":-0.02},"l":{"br":128000,"fid":0,"size":4205549,"vd":-2.0E-4},"a":null,"cd":"","no":1,"rtUrl":null,"ftype":0,"rtUrls":[],"djId":0,"copyright":1,"s_id":0,"rtype":0,"rurl":null,"mst":9,"cp":748010,"mv":0,"publishTime":1540137600007},{"name":"短发女孩","id":1299260883,"pst":0,"t":0,"ar":[{"id":12264518,"name":"大布偶","tns":[],"alias":[]}],"alia":[],"pop":100.0,"st":0,"rt":null,"fee":0,"v":10,"crbt":null,"cf":"","al":{"id":72106383,"name":"短发女孩","picUrl":"http://p2.music.126.net/RP2jvEFp8oGxE0Mc2Fkk5g==/109951163443091375.jpg","tns":[],"pic_str":"109951163443091375","pic":109951163443091375},"dt":204992,"h":{"br":320000,"fid":0,"size":8208762,"vd":-1.0},"m":{"br":192000,"fid":0,"size":4925275,"vd":-1.0},"l":{"br":128000,"fid":0,"size":3283531,"vd":-1.0},"a":null,"cd":"","no":1,"rtUrl":null,"ftype":0,"rtUrls":[],"djId":0,"copyright":0,"s_id":0,"rtype":0,"rurl":null,"mst":9,"cp":0,"mv":0,"publishTime":1533427200000},{"name":"原来你也在这里","id":1320098329,"pst":0,"t":0,"ar":[{"id":10558,"name":"周笔畅","tns":[],"alias":[]}],"alia":["电视剧《原来你还在这里》主题曲"],"pop":100.0,"st":0,"rt":null,"fee":8,"v":5,"crbt":null,"cf":"","al":{"id":74064726,"name":"原来你也在这里","picUrl":"http://p2.music.126.net/qppSA-tF_S0SAkastKDpxA==/109951163626553866.jpg","tns":[],"pic_str":"109951163626553866","pic":109951163626553866},"dt":247186,"h":{"br":320000,"fid":0,"size":9890003,"vd":-41400.0},"m":{"br":192000,"fid":0,"size":5934019,"vd":-38900.0},"l":null,"a":null,"cd":"","no":0,"rtUrl":null,"ftype":0,"rtUrls":[],"djId":0,"copyright":0,"s_id":0,"rtype":0,"rurl":null,"mst":9,"cp":755012,"mv":10825100,"publishTime":1540742400007},{"name":"Autism","id":1321871852,"pst":0,"t":0,"ar":[{"id":4621,"name":"闫东炜","tns":[],"alias":[]}],"alia":[],"pop":90.0,"st":0,"rt":null,"fee":0,"v":5,"crbt":null,"cf":"","al":{"id":74172930,"name":"Autism","picUrl":"http://p2.music.126.net/uIyi8qkfLuw97Q33D4VOgw==/109951163638069253.jpg","tns":[],"pic_str":"109951163638069253","pic":109951163638069253},"dt":234235,"h":{"br":320000,"fid":0,"size":9371733,"vd":-9600.0},"m":{"br":192000,"fid":0,"size":5623057,"vd":-7300.0},"l":{"br":128000,"fid":0,"size":3748719,"vd":-6400.0},"a":null,"cd":"","no":1,"rtUrl":null,"ftype":0,"rtUrls":[],"djId":0,"copyright":0,"s_id":0,"rtype":0,"rurl":null,"mst":9,"cp":0,"mv":0,"publishTime":1541000526071},{"name":"问一问青春","id":1321424220,"pst":0,"t":0,"ar":[{"id":30532580,"name":"王明宇","tns":[],"alias":[]},{"id":964092,"name":"鲁士郎","tns":[],"alias":[]}],"alia":["电视剧《我们的四十年》片头曲"],"pop":100.0,"st":0,"rt":null,"fee":8,"v":2,"crbt":null,"cf":"","al":{"id":74149700,"name":"问一问青春","picUrl":"http://p2.music.126.net/Q8Z2_r-QQSI1NnIEukGRMA==/109951163635388331.jpg","tns":[],"pic_str":"109951163635388331","pic":109951163635388331},"dt":206390,"h":{"br":320000,"fid":0,"size":8257872,"vd":-18600.0},"m":{"br":192000,"fid":0,"size":4954741,"vd":-16200.0},"l":{"br":128000,"fid":0,"size":3303175,"vd":-14600.0},"a":null,"cd":"","no":1,"rtUrl":null,"ftype":0,"rtUrls":[],"djId":0,"copyright":0,"s_id":0,"rtype":0,"rurl":null,"mst":9,"cp":755014,"mv":0,"publishTime":1541001600007},{"name":"可不可以","id":553755659,"pst":0,"t":0,"ar":[{"id":13906123,"name":"张紫豪","tns":[],"alias":[]}],"alia":[],"pop":100.0,"st":0,"rt":null,"fee":8,"v":18,"crbt":null,"cf":"","al":{"id":38385235,"name":"可不可以","picUrl":"http://p2.music.126.net/WafK2OQfEtqXitdDXJ772Q==/109951163252847249.jpg","tns":[],"pic_str":"109951163252847249","pic":109951163252847249},"dt":240889,"h":{"br":320000,"fid":0,"size":9638182,"vd":-32500.0},"m":{"br":192000,"fid":0,"size":5782927,"vd":-29900.0},"l":{"br":128000,"fid":0,"size":3855299,"vd":-28100.0},"a":null,"cd":"","no":1,"rtUrl":null,"ftype":0,"rtUrls":[],"djId":0,"copyright":2,"s_id":0,"rtype":0,"rurl":null,"mst":9,"cp":687012,"mv":0,"publishTime":1535644800007},{"name":"攒一口袋星星","id":1313684918,"pst":0,"t":0,"ar":[{"id":1146106,"name":"苏琛","tns":[],"alias":[]}],"alia":[],"pop":100.0,"st":0,"rt":null,"fee":0,"v":15,"crbt":null,"cf":"","al":{"id":73600465,"name":"攒一口袋星星","picUrl":"http://p2.music.126.net/jFLM2toVEB74PI8-uUqSZA==/109951163575747887.jpg","tns":[],"pic_str":"109951163575747887","pic":109951163575747887},"dt":204140,"h":{"br":320000,"fid":0,"size":8168011,"vd":-3.01},"m":{"br":192000,"fid":0,"size":4900824,"vd":-2.75},"l":{"br":128000,"fid":0,"size":3267231,"vd":-2.59},"a":null,"cd":"","no":1,"rtUrl":null,"ftype":0,"rtUrls":[],"djId":0,"copyright":0,"s_id":0,"rtype":0,"rurl":null,"mst":9,"cp":0,"mv":0,"publishTime":1538150400000},{"name":"为你写诗","id":1320100071,"pst":0,"t":0,"ar":[{"id":5538,"name":"汪苏泷","tns":[],"alias":[]},{"id":12312068,"name":"周洁琼","tns":[],"alias":[]}],"alia":["电影《为你写诗》同名曲"],"pop":100.0,"st":0,"rt":null,"fee":8,"v":2,"crbt":null,"cf":"","al":{"id":74064632,"name":"为你写诗","picUrl":"http://p2.music.126.net/oS8rEBSySMUXRxxJ-T5IDQ==/109951163622416381.jpg","tns":[],"pic_str":"109951163622416381","pic":109951163622416381},"dt":228906,"h":{"br":320000,"fid":0,"size":9158574,"vd":-2.0},"m":{"br":192000,"fid":0,"size":5495162,"vd":-2.0},"l":{"br":128000,"fid":0,"size":3663456,"vd":-2.0},"a":null,"cd":"","no":1,"rtUrl":null,"ftype":0,"rtUrls":[],"djId":0,"copyright":0,"s_id":0,"rtype":0,"rurl":null,"mst":9,"cp":490036,"mv":10826027,"publishTime":1540396800007},{"name":"带你去海边","id":866053503,"pst":0,"t":0,"ar":[{"id":12030367,"name":"刘思达","tns":[],"alias":[]},{"id":12631485,"name":"h3R3","tns":[],"alias":[]},{"id":12803030,"name":"桑娜","tns":[],"alias":[]}],"alia":[],"pop":100.0,"st":0,"rt":null,"fee":8,"v":13,"crbt":null,"cf":"","al":{"id":71806638,"name":"带你去海边","picUrl":"http://p2.music.126.net/F7zj2uDTwsX-rtqg-uuynA==/109951163405623093.jpg","tns":[],"pic_str":"109951163405623093","pic":109951163405623093},"dt":210000,"h":{"br":320000,"fid":0,"size":8403113,"vd":-2.0},"m":{"br":192000,"fid":0,"size":5041885,"vd":-1.0},"l":{"br":128000,"fid":0,"size":3361271,"vd":-1.0},"a":null,"cd":"","no":1,"rtUrl":null,"ftype":0,"rtUrls":[],"djId":0,"copyright":0,"s_id":0,"rtype":0,"rurl":null,"mst":9,"cp":0,"mv":10740035,"publishTime":1531440000000},{"name":"珍珠","id":1313321629,"pst":0,"t":0,"ar":[{"id":12598950,"name":"RA","tns":[],"alias":[]},{"id":13683025,"name":"BK.","tns":[],"alias":[]}],"alia":[],"pop":100.0,"st":0,"rt":null,"fee":0,"v":6,"crbt":null,"cf":"","al":{"id":73586260,"name":"珍珠","picUrl":"http://p2.music.126.net/8YfL5Wa5iVQ3I0wTZ9pjzQ==/109951163574741194.jpg","tns":[],"pic_str":"109951163574741194","pic":109951163574741194},"dt":231336,"h":{"br":320000,"fid":0,"size":9254705,"vd":-2.0E-4},"m":{"br":192000,"fid":0,"size":5552840,"vd":-2.0E-4},"l":{"br":128000,"fid":0,"size":3701908,"vd":-2.0E-4},"a":null,"cd":"","no":1,"rtUrl":null,"ftype":0,"rtUrls":[],"djId":0,"copyright":0,"s_id":0,"rtype":0,"rurl":null,"mst":9,"cp":0,"mv":0,"publishTime":1538024400000},{"name":"你的呼吸","id":1321786856,"pst":0,"t":0,"ar":[{"id":30548264,"name":"少囧","tns":[],"alias":[]}],"alia":[],"pop":95.0,"st":0,"rt":null,"fee":0,"v":13,"crbt":null,"cf":"","al":{"id":74171731,"name":"你的呼吸","picUrl":"http://p2.music.126.net/3V4mJHweTC0Lr7Jehi8uRg==/109951163637091005.jpg","tns":[],"pic_str":"109951163637091005","pic":109951163637091005},"dt":279275,"h":{"br":320000,"fid":0,"size":11174182,"vd":-23599.0},"m":{"br":192000,"fid":0,"size":6704527,"vd":-21000.0},"l":{"br":128000,"fid":0,"size":4469699,"vd":-19400.0},"a":null,"cd":"","no":1,"rtUrl":null,"ftype":0,"rtUrls":[],"djId":0,"copyright":0,"s_id":0,"rtype":0,"rurl":null,"mst":9,"cp":0,"mv":0,"publishTime":1540966422065},{"name":"一半","id":1321673670,"pst":0,"t":0,"ar":[{"id":5795,"name":"熊汝霖","tns":[],"alias":[]}],"alia":["网络剧《双世宠妃2》插曲"],"pop":100.0,"st":0,"rt":"","fee":8,"v":3,"crbt":null,"cf":"","al":{"id":74166309,"name":"一半","picUrl":"http://p2.music.126.net/m6IRbB-Cd4jm8BUlXRUV-g==/109951163636307562.jpg","tns":[],"pic_str":"109951163636307562","pic":109951163636307562},"dt":215079,"h":{"br":320000,"fid":0,"size":8605823,"vd":-12300.0},"m":{"br":192000,"fid":0,"size":5163511,"vd":-9800.0},"l":{"br":128000,"fid":0,"size":3442355,"vd":-8100.0},"a":null,"cd":"01","no":1,"rtUrl":null,"ftype":0,"rtUrls":[],"djId":0,"copyright":1,"s_id":0,"rtype":0,"rurl":null,"mst":9,"cp":563015,"mv":0,"publishTime":1540915200000},{"name":"悟","id":1317145231,"pst":0,"t":0,"ar":[{"id":964108,"name":"吴亦凡","tns":[],"alias":[]}],"alia":[],"pop":100.0,"st":0,"rt":null,"fee":8,"v":4,"crbt":null,"cf":"","al":{"id":73835851,"name":"悟","picUrl":"http://p2.music.126.net/ZAomLzPn_cjnzK7jluqwUg==/109951163599014315.jpg","tns":[],"pic_str":"109951163599014315","pic":109951163599014315},"dt":212035,"h":{"br":320000,"fid":0,"size":8482525,"vd":-31800.0},"m":{"br":192000,"fid":0,"size":5089533,"vd":-29100.0},"l":{"br":128000,"fid":0,"size":3393036,"vd":-27500.0},"a":null,"cd":"","no":12,"rtUrl":null,"ftype":0,"rtUrls":[],"djId":0,"copyright":1,"s_id":0,"rtype":0,"rurl":null,"mst":9,"cp":7003,"mv":0,"publishTime":1539273600007},{"name":"等","id":1318879257,"pst":0,"t":0,"ar":[{"id":1132155,"name":"周姿妍","tns":[],"alias":[]}],"alia":[],"pop":100.0,"st":0,"rt":null,"fee":8,"v":5,"crbt":null,"cf":"","al":{"id":73982678,"name":"等","picUrl":"http://p2.music.126.net/H3BtAJqfUs8VW0CmJo6Gtg==/109951163624369836.jpg","tns":[],"pic_str":"109951163624369836","pic":109951163624369836},"dt":233999,"h":{"br":320000,"fid":0,"size":9362329,"vd":1759.0},"m":{"br":192000,"fid":0,"size":5617415,"vd":0.0},"l":null,"a":null,"cd":"","no":1,"rtUrl":null,"ftype":0,"rtUrls":[],"djId":0,"copyright":0,"s_id":0,"rtype":0,"rurl":null,"mst":9,"cp":748010,"mv":0,"publishTime":1540137600007},{"name":"赝品","id":1318429785,"pst":0,"t":0,"ar":[{"id":5001,"name":"简弘亦","tns":[],"alias":[]}],"alia":[],"pop":100.0,"st":0,"rt":null,"fee":0,"v":4,"crbt":null,"cf":"","al":{"id":73928009,"name":"成人书.赝品","picUrl":"http://p2.music.126.net/Fp_GouCnX0M0DtUzHqV6BA==/109951163608099079.jpg","tns":[],"pic_str":"109951163608099079","pic":109951163608099079},"dt":240719,"h":{"br":320000,"fid":0,"size":9631913,"vd":0.1786},"m":{"br":192000,"fid":0,"size":5779165,"vd":0.1335},"l":{"br":128000,"fid":0,"size":3852791,"vd":-2.0E-4},"a":null,"cd":"","no":1,"rtUrl":null,"ftype":0,"rtUrls":[],"djId":0,"copyright":0,"s_id":0,"rtype":0,"rurl":null,"mst":9,"cp":0,"mv":0,"publishTime":1539747934778},{"name":"期盼太多","id":1321382462,"pst":0,"t":0,"ar":[{"id":12766324,"name":"秦洋","tns":[],"alias":[]}],"alia":[],"pop":0.0,"st":0,"rt":null,"fee":8,"v":3,"crbt":null,"cf":"","al":{"id":74150779,"name":"期盼太多","picUrl":"http://p2.music.126.net/wkbg6fRJlpM2cXpulduyvw==/109951163638659519.jpg","tns":[],"pic_str":"109951163638659519","pic":109951163638659519},"dt":231579,"h":{"br":320000,"fid":0,"size":9266199,"vd":-6900.0},"m":{"br":192000,"fid":0,"size":5559737,"vd":-4300.0},"l":{"br":128000,"fid":0,"size":3706506,"vd":-2600.0},"a":null,"cd":"","no":1,"rtUrl":null,"ftype":0,"rtUrls":[],"djId":0,"copyright":0,"s_id":0,"rtype":0,"rurl":null,"mst":9,"cp":650011,"mv":0,"publishTime":1540742400007},{"name":"Omen (Vicetone Remix)","id":541499117,"pst":0,"t":0,"ar":[{"id":747030,"name":"Vicetone","tns":[],"alias":[]},{"id":78210,"name":"The Prodigy","tns":[],"alias":[]}],"alia":[],"pop":95.0,"st":0,"rt":null,"fee":0,"v":2,"crbt":null,"cf":"","al":{"id":37578205,"name":"Omen (Vicetone Remix)","picUrl":"http://p2.music.126.net/hJfxGL9GEIyjRDo7P3WZ1g==/109951163166949004.jpg","tns":[],"pic_str":"109951163166949004","pic":109951163166949004},"dt":223164,"h":{"br":320000,"fid":0,"size":8927652,"vd":-3.0},"m":{"br":192000,"fid":0,"size":5356609,"vd":-2.0},"l":{"br":128000,"fid":0,"size":3571087,"vd":-2.0},"a":null,"cd":"1","no":1,"rtUrl":null,"ftype":0,"rtUrls":[],"djId":0,"copyright":0,"s_id":0,"rtype":0,"rurl":null,"mst":9,"cp":0,"mv":0,"publishTime":1519747200007},{"name":"卡路里","id":1294924781,"pst":0,"t":0,"ar":[{"id":27693474,"name":"火箭少女101","tns":[],"alias":[]}],"alia":["电影《西虹市首富》插曲"],"pop":100.0,"st":0,"rt":null,"fee":0,"v":4,"crbt":null,"cf":"","al":{"id":71857059,"name":"卡路里","picUrl":"http://p2.music.126.net/fcmIRLdxD1ngZABV9N5maA==/109951163425833838.jpg","tns":[],"pic_str":"109951163425833838","pic":109951163425833838},"dt":232048,"h":{"br":320000,"fid":0,"size":9285007,"vd":-2.0},"m":{"br":192000,"fid":0,"size":5571022,"vd":-2.0},"l":{"br":128000,"fid":0,"size":3714029,"vd":-2.0},"a":null,"cd":"","no":1,"rtUrl":null,"ftype":0,"rtUrls":[],"djId":0,"copyright":0,"s_id":0,"rtype":0,"rurl":null,"mst":9,"cp":434020,"mv":5965036,"publishTime":1532534400007},{"name":"Attention","id":473817398,"pst":0,"t":0,"ar":[{"id":90331,"name":"Charlie Puth","tns":[],"alias":[]}],"alia":[],"pop":100.0,"st":0,"rt":null,"fee":8,"v":279,"crbt":null,"cf":"","al":{"id":38530129,"name":"Voicenotes","picUrl":"http://p2.music.126.net/XWMiED2ryCj2xVovjDRDSQ==/109951163281594877.jpg","tns":[],"pic_str":"109951163281594877","pic":109951163281594877},"dt":208786,"h":{"br":320000,"fid":0,"size":8354003,"vd":-3.0},"m":{"br":192000,"fid":0,"size":5012419,"vd":-3.0},"l":{"br":128000,"fid":0,"size":3341627,"vd":-2.0},"a":null,"cd":"1","no":2,"rtUrl":null,"ftype":0,"rtUrls":[],"djId":0,"copyright":1,"s_id":0,"rtype":0,"rurl":null,"mst":9,"cp":7002,"mv":5499051,"publishTime":1525968000007},{"name":"【星火行动】朝汐（泠鸢&双笙）","id":1316479227,"pst":0,"t":0,"ar":[{"id":12025552,"name":"双笙","tns":[],"alias":[]},{"id":1047282,"name":"泠鸢yousa","tns":[],"alias":[]}],"alia":[],"pop":100.0,"st":0,"rt":null,"fee":0,"v":23,"crbt":null,"cf":"","al":{"id":73798533,"name":"【星火行动】朝汐（泠鸢&双笙）","picUrl":"http://p2.music.126.net/yLfVa75LLy0e3cgj4HGYaA==/109951163594033083.jpg","tns":[],"pic_str":"109951163594033083","pic":109951163594033083},"dt":293677,"h":{"br":320000,"fid":0,"size":11759325,"vd":-2.4},"m":{"br":192000,"fid":0,"size":7055613,"vd":-2.16},"l":{"br":128000,"fid":0,"size":4703756,"vd":-1.99},"a":null,"cd":"","no":1,"rtUrl":null,"ftype":0,"rtUrls":[],"djId":0,"copyright":0,"s_id":0,"rtype":0,"rurl":null,"mst":9,"cp":0,"mv":0,"publishTime":1538928000000},{"name":"Tim Bergling","id":1321392363,"pst":0,"t":0,"ar":[{"id":12178030,"name":"Stories","tns":[],"alias":[]},{"id":12507344,"name":"Allen","tns":[],"alias":[]}],"alia":[],"pop":0.0,"st":0,"rt":null,"fee":8,"v":4,"crbt":null,"cf":"","al":{"id":74157743,"name":"Tim Bergling","picUrl":"http://p2.music.126.net/qGsbygiH_6DMFZYEB03Mgw==/109951163637225782.jpg","tns":[],"pic_str":"109951163637225782","pic":109951163637225782},"dt":210000,"h":{"br":320000,"fid":0,"size":8403113,"vd":-45400.0},"m":{"br":192000,"fid":0,"size":5041885,"vd":-43000.0},"l":{"br":128000,"fid":0,"size":3361271,"vd":-41500.0},"a":null,"cd":"","no":0,"rtUrl":null,"ftype":0,"rtUrls":[],"djId":0,"copyright":0,"s_id":0,"rtype":0,"rurl":null,"mst":9,"cp":530019,"mv":0,"publishTime":1541001600007},{"name":"君のせい","id":1313107902,"pst":0,"t":0,"ar":[{"id":1182152,"name":"the peggies","tns":[],"alias":[]}],"alia":["TV动画《青春期笨蛋不做兔女郎学姐的梦》片头曲 / TVアニメ「青春ブタ野郎はバニーガール先輩の夢を見ない」OPテーマ"],"pop":100.0,"st":0,"rt":null,"fee":0,"v":6,"crbt":null,"cf":"","al":{"id":73681731,"name":"君のせい","picUrl":"http://p2.music.126.net/agMfYQYpVefduFTia5fhxA==/109951163584774774.jpg","tns":[],"pic_str":"109951163584774774","pic":109951163584774774},"dt":264698,"h":{"br":320000,"fid":0,"size":10589040,"vd":-5.12},"m":{"br":192000,"fid":0,"size":6353441,"vd":-4.89},"l":{"br":128000,"fid":0,"size":4235642,"vd":-4.7199},"a":null,"cd":"","no":1,"rtUrl":null,"ftype":0,"rtUrls":[],"djId":0,"copyright":0,"s_id":0,"rtype":0,"rurl":null,"mst":9,"cp":663018,"mv":10799720,"publishTime":1538582400007},{"name":"11.灰原哀","id":1321933263,"pst":0,"t":0,"ar":[{"id":12121264,"name":"Ice Paper","tns":[],"alias":[]},{"id":12193780,"name":"Kc","tns":[],"alias":[]}],"alia":[],"pop":0.0,"st":0,"rt":null,"fee":0,"v":44,"crbt":null,"cf":"","al":{"id":74170868,"name":"食色性也","picUrl":"http://p2.music.126.net/7mapknECwMDYhhpYaqTLwQ==/109951163638594141.jpg","tns":[],"pic_str":"109951163638594141","pic":109951163638594141},"dt":262092,"h":{"br":320000,"fid":0,"size":10486640,"vd":-5500.0},"m":{"br":192000,"fid":0,"size":6292001,"vd":-2900.0},"l":{"br":128000,"fid":0,"size":4194682,"vd":-1300.0},"a":null,"cd":"","no":6,"rtUrl":null,"ftype":0,"rtUrls":[],"djId":0,"copyright":0,"s_id":0,"rtype":0,"rurl":null,"mst":9,"cp":0,"mv":0,"publishTime":1541038118894},{"name":"Wake Up in the Sky","id":1309728506,"pst":0,"t":0,"ar":[{"id":33919,"name":"Gucci Mane","tns":[],"alias":[]},{"id":178059,"name":"Bruno Mars","tns":[],"alias":[]},{"id":12023133,"name":"Kodak Black","tns":[],"alias":[]}],"alia":[],"pop":100.0,"st":0,"rt":null,"fee":8,"v":6,"crbt":null,"cf":"","al":{"id":73307248,"name":"Wake Up in the Sky","picUrl":"http://p2.music.126.net/AbBygnbK3BFQdOC6SyRzHw==/109951163549088525.jpg","tns":[],"pic_str":"109951163549088525","pic":109951163549088525},"dt":204695,"h":{"br":320000,"fid":0,"size":8188909,"vd":-100.0},"m":{"br":192000,"fid":0,"size":4913363,"vd":-2.0},"l":{"br":128000,"fid":0,"size":3275590,"vd":-2.0},"a":null,"cd":"1","no":1,"rtUrl":null,"ftype":0,"rtUrls":[],"djId":0,"copyright":1,"s_id":0,"rtype":0,"rurl":null,"mst":9,"cp":7002,"mv":10829145,"publishTime":1536854400007},{"name":"不舍","id":1317410245,"pst":0,"t":0,"ar":[{"id":30000763,"name":"杨梓霖","tns":[],"alias":[]}],"alia":[],"pop":100.0,"st":0,"rt":null,"fee":8,"v":15,"crbt":null,"cf":"","al":{"id":73468501,"name":"不舍","picUrl":"http://p2.music.126.net/bncZ6uWJ_aeh7gQ7x-sKUQ==/109951163604728359.jpg","tns":[],"pic_str":"109951163604728359","pic":109951163604728359},"dt":219642,"h":{"br":320000,"fid":0,"size":8788680,"vd":-3800.0},"m":{"br":192000,"fid":0,"size":5273226,"vd":-1300.0},"l":{"br":128000,"fid":0,"size":3515498,"vd":-2.0},"a":null,"cd":"","no":1,"rtUrl":null,"ftype":0,"rtUrls":[],"djId":0,"copyright":2,"s_id":0,"rtype":0,"rurl":null,"mst":9,"cp":0,"mv":0,"publishTime":1539532800007},{"name":"宝贝","id":1301042215,"pst":0,"t":0,"ar":[{"id":12085016,"name":"接个吻，开一枪","tns":[],"alias":[]},{"id":0,"name":"八连杀","tns":[],"alias":[]}],"alia":[],"pop":100.0,"st":0,"rt":null,"fee":8,"v":10,"crbt":null,"cf":"","al":{"id":72218520,"name":"宝贝","picUrl":"http://p2.music.126.net/U1Hq2s7p-kYlmvEkBhD_8Q==/109951163454337538.jpg","tns":[],"pic_str":"109951163454337538","pic":109951163454337538},"dt":114508,"h":{"br":320000,"fid":0,"size":4582966,"vd":0.0},"m":{"br":192000,"fid":0,"size":2749797,"vd":0.0},"l":{"br":128000,"fid":0,"size":1833213,"vd":0.0},"a":null,"cd":"","no":1,"rtUrl":null,"ftype":0,"rtUrls":[],"djId":0,"copyright":0,"s_id":0,"rtype":0,"rurl":null,"mst":9,"cp":0,"mv":0,"publishTime":1534032000000},{"name":"小甜心","id":554191645,"pst":0,"t":0,"ar":[{"id":12861045,"name":"王逗逗","tns":[],"alias":[]}],"alia":[],"pop":100.0,"st":0,"rt":null,"fee":8,"v":24,"crbt":null,"cf":"","al":{"id":38373520,"name":"小甜心","picUrl":"http://p2.music.126.net/qFnWLeYAC-kj-b9hyF83ZA==/109951163263272592.jpg","tns":[],"pic_str":"109951163263272592","pic":109951163263272592},"dt":230137,"h":{"br":320000,"fid":0,"size":9207685,"vd":-2.0E-4},"m":{"br":192000,"fid":0,"size":5524628,"vd":-2.0E-4},"l":{"br":128000,"fid":0,"size":3683100,"vd":-2.0E-4},"a":null,"cd":"1","no":1,"rtUrl":null,"ftype":0,"rtUrls":[],"djId":0,"copyright":2,"s_id":0,"rtype":0,"rurl":null,"mst":9,"cp":698013,"mv":0,"publishTime":1524240000000},{"name":"流光记","id":1314438112,"pst":0,"t":0,"ar":[{"id":188565,"name":"银临","tns":[],"alias":[]}],"alia":[],"pop":100.0,"st":0,"rt":null,"fee":0,"v":6,"crbt":null,"cf":"","al":{"id":73695990,"name":"流光记","picUrl":"http://p2.music.126.net/hMYhT0w-dZ3xWL1FFDDIqw==/109951163580172000.jpg","tns":[],"pic_str":"109951163580172000","pic":109951163580172000},"dt":285000,"h":{"br":320000,"fid":0,"size":11403015,"vd":-1.0},"m":{"br":192000,"fid":0,"size":6841826,"vd":0.0},"l":{"br":128000,"fid":0,"size":4561232,"vd":0.0},"a":null,"cd":"","no":1,"rtUrl":null,"ftype":0,"rtUrls":[],"djId":0,"copyright":0,"s_id":0,"rtype":0,"rurl":null,"mst":9,"cp":0,"mv":0,"publishTime":1538409600000},{"name":"Kiss and Make Up","id":1318524155,"pst":0,"t":0,"ar":[{"id":1135086,"name":"Dua Lipa","tns":[],"alias":[]},{"id":12068017,"name":"BLACKPINK","tns":[],"alias":[]}],"alia":[],"pop":100.0,"st":0,"rt":"","fee":8,"v":5,"crbt":null,"cf":"","al":{"id":73951203,"name":"Dua Lipa (Complete Edition)","picUrl":"http://p2.music.126.net/IQHSSqve3haTl_BQNCZfYA==/109951163625294856.jpg","tns":[],"pic_str":"109951163625294856","pic":109951163625294856},"dt":189204,"h":{"br":320000,"fid":0,"size":7569285,"vd":-2.0},"m":{"br":192000,"fid":0,"size":4541588,"vd":-2.0},"l":{"br":128000,"fid":0,"size":3027740,"vd":-2.0},"a":null,"cd":"01","no":20,"rtUrl":null,"ftype":0,"rtUrls":[],"djId":0,"copyright":1,"s_id":0,"rtype":0,"rurl":null,"mst":9,"cp":7002,"mv":0,"publishTime":1540396800007},{"name":"Venom (Music From The Motion Picture)","id":1311535712,"pst":0,"t":0,"ar":[{"id":32665,"name":"Eminem","tns":[],"alias":[]}],"alia":[],"pop":100.0,"st":0,"rt":null,"fee":1,"v":8,"crbt":null,"cf":"","al":{"id":73496717,"name":"Venom (Music From The Motion Picture)","picUrl":"http://p2.music.126.net/ZcDlhgeOfDvVI-u0CkZVFA==/109951163560487593.jpg","tns":[],"pic_str":"109951163560487593","pic":109951163560487593},"dt":269609,"h":{"br":320000,"fid":0,"size":10785480,"vd":-2.99},"m":{"br":192000,"fid":0,"size":6471306,"vd":-2.75},"l":{"br":128000,"fid":0,"size":4314218,"vd":-2.59},"a":null,"cd":"1","no":1,"rtUrl":null,"ftype":0,"rtUrls":[],"djId":0,"copyright":1,"s_id":0,"rtype":0,"rurl":null,"mst":9,"cp":7003,"mv":10799767,"publishTime":1537459200007},{"name":"你从未忘记","id":1321392242,"pst":0,"t":0,"ar":[{"id":5518,"name":"王铮亮","tns":[],"alias":[]}],"alia":["电视剧《凉生，我们可不可以不忧伤》情感插曲"],"pop":0.0,"st":0,"rt":null,"fee":8,"v":2,"crbt":null,"cf":"","al":{"id":74150716,"name":"你从未忘记","picUrl":"http://p2.music.126.net/oAmQCQCWdo7WjkUVTF01rg==/109951163636708593.jpg","tns":[],"pic_str":"109951163636708593","pic":109951163636708593},"dt":268166,"h":{"br":320000,"fid":0,"size":10729056,"vd":-15000.0},"m":{"br":192000,"fid":0,"size":6437451,"vd":-12300.0},"l":{"br":128000,"fid":0,"size":4291648,"vd":-10800.0},"a":null,"cd":"","no":0,"rtUrl":null,"ftype":0,"rtUrls":[],"djId":0,"copyright":0,"s_id":0,"rtype":0,"rurl":null,"mst":9,"cp":707010,"mv":0,"publishTime":1541001600007},{"name":"千禧","id":522510615,"pst":0,"t":0,"ar":[{"id":1197168,"name":"徐秉龙","tns":[],"alias":[]}],"alia":[],"pop":100.0,"st":0,"rt":null,"fee":8,"v":16,"crbt":null,"cf":"","al":{"id":36913155,"name":"千禧","picUrl":"http://p2.music.126.net/_sblL2ZjBOtwLAL-3i01Fw==/109951163078474921.jpg","tns":[],"pic_str":"109951163078474921","pic":109951163078474921},"dt":199044,"h":{"br":320000,"fid":0,"size":7964256,"vd":-1.0},"m":{"br":192000,"fid":0,"size":4778571,"vd":-1.0},"l":{"br":128000,"fid":0,"size":3185728,"vd":-1.0},"a":null,"cd":"","no":1,"rtUrl":null,"ftype":0,"rtUrls":[],"djId":0,"copyright":0,"s_id":0,"rtype":0,"rurl":null,"mst":9,"cp":0,"mv":0,"publishTime":1512748800007},{"name":"不染","id":536099160,"pst":0,"t":0,"ar":[{"id":12138269,"name":"毛不易","tns":[],"alias":[]}],"alia":["电视剧《香蜜沉沉烬如霜》主题曲"],"pop":100.0,"st":0,"rt":null,"fee":8,"v":105,"crbt":null,"cf":"","al":{"id":37548020,"name":"香蜜沉沉烬如霜 电视原声音乐专辑","picUrl":"http://p2.music.126.net/gEia-o05FSas8uJos54Sug==/109951163456726954.jpg","tns":[],"pic_str":"109951163456726954","pic":109951163456726954},"dt":325844,"h":{"br":320000,"fid":0,"size":13036191,"vd":-1.0},"m":{"br":192000,"fid":0,"size":7821732,"vd":-1.0},"l":{"br":128000,"fid":0,"size":5214502,"vd":-1.0},"a":null,"cd":"","no":1,"rtUrl":null,"ftype":0,"rtUrls":[],"djId":0,"copyright":2,"s_id":0,"rtype":0,"rurl":null,"mst":9,"cp":753018,"mv":5841026,"publishTime":1534089600007},{"name":"在天涯","id":1321385197,"pst":0,"t":0,"ar":[{"id":964092,"name":"鲁士郎","tns":[],"alias":[]}],"alia":["超级网剧《唐砖》插曲"],"pop":95.0,"st":0,"rt":null,"fee":8,"v":16,"crbt":null,"cf":"","al":{"id":74031620,"name":"唐砖 电视歌曲专辑","picUrl":"http://p2.music.126.net/JN_B7qxetBj2AjgkgkuTzw==/109951163623953910.jpg","tns":[],"pic_str":"109951163623953910","pic":109951163623953910},"dt":214883,"h":{"br":320000,"fid":0,"size":8598509,"vd":-25100.0},"m":{"br":192000,"fid":0,"size":5159123,"vd":-22400.0},"l":{"br":128000,"fid":0,"size":3439430,"vd":-20800.0},"a":null,"cd":"","no":4,"rtUrl":null,"ftype":0,"rtUrls":[],"djId":0,"copyright":0,"s_id":0,"rtype":0,"rurl":null,"mst":9,"cp":1415854,"mv":0,"publishTime":1540310400007},{"name":"好喜欢你","id":1320098098,"pst":0,"t":0,"ar":[{"id":12488048,"name":"王广允","tns":[],"alias":[]}],"alia":[],"pop":95.0,"st":0,"rt":null,"fee":8,"v":2,"crbt":null,"cf":"","al":{"id":74063641,"name":"好喜欢你","picUrl":"http://p2.music.126.net/4sZTHb-mhwKCQBjvQiAxEQ==/109951163622684745.jpg","tns":[],"pic_str":"109951163622684745","pic":109951163622684745},"dt":211532,"h":{"br":320000,"fid":0,"size":8463717,"vd":-1.53},"m":{"br":192000,"fid":0,"size":5078248,"vd":-1.29},"l":{"br":128000,"fid":0,"size":3385513,"vd":-1.16},"a":null,"cd":"","no":0,"rtUrl":null,"ftype":0,"rtUrls":[],"djId":0,"copyright":0,"s_id":0,"rtype":0,"rurl":null,"mst":9,"cp":636011,"mv":0,"publishTime":1540396800007},{"name":"对不起","id":1317457541,"pst":0,"t":0,"ar":[{"id":1050465,"name":"Panta.Q","tns":[],"alias":[]},{"id":1030001,"name":"周深","tns":[],"alias":[]}],"alia":[],"pop":100.0,"st":0,"rt":null,"fee":0,"v":2,"crbt":null,"cf":"","al":{"id":73468601,"name":"对不起","picUrl":"http://p2.music.126.net/ocS3bbRu8E6ZtyDrm4WFgg==/109951163606604501.jpg","tns":[],"pic_str":"109951163606604501","pic":109951163606604501},"dt":232551,"h":{"br":320000,"fid":0,"size":9304860,"vd":-2.0E-4},"m":{"br":192000,"fid":0,"size":5582933,"vd":-2.0E-4},"l":{"br":128000,"fid":0,"size":3721970,"vd":-2.0E-4},"a":null,"cd":"","no":0,"rtUrl":null,"ftype":0,"rtUrls":[],"djId":0,"copyright":1,"s_id":0,"rtype":0,"rurl":null,"mst":9,"cp":0,"mv":0,"publishTime":1539619200007},{"name":"You Are My Only One","id":866180384,"pst":0,"t":0,"ar":[{"id":10473,"name":"袁娅维","tns":[],"alias":[]},{"id":5776,"name":"小宇","tns":[],"alias":[]}],"alia":["电视剧《我和两个他》主题曲"],"pop":100.0,"st":0,"rt":null,"fee":8,"v":1,"crbt":null,"cf":"","al":{"id":71818354,"name":"You Are My Only One","picUrl":"http://p2.music.126.net/oM27BJU-c68v3P0su5d86w==/109951163406462179.jpg","tns":[],"pic_str":"109951163406462179","pic":109951163406462179},"dt":273998,"h":{"br":320000,"fid":0,"size":10961023,"vd":-2.0},"m":{"br":192000,"fid":0,"size":6576631,"vd":-2.0},"l":{"br":128000,"fid":0,"size":4384435,"vd":-2.0},"a":null,"cd":"1","no":1,"rtUrl":null,"ftype":0,"rtUrls":[],"djId":0,"copyright":1,"s_id":0,"rtype":0,"rurl":null,"mst":9,"cp":7002,"mv":0,"publishTime":1531843200007},{"name":"攀登 (Live)","id":1313107926,"pst":0,"t":0,"ar":[{"id":4723,"name":"潘玮柏","tns":[],"alias":[]},{"id":7763,"name":"G.E.M.邓紫棋","tns":[],"alias":[]},{"id":1203045,"name":"艾热","tns":[],"alias":[]}],"alia":[],"pop":100.0,"st":0,"rt":null,"fee":0,"v":2,"crbt":null,"cf":"","al":{"id":73681733,"name":"中国新说唱 第13期","picUrl":"http://p2.music.126.net/WlkSXIjLZcenMU1g0anGeg==/109951163589728383.jpg","tns":[],"pic_str":"109951163589728383","pic":109951163589728383},"dt":251410,"h":{"br":320000,"fid":0,"size":10059276,"vd":-3.96},"m":{"br":192000,"fid":0,"size":6035583,"vd":-3.72},"l":{"br":128000,"fid":0,"size":4023737,"vd":-3.55},"a":null,"cd":"","no":2,"rtUrl":null,"ftype":0,"rtUrls":[],"djId":0,"copyright":0,"s_id":0,"rtype":0,"rurl":null,"mst":9,"cp":1376818,"mv":0,"publishTime":1538755200007},{"name":"飘向北方 (Live)","id":1308818967,"pst":0,"t":0,"ar":[{"id":13058503,"name":"尤长靖","tns":[],"alias":[]},{"id":12514278,"name":"那吾克热LIL-EM","tns":[],"alias":[]}],"alia":[],"pop":100.0,"st":0,"rt":null,"fee":0,"v":9,"crbt":null,"cf":"","al":{"id":73326637,"name":"中国新说唱 第10期","picUrl":"http://p2.music.126.net/D-mpVLLwMrA-hPu0QPYUNQ==/109951163551410648.jpg","tns":[],"pic_str":"109951163551410648","pic":109951163551410648},"dt":258470,"h":{"br":320000,"fid":0,"size":10341399,"vd":-3.0},"m":{"br":192000,"fid":0,"size":6204857,"vd":-3.0},"l":{"br":128000,"fid":0,"size":4136586,"vd":-3.0},"a":null,"cd":"","no":4,"rtUrl":null,"ftype":0,"rtUrls":[],"djId":0,"copyright":2,"s_id":0,"rtype":0,"rurl":null,"mst":9,"cp":1376818,"mv":0,"publishTime":1536940800007},{"name":"Lim-Dear Mama","id":1321834742,"pst":0,"t":0,"ar":[{"id":12282089,"name":"Lim","tns":[],"alias":[]}],"alia":[],"pop":0.0,"st":0,"rt":null,"fee":0,"v":14,"crbt":null,"cf":"","al":{"id":74172842,"name":"1101","picUrl":"http://p2.music.126.net/LJl-Q0C56nYs_PzuIgWsYg==/109951163637571883.jpg","tns":[],"pic_str":"109951163637571883","pic":109951163637571883},"dt":203493,"h":{"br":320000,"fid":0,"size":8141889,"vd":-1400.0},"m":{"br":192000,"fid":0,"size":4885151,"vd":-2.0},"l":{"br":128000,"fid":0,"size":3256782,"vd":0.0},"a":null,"cd":"","no":1,"rtUrl":null,"ftype":0,"rtUrls":[],"djId":0,"copyright":0,"s_id":0,"rtype":0,"rurl":null,"mst":9,"cp":0,"mv":0,"publishTime":1540987401209},{"name":"Way Back Home","id":863046037,"pst":0,"t":0,"ar":[{"id":1150188,"name":"SHAUN","tns":[],"alias":[]}],"alia":[],"pop":100.0,"st":0,"rt":null,"fee":8,"v":2,"crbt":null,"cf":"","al":{"id":71679862,"name":"Take","picUrl":"http://p2.music.126.net/MAkLvm2p9LE0mWLEr2NkMA==/109951163378634466.jpg","tns":[],"pic_str":"109951163378634466","pic":109951163378634466},"dt":214177,"h":{"br":320000,"fid":0,"size":8568207,"vd":-2.0},"m":{"br":192000,"fid":0,"size":5140942,"vd":-2.0},"l":{"br":128000,"fid":0,"size":3427309,"vd":-1.0},"a":null,"cd":"1","no":1,"rtUrl":null,"ftype":0,"rtUrls":[],"djId":0,"copyright":1,"s_id":0,"rtype":0,"rurl":null,"mst":9,"cp":7002,"mv":10779262,"publishTime":1530028800007},{"name":"认真地老去","id":461080452,"pst":0,"t":0,"ar":[{"id":1085116,"name":"张希","tns":[],"alias":[]},{"id":7215,"name":"曹方","tns":[],"alias":[]}],"alia":[],"pop":100.0,"st":0,"rt":null,"fee":8,"v":16,"crbt":null,"cf":"","al":{"id":35696747,"name":"认真地老去","picUrl":"http://p2.music.126.net/LwisuwyurwWs3zpkoBIC9g==/19024849695642179.jpg","tns":[],"pic_str":"19024849695642179","pic":19024849695642179},"dt":223878,"h":{"br":320000,"fid":0,"size":8957954,"vd":-2.65076E-4},"m":{"br":160000,"fid":0,"size":4479000,"vd":0.0},"l":{"br":96000,"fid":0,"size":2687418,"vd":0.0},"a":null,"cd":"","no":1,"rtUrl":null,"ftype":0,"rtUrls":[],"djId":0,"copyright":2,"s_id":0,"rtype":0,"rurl":null,"mst":9,"cp":22026,"mv":0,"publishTime":1487606400007},{"name":"LOVE SCENARIO","id":1311347412,"pst":0,"t":0,"ar":[{"id":1011143,"name":"iKON","tns":[],"alias":[]}],"alia":[],"pop":100.0,"st":0,"rt":null,"fee":8,"v":1,"crbt":null,"cf":"","al":{"id":73470733,"name":"RETURN","picUrl":"http://p2.music.126.net/t5U-bFNog7p60vY9Ei-AsA==/109951163568446619.jpg","tns":[],"pic_str":"109951163568446619","pic":109951163568446619},"dt":211866,"h":{"br":320000,"fid":0,"size":8477301,"vd":-1.0},"m":{"br":192000,"fid":0,"size":5086398,"vd":-1.0},"l":{"br":128000,"fid":0,"size":3390946,"vd":-1.0},"a":null,"cd":"1","no":1,"rtUrl":null,"ftype":0,"rtUrls":[],"djId":0,"copyright":0,"s_id":0,"rtype":0,"rurl":null,"mst":9,"cp":457010,"mv":0,"publishTime":1537891200007},{"name":"了解(Knowing)","id":1315169726,"pst":0,"t":0,"ar":[{"id":1079074,"name":"余佳运","tns":[],"alias":[]}],"alia":[],"pop":100.0,"st":0,"rt":null,"fee":8,"v":9,"crbt":null,"cf":"","al":{"id":73728303,"name":"了解(Knowing)","picUrl":"http://p2.music.126.net/pyuYQDkbKX_4RNo0Lg567g==/109951163585051227.jpg","tns":[],"pic_str":"109951163585051227","pic":109951163585051227},"dt":216190,"h":{"br":320000,"fid":0,"size":8650754,"vd":0.0},"m":{"br":192000,"fid":0,"size":5190470,"vd":0.0},"l":{"br":128000,"fid":0,"size":3460328,"vd":0.0},"a":null,"cd":"","no":1,"rtUrl":null,"ftype":0,"rtUrls":[],"djId":0,"copyright":0,"s_id":0,"rtype":0,"rurl":null,"mst":9,"cp":0,"mv":0,"publishTime":1538582400000},{"name":"再见，江湖","id":1321889456,"pst":0,"t":0,"ar":[{"id":991003,"name":"崔跃文","tns":[],"alias":[]}],"alia":[],"pop":80.0,"st":0,"rt":null,"fee":0,"v":5,"crbt":null,"cf":"","al":{"id":74168983,"name":"再见，江湖","picUrl":"http://p2.music.126.net/WL0zUAGraAxjlzURPSoq8w==/109951163638271210.jpg","tns":[],"pic_str":"109951163638271210","pic":109951163638271210},"dt":290784,"h":{"br":320000,"fid":0,"size":11633938,"vd":-2.0},"m":{"br":192000,"fid":0,"size":6980380,"vd":-2.0},"l":{"br":128000,"fid":0,"size":4653601,"vd":-2.0},"a":null,"cd":"","no":1,"rtUrl":null,"ftype":0,"rtUrls":[],"djId":0,"copyright":0,"s_id":0,"rtype":0,"rurl":null,"mst":9,"cp":0,"mv":0,"publishTime":1541008683306},{"name":"Arms Around You","id":1319893733,"pst":0,"t":0,"ar":[{"id":12107961,"name":"XXXTENTACION","tns":[],"alias":[]},{"id":12211037,"name":"Lil Pump","tns":[],"alias":[]},{"id":1049649,"name":"Maluma","tns":[],"alias":[]},{"id":12364156,"name":"Swae Lee","tns":[],"alias":[]}],"alia":[],"pop":100.0,"st":0,"rt":"","fee":8,"v":6,"crbt":null,"cf":"","al":{"id":74046781,"name":"Arms Around You","picUrl":"http://p2.music.126.net/c7sKuE1oGOj6PRokUyJgUA==/109951163625687740.jpg","tns":[],"pic_str":"109951163625687740","pic":109951163625687740},"dt":198948,"h":{"br":320000,"fid":0,"size":7959031,"vd":-1.0},"m":{"br":192000,"fid":0,"size":4775436,"vd":0.0},"l":{"br":320000,"fid":0,"size":7959031,"vd":-1.0},"a":null,"cd":"01","no":1,"rtUrl":null,"ftype":0,"rtUrls":[],"djId":0,"copyright":1,"s_id":0,"rtype":0,"rurl":null,"mst":9,"cp":7002,"mv":10826091,"publishTime":1540396800007},{"name":"光年之外","id":449818741,"pst":0,"t":0,"ar":[{"id":7763,"name":"G.E.M.邓紫棋","tns":[],"alias":[]}],"alia":["电影《太空旅客》中文主题曲"],"pop":100.0,"st":0,"rt":null,"fee":8,"v":16,"crbt":null,"cf":"","al":{"id":35093341,"name":"光年之外","picUrl":"http://p2.music.126.net/fkqFqMaEt0CzxYS-0NpCog==/18587244069235039.jpg","tns":[],"pic_str":"18587244069235039","pic":18587244069235039},"dt":235505,"h":{"br":320000,"fid":0,"size":9422933,"vd":-1.44},"m":{"br":160000,"fid":0,"size":4711489,"vd":-1.01},"l":{"br":96000,"fid":0,"size":2826911,"vd":-1.07},"a":null,"cd":"1","no":0,"rtUrl":null,"ftype":0,"rtUrls":[],"djId":0,"copyright":2,"s_id":0,"rtype":0,"rurl":null,"mst":9,"cp":0,"mv":5404646,"publishTime":1483027200007},{"name":"Lim Diss","id":1321392421,"pst":0,"t":0,"ar":[{"id":12258615,"name":"Y.A","tns":[],"alias":[]}],"alia":[],"pop":0.0,"st":0,"rt":null,"fee":0,"v":7,"crbt":null,"cf":"","al":{"id":74150786,"name":"Y.A发牢骚2.0","picUrl":"http://p2.music.126.net/PcVTv1vTiLCgtLXLgOuaNw==/109951163638921154.jpg","tns":[],"pic_str":"109951163638921154","pic":109951163638921154},"dt":137344,"h":{"br":320000,"fid":0,"size":5496207,"vd":-2.0},"m":{"br":192000,"fid":0,"size":3297742,"vd":-2.0},"l":{"br":128000,"fid":0,"size":2198509,"vd":-2.0},"a":null,"cd":"","no":0,"rtUrl":null,"ftype":0,"rtUrls":[],"djId":0,"copyright":0,"s_id":0,"rtype":0,"rurl":null,"mst":9,"cp":0,"mv":0,"publishTime":1541001600007},{"name":"Change","id":548097885,"pst":0,"t":0,"ar":[{"id":90331,"name":"Charlie Puth","tns":[],"alias":[]},{"id":35362,"name":"James Taylor","tns":[],"alias":[]}],"alia":[],"pop":100.0,"st":0,"rt":null,"fee":8,"v":273,"crbt":null,"cf":"","al":{"id":38530129,"name":"Voicenotes","picUrl":"http://p2.music.126.net/XWMiED2ryCj2xVovjDRDSQ==/109951163281594877.jpg","tns":[],"pic_str":"109951163281594877","pic":109951163281594877},"dt":217560,"h":{"br":320000,"fid":0,"size":8705089,"vd":-2.0},"m":{"br":192000,"fid":0,"size":5223071,"vd":-1.0},"l":{"br":128000,"fid":0,"size":3482062,"vd":-1.0},"a":null,"cd":"1","no":10,"rtUrl":null,"ftype":0,"rtUrls":[],"djId":0,"copyright":1,"s_id":0,"rtype":0,"rurl":null,"mst":9,"cp":7002,"mv":0,"publishTime":1525968000007},{"name":"My Soul I","id":544280314,"pst":0,"t":0,"ar":[{"id":12630207,"name":"Anna Leone","tns":[],"alias":[]}],"alia":[],"pop":15.0,"st":0,"rt":null,"fee":8,"v":1,"crbt":null,"cf":"","al":{"id":37893148,"name":"Wandered Away","picUrl":"http://p2.music.126.net/FGB4HYD_vjfFet8QwtbRSA==/109951163180352111.jpg","tns":[],"pic_str":"109951163180352111","pic":109951163180352111},"dt":255493,"h":{"br":320000,"fid":0,"size":10222280,"vd":0.0},"m":{"br":192000,"fid":0,"size":6133386,"vd":0.0},"l":{"br":128000,"fid":0,"size":4088938,"vd":0.0},"a":null,"cd":"1","no":1,"rtUrl":null,"ftype":0,"rtUrls":[],"djId":0,"copyright":1,"s_id":0,"rtype":0,"rurl":null,"mst":9,"cp":405025,"mv":0,"publishTime":1524153600007},{"name":"Little Bit (Feather Remix)","id":1295970356,"pst":0,"t":0,"ar":[{"id":103858,"name":"Timeflies","tns":[],"alias":[]}],"alia":[],"pop":85.0,"st":0,"rt":null,"fee":8,"v":1,"crbt":null,"cf":"","al":{"id":71985911,"name":"Little Bit (Feather Remix)","picUrl":"http://p2.music.126.net/GDdozEb26N4-HPzSIgPgvw==/109951163449236467.jpg","tns":[],"pic_str":"109951163449236467","pic":109951163449236467},"dt":200412,"h":{"br":320000,"fid":0,"size":8019636,"vd":0.0},"m":{"br":192000,"fid":0,"size":4811799,"vd":0.0},"l":{"br":128000,"fid":0,"size":3207880,"vd":0.0},"a":null,"cd":"1","no":1,"rtUrl":null,"ftype":0,"rtUrls":[],"djId":0,"copyright":1,"s_id":0,"rtype":0,"rurl":null,"mst":9,"cp":631010,"mv":0,"publishTime":1533830400007},{"name":"如故又陌路","id":1319778648,"pst":0,"t":0,"ar":[{"id":9292,"name":"孙露","tns":[],"alias":[]}],"alia":[],"pop":0.0,"st":0,"rt":"","fee":8,"v":3,"crbt":null,"cf":"","al":{"id":74037067,"name":"如故又陌路","picUrl":"http://p2.music.126.net/IajvaN6AqMH2K9T_FT4VHg==/109951163619886660.jpg","tns":[],"pic_str":"109951163619886660","pic":109951163619886660},"dt":223360,"h":{"br":320000,"fid":0,"size":8937056,"vd":0.0},"m":{"br":192000,"fid":0,"size":5362251,"vd":0.0},"l":{"br":128000,"fid":0,"size":3574848,"vd":0.0},"a":null,"cd":"01","no":1,"rtUrl":null,"ftype":0,"rtUrls":[],"djId":0,"copyright":1,"s_id":0,"rtype":0,"rurl":null,"mst":9,"cp":563015,"mv":0,"publishTime":1540224000007},{"name":"三思而后行 ","id":1313052961,"pst":0,"t":0,"ar":[{"id":12236125,"name":"王以太","tns":[],"alias":[]}],"alia":[],"pop":100.0,"st":0,"rt":null,"fee":8,"v":5,"crbt":null,"cf":"","al":{"id":73468125,"name":"三思而后行","picUrl":"http://p2.music.126.net/oSKtAL0-7TIHLb6lNwCFWA==/109951163588212150.jpg","tns":[],"pic_str":"109951163588212150","pic":109951163588212150},"dt":300409,"h":{"br":320000,"fid":0,"size":12019505,"vd":-2.91},"m":{"br":192000,"fid":0,"size":7211720,"vd":-2.65},"l":{"br":128000,"fid":0,"size":4807828,"vd":-2.47},"a":null,"cd":"1","no":1,"rtUrl":null,"ftype":0,"rtUrls":[],"djId":0,"copyright":0,"s_id":0,"rtype":0,"rurl":null,"mst":9,"cp":1392819,"mv":10803259,"publishTime":1538841600007}],"trackIds":[{"id":1311319058,"v":10,"ratio":345},{"id":1318234987,"v":8,"ratio":233},{"id":1321876218,"v":7,"ratio":177},{"id":1321385420,"v":8,"ratio":105},{"id":1320185104,"v":5,"ratio":103},{"id":1316563427,"v":7,"ratio":85},{"id":1321874435,"v":10,"ratio":83},{"id":1319225007,"v":8,"ratio":82},{"id":1322051637,"v":5,"ratio":78},{"id":1318879028,"v":2,"ratio":69},{"id":1321385182,"v":3,"ratio":59},{"id":1320341933,"v":23,"lr":53,"ratio":58},{"id":1321424397,"v":11,"ratio":56},{"id":1313052960,"v":8,"ratio":56},{"id":1302084391,"v":6,"ratio":54},{"id":1321378753,"v":55,"ratio":51},{"id":1321382268,"v":7,"ratio":51},{"id":1317145419,"v":9,"ratio":47},{"id":1313701868,"v":8,"ratio":45},{"id":864100958,"v":4,"ratio":44},{"id":1313107065,"v":5,"ratio":43},{"id":1318075164,"v":1,"ratio":41},{"id":1313897816,"v":7,"ratio":35},{"id":1318877064,"v":2,"ratio":35},{"id":1311347333,"v":6,"ratio":34},{"id":1309903584,"v":4,"ratio":33},{"id":1299550532,"v":14,"ratio":32},{"id":1318571230,"v":13,"ratio":30},{"id":1322021150,"v":2,"ratio":30},{"id":1314780499,"v":13,"ratio":29},{"id":1309814115,"v":25,"ratio":28},{"id":1321841207,"v":9,"ratio":26},{"id":1321905433,"v":7,"ratio":26},{"id":1318610333,"v":2,"ratio":25},{"id":1311347661,"v":4,"ratio":25},{"id":1313102808,"v":2,"ratio":25},{"id":1318430037,"v":5,"ratio":24},{"id":1318317503,"v":2,"ratio":24},{"id":1318235595,"v":13,"ratio":24},{"id":1318284264,"v":2,"ratio":23},{"id":1321385493,"v":8,"ratio":22},{"id":1321385242,"v":10,"ratio":22},{"id":1306448404,"v":8,"ratio":20},{"id":1318156992,"v":9,"ratio":19},{"id":1318234982,"v":11,"ratio":19},{"id":1318571189,"v":11,"ratio":19},{"id":543987768,"v":8,"ratio":19},{"id":1318879215,"v":3,"ratio":18},{"id":1299260883,"v":10,"ratio":18},{"id":1320098329,"v":5,"ratio":18},{"id":1321871852,"v":5,"ratio":18},{"id":1321424220,"v":2,"ratio":18},{"id":553755659,"v":18,"ratio":17},{"id":1313684918,"v":15,"ratio":17},{"id":1320100071,"v":2,"ratio":16},{"id":866053503,"v":13,"ratio":16},{"id":1313321629,"v":6,"ratio":16},{"id":1321786856,"v":13,"ratio":15},{"id":1321673670,"v":3,"lr":40,"ratio":15},{"id":1317145231,"v":4,"ratio":15},{"id":1318879257,"v":5,"ratio":15},{"id":1318429785,"v":4,"ratio":14},{"id":1321382462,"v":3,"ratio":14},{"id":541499117,"v":2,"ratio":14},{"id":1294924781,"v":4,"ratio":14},{"id":473817398,"v":279,"ratio":13},{"id":1316479227,"v":23,"lr":70,"ratio":13},{"id":1321392363,"v":4,"ratio":13},{"id":1313107902,"v":6,"ratio":13},{"id":1321933263,"v":44,"ratio":13},{"id":1309728506,"v":6,"ratio":13},{"id":1317410245,"v":15,"ratio":12},{"id":1301042215,"v":10,"ratio":12},{"id":554191645,"v":24,"ratio":12},{"id":1314438112,"v":6,"ratio":12},{"id":1318524155,"v":5,"ratio":12},{"id":1311535712,"v":8,"ratio":11},{"id":1321392242,"v":2,"ratio":11},{"id":522510615,"v":16,"ratio":11},{"id":536099160,"v":105,"ratio":11},{"id":1321385197,"v":16,"ratio":10},{"id":1320098098,"v":2,"ratio":10},{"id":1317457541,"v":2,"ratio":10},{"id":866180384,"v":1,"ratio":10},{"id":1313107926,"v":2,"ratio":10},{"id":1308818967,"v":9,"ratio":10},{"id":1321834742,"v":14,"ratio":10},{"id":863046037,"v":2,"ratio":9},{"id":461080452,"v":16,"ratio":9},{"id":1311347412,"v":1,"ratio":9},{"id":1315169726,"v":9,"ratio":9},{"id":1321889456,"v":5,"ratio":9},{"id":1319893733,"v":6,"ratio":9},{"id":449818741,"v":16,"ratio":9},{"id":1321392421,"v":7,"ratio":9},{"id":548097885,"v":273,"ratio":9},{"id":544280314,"v":1,"ratio":8},{"id":1295970356,"v":1,"ratio":8},{"id":1319778648,"v":3,"ratio":8},{"id":1313052961,"v":5,"ratio":8}],"adType":0,"trackNumberUpdateTime":1541124822568,"newImported":false,"ordered":true,"highQuality":false,"createTime":1404115136883,"status":0,"userId":1,"coverImgUrl":"http://p4.music.126.net/DrRIg6CrgDfVLEph9SNh7w==/18696095720518497.jpg","playCount":1424187008,"trackCount":100,"coverImgId":18696095720518497,"updateTime":1541124822602,"privacy":0,"specialType":10,"commentThreadId":"A_PL_0_19723756","trackUpdateTime":1541182423171,"subscribedCount":1340351,"cloudTrackCount":0,"description":"云音乐中每天热度上升最快的100首单曲，每日更新。","tags":[],"name":"云音乐飙升榜","id":19723756,"shareCount":4478,"coverImgId_str":"18696095720518497","ToplistType":"S","commentCount":139665},"code":200,"privileges":[{"id":1311319058,"fee":8,"payed":0,"st":0,"pl":128000,"dl":0,"sp":7,"cp":1,"subp":1,"cs":false,"maxbr":999000,"fl":128000,"toast":false,"flag":0,"preSell":false},{"id":1318234987,"fee":8,"payed":0,"st":0,"pl":128000,"dl":0,"sp":7,"cp":1,"subp":1,"cs":false,"maxbr":320000,"fl":128000,"toast":false,"flag":4,"preSell":false},{"id":1321876218,"fee":0,"payed":0,"st":0,"pl":320000,"dl":0,"sp":7,"cp":1,"subp":1,"cs":false,"maxbr":320000,"fl":128000,"toast":false,"flag":0,"preSell":false},{"id":1321385420,"fee":0,"payed":0,"st":0,"pl":320000,"dl":320000,"sp":7,"cp":1,"subp":1,"cs":false,"maxbr":999000,"fl":320000,"toast":false,"flag":0,"preSell":false},{"id":1320185104,"fee":8,"payed":0,"st":0,"pl":128000,"dl":0,"sp":7,"cp":1,"subp":1,"cs":false,"maxbr":320000,"fl":128000,"toast":false,"flag":132,"preSell":false},{"id":1316563427,"fee":8,"payed":0,"st":0,"pl":128000,"dl":0,"sp":7,"cp":1,"subp":1,"cs":false,"maxbr":999000,"fl":128000,"toast":false,"flag":4,"preSell":false},{"id":1321874435,"fee":0,"payed":0,"st":0,"pl":320000,"dl":320000,"sp":7,"cp":1,"subp":1,"cs":false,"maxbr":999000,"fl":320000,"toast":false,"flag":128,"preSell":false},{"id":1319225007,"fee":8,"payed":0,"st":0,"pl":128000,"dl":0,"sp":7,"cp":1,"subp":1,"cs":false,"maxbr":999000,"fl":128000,"toast":false,"flag":0,"preSell":false},{"id":1322051637,"fee":8,"payed":0,"st":0,"pl":128000,"dl":0,"sp":7,"cp":1,"subp":1,"cs":false,"maxbr":320000,"fl":128000,"toast":false,"flag":132,"preSell":false},{"id":1318879028,"fee":0,"payed":0,"st":0,"pl":320000,"dl":320000,"sp":7,"cp":1,"subp":1,"cs":false,"maxbr":999000,"fl":320000,"toast":false,"flag":0,"preSell":false},{"id":1321385182,"fee":8,"payed":0,"st":0,"pl":128000,"dl":0,"sp":7,"cp":1,"subp":1,"cs":false,"maxbr":999000,"fl":128000,"toast":false,"flag":0,"preSell":false},{"id":1320341933,"fee":0,"payed":0,"st":0,"pl":320000,"dl":320000,"sp":7,"cp":1,"subp":1,"cs":false,"maxbr":999000,"fl":320000,"toast":false,"flag":128,"preSell":false},{"id":1321424397,"fee":8,"payed":0,"st":0,"pl":128000,"dl":0,"sp":7,"cp":1,"subp":1,"cs":false,"maxbr":320000,"fl":128000,"toast":false,"flag":4,"preSell":false},{"id":1313052960,"fee":8,"payed":0,"st":0,"pl":128000,"dl":0,"sp":7,"cp":1,"subp":1,"cs":false,"maxbr":999000,"fl":128000,"toast":false,"flag":0,"preSell":false},{"id":1302084391,"fee":0,"payed":0,"st":0,"pl":320000,"dl":320000,"sp":7,"cp":1,"subp":1,"cs":false,"maxbr":999000,"fl":320000,"toast":false,"flag":0,"preSell":false},{"id":1321378753,"fee":0,"payed":0,"st":0,"pl":320000,"dl":320000,"sp":7,"cp":1,"subp":1,"cs":false,"maxbr":999000,"fl":320000,"toast":false,"flag":0,"preSell":false},{"id":1321382268,"fee":8,"payed":0,"st":0,"pl":128000,"dl":0,"sp":7,"cp":1,"subp":1,"cs":false,"maxbr":999000,"fl":128000,"toast":false,"flag":0,"preSell":false},{"id":1317145419,"fee":8,"payed":0,"st":0,"pl":128000,"dl":0,"sp":7,"cp":1,"subp":1,"cs":false,"maxbr":999000,"fl":128000,"toast":false,"flag":0,"preSell":false},{"id":1313701868,"fee":8,"payed":0,"st":0,"pl":128000,"dl":0,"sp":7,"cp":1,"subp":1,"cs":false,"maxbr":999000,"fl":128000,"toast":false,"flag":0,"preSell":false},{"id":864100958,"fee":8,"payed":0,"st":0,"pl":128000,"dl":0,"sp":7,"cp":1,"subp":1,"cs":false,"maxbr":999000,"fl":128000,"toast":false,"flag":128,"preSell":false},{"id":1313107065,"fee":0,"payed":0,"st":0,"pl":320000,"dl":320000,"sp":7,"cp":1,"subp":1,"cs":false,"maxbr":320000,"fl":320000,"toast":false,"flag":128,"preSell":false},{"id":1318075164,"fee":8,"payed":0,"st":0,"pl":128000,"dl":0,"sp":7,"cp":1,"subp":1,"cs":false,"maxbr":999000,"fl":128000,"toast":false,"flag":260,"preSell":false},{"id":1313897816,"fee":8,"payed":0,"st":0,"pl":128000,"dl":0,"sp":7,"cp":1,"subp":1,"cs":false,"maxbr":999000,"fl":128000,"toast":false,"flag":2,"preSell":false},{"id":1318877064,"fee":0,"payed":0,"st":0,"pl":320000,"dl":320000,"sp":7,"cp":1,"subp":1,"cs":false,"maxbr":999000,"fl":320000,"toast":false,"flag":128,"preSell":false},{"id":1311347333,"fee":8,"payed":0,"st":0,"pl":128000,"dl":0,"sp":7,"cp":1,"subp":1,"cs":false,"maxbr":999000,"fl":128000,"toast":false,"flag":0,"preSell":false},{"id":1309903584,"fee":8,"payed":0,"st":0,"pl":128000,"dl":0,"sp":7,"cp":1,"subp":1,"cs":false,"maxbr":999000,"fl":128000,"toast":false,"flag":0,"preSell":false},{"id":1299550532,"fee":8,"payed":0,"st":0,"pl":128000,"dl":0,"sp":7,"cp":1,"subp":1,"cs":false,"maxbr":999000,"fl":128000,"toast":false,"flag":0,"preSell":false},{"id":1318571230,"fee":8,"payed":0,"st":0,"pl":128000,"dl":0,"sp":7,"cp":1,"subp":1,"cs":false,"maxbr":999000,"fl":128000,"toast":false,"flag":256,"preSell":false},{"id":1322021150,"fee":8,"payed":0,"st":0,"pl":128000,"dl":0,"sp":7,"cp":1,"subp":1,"cs":false,"maxbr":320000,"fl":128000,"toast":false,"flag":132,"preSell":false},{"id":1314780499,"fee":8,"payed":0,"st":0,"pl":128000,"dl":0,"sp":7,"cp":1,"subp":1,"cs":false,"maxbr":999000,"fl":128000,"toast":false,"flag":4,"preSell":false},{"id":1309814115,"fee":8,"payed":0,"st":0,"pl":128000,"dl":0,"sp":7,"cp":1,"subp":1,"cs":false,"maxbr":999000,"fl":128000,"toast":false,"flag":0,"preSell":false},{"id":1321841207,"fee":0,"payed":0,"st":0,"pl":320000,"dl":320000,"sp":7,"cp":1,"subp":1,"cs":false,"maxbr":320000,"fl":320000,"toast":false,"flag":0,"preSell":false},{"id":1321905433,"fee":8,"payed":0,"st":0,"pl":128000,"dl":0,"sp":7,"cp":1,"subp":1,"cs":false,"maxbr":320000,"fl":128000,"toast":false,"flag":4,"preSell":false},{"id":1318610333,"fee":0,"payed":0,"st":0,"pl":320000,"dl":320000,"sp":7,"cp":1,"subp":1,"cs":false,"maxbr":999000,"fl":320000,"toast":false,"flag":128,"preSell":false},{"id":1311347661,"fee":0,"payed":0,"st":0,"pl":320000,"dl":320000,"sp":7,"cp":1,"subp":1,"cs":false,"maxbr":999000,"fl":320000,"toast":false,"flag":256,"preSell":false},{"id":1313102808,"fee":0,"payed":0,"st":0,"pl":320000,"dl":320000,"sp":7,"cp":1,"subp":1,"cs":false,"maxbr":999000,"fl":320000,"toast":false,"flag":128,"preSell":false},{"id":1318430037,"fee":8,"payed":0,"st":0,"pl":128000,"dl":0,"sp":7,"cp":1,"subp":1,"cs":false,"maxbr":999000,"fl":128000,"toast":false,"flag":0,"preSell":false},{"id":1318317503,"fee":8,"payed":0,"st":0,"pl":128000,"dl":0,"sp":7,"cp":1,"subp":1,"cs":false,"maxbr":999000,"fl":128000,"toast":false,"flag":260,"preSell":false},{"id":1318235595,"fee":8,"payed":0,"st":0,"pl":128000,"dl":0,"sp":7,"cp":1,"subp":1,"cs":false,"maxbr":320000,"fl":128000,"toast":false,"flag":4,"preSell":false},{"id":1318284264,"fee":8,"payed":0,"st":0,"pl":128000,"dl":0,"sp":7,"cp":1,"subp":1,"cs":false,"maxbr":999000,"fl":128000,"toast":false,"flag":0,"preSell":false},{"id":1321385493,"fee":8,"payed":0,"st":0,"pl":128000,"dl":0,"sp":7,"cp":1,"subp":1,"cs":false,"maxbr":999000,"fl":128000,"toast":false,"flag":0,"preSell":false},{"id":1321385242,"fee":8,"payed":0,"st":0,"pl":128000,"dl":0,"sp":7,"cp":1,"subp":1,"cs":false,"maxbr":999000,"fl":128000,"toast":false,"flag":0,"preSell":false},{"id":1306448404,"fee":0,"payed":0,"st":0,"pl":320000,"dl":320000,"sp":7,"cp":1,"subp":1,"cs":false,"maxbr":999000,"fl":320000,"toast":false,"flag":130,"preSell":false},{"id":1318156992,"fee":8,"payed":0,"st":0,"pl":128000,"dl":0,"sp":7,"cp":1,"subp":1,"cs":false,"maxbr":320000,"fl":128000,"toast":false,"flag":0,"preSell":false},{"id":1318234982,"fee":8,"payed":0,"st":0,"pl":128000,"dl":0,"sp":7,"cp":1,"subp":1,"cs":false,"maxbr":320000,"fl":128000,"toast":false,"flag":4,"preSell":false},{"id":1318571189,"fee":8,"payed":0,"st":0,"pl":128000,"dl":0,"sp":7,"cp":1,"subp":1,"cs":false,"maxbr":999000,"fl":128000,"toast":false,"flag":0,"preSell":false},{"id":543987768,"fee":0,"payed":0,"st":0,"pl":320000,"dl":320000,"sp":7,"cp":1,"subp":1,"cs":false,"maxbr":999000,"fl":320000,"toast":false,"flag":128,"preSell":false},{"id":1318879215,"fee":8,"payed":0,"st":0,"pl":128000,"dl":0,"sp":7,"cp":1,"subp":1,"cs":false,"maxbr":999000,"fl":128000,"toast":false,"flag":0,"preSell":false},{"id":1299260883,"fee":0,"payed":0,"st":0,"pl":320000,"dl":320000,"sp":7,"cp":1,"subp":1,"cs":false,"maxbr":320000,"fl":320000,"toast":false,"flag":0,"preSell":false},{"id":1320098329,"fee":8,"payed":0,"st":0,"pl":128000,"dl":0,"sp":7,"cp":1,"subp":1,"cs":false,"maxbr":999000,"fl":128000,"toast":false,"flag":0,"preSell":false},{"id":1321871852,"fee":0,"payed":0,"st":0,"pl":320000,"dl":320000,"sp":7,"cp":1,"subp":1,"cs":false,"maxbr":999000,"fl":320000,"toast":false,"flag":128,"preSell":false},{"id":1321424220,"fee":8,"payed":0,"st":0,"pl":128000,"dl":0,"sp":7,"cp":1,"subp":1,"cs":false,"maxbr":999000,"fl":128000,"toast":false,"flag":0,"preSell":false},{"id":553755659,"fee":8,"payed":0,"st":0,"pl":128000,"dl":0,"sp":7,"cp":1,"subp":1,"cs":false,"maxbr":999000,"fl":128000,"toast":false,"flag":0,"preSell":false},{"id":1313684918,"fee":0,"payed":0,"st":0,"pl":320000,"dl":320000,"sp":7,"cp":1,"subp":1,"cs":false,"maxbr":999000,"fl":320000,"toast":false,"flag":130,"preSell":false},{"id":1320100071,"fee":8,"payed":0,"st":0,"pl":128000,"dl":0,"sp":7,"cp":1,"subp":1,"cs":false,"maxbr":999000,"fl":128000,"toast":false,"flag":0,"preSell":false},{"id":866053503,"fee":8,"payed":0,"st":0,"pl":128000,"dl":0,"sp":7,"cp":1,"subp":1,"cs":false,"maxbr":999000,"fl":128000,"toast":false,"flag":2,"preSell":false},{"id":1313321629,"fee":0,"payed":0,"st":0,"pl":320000,"dl":320000,"sp":7,"cp":1,"subp":1,"cs":false,"maxbr":320000,"fl":320000,"toast":false,"flag":128,"preSell":false},{"id":1321786856,"fee":0,"payed":0,"st":0,"pl":320000,"dl":320000,"sp":7,"cp":1,"subp":1,"cs":false,"maxbr":999000,"fl":320000,"toast":false,"flag":128,"preSell":false},{"id":1321673670,"fee":8,"payed":0,"st":0,"pl":128000,"dl":0,"sp":7,"cp":1,"subp":1,"cs":false,"maxbr":999000,"fl":128000,"toast":false,"flag":128,"preSell":false},{"id":1317145231,"fee":8,"payed":0,"st":0,"pl":128000,"dl":0,"sp":7,"cp":1,"subp":1,"cs":false,"maxbr":320000,"fl":128000,"toast":false,"flag":4,"preSell":false},{"id":1318879257,"fee":8,"payed":0,"st":0,"pl":128000,"dl":0,"sp":7,"cp":1,"subp":1,"cs":false,"maxbr":999000,"fl":128000,"toast":false,"flag":0,"preSell":false},{"id":1318429785,"fee":0,"payed":0,"st":0,"pl":320000,"dl":320000,"sp":7,"cp":1,"subp":1,"cs":false,"maxbr":999000,"fl":320000,"toast":false,"flag":128,"preSell":false},{"id":1321382462,"fee":8,"payed":0,"st":0,"pl":128000,"dl":0,"sp":7,"cp":1,"subp":1,"cs":false,"maxbr":999000,"fl":128000,"toast":false,"flag":256,"preSell":false},{"id":541499117,"fee":0,"payed":0,"st":0,"pl":320000,"dl":320000,"sp":7,"cp":1,"subp":1,"cs":false,"maxbr":320000,"fl":320000,"toast":false,"flag":128,"preSell":false},{"id":1294924781,"fee":0,"payed":0,"st":0,"pl":320000,"dl":320000,"sp":7,"cp":1,"subp":1,"cs":false,"maxbr":999000,"fl":320000,"toast":false,"flag":128,"preSell":false},{"id":473817398,"fee":8,"payed":0,"st":0,"pl":128000,"dl":0,"sp":7,"cp":1,"subp":1,"cs":false,"maxbr":999000,"fl":128000,"toast":false,"flag":4,"preSell":false},{"id":1316479227,"fee":0,"payed":0,"st":0,"pl":320000,"dl":320000,"sp":7,"cp":1,"subp":1,"cs":false,"maxbr":320000,"fl":320000,"toast":false,"flag":128,"preSell":false},{"id":1321392363,"fee":8,"payed":0,"st":0,"pl":128000,"dl":0,"sp":7,"cp":1,"subp":1,"cs":false,"maxbr":999000,"fl":128000,"toast":false,"flag":2,"preSell":false},{"id":1313107902,"fee":0,"payed":0,"st":0,"pl":320000,"dl":320000,"sp":7,"cp":1,"subp":1,"cs":false,"maxbr":320000,"fl":320000,"toast":false,"flag":128,"preSell":false},{"id":1321933263,"fee":0,"payed":0,"st":0,"pl":320000,"dl":320000,"sp":7,"cp":1,"subp":1,"cs":false,"maxbr":999000,"fl":320000,"toast":false,"flag":128,"preSell":false},{"id":1309728506,"fee":8,"payed":0,"st":0,"pl":128000,"dl":0,"sp":7,"cp":1,"subp":1,"cs":false,"maxbr":320000,"fl":128000,"toast":false,"flag":4,"preSell":false},{"id":1317410245,"fee":8,"payed":0,"st":0,"pl":128000,"dl":0,"sp":7,"cp":1,"subp":1,"cs":false,"maxbr":999000,"fl":128000,"toast":false,"flag":0,"preSell":false},{"id":1301042215,"fee":8,"payed":0,"st":0,"pl":128000,"dl":0,"sp":7,"cp":1,"subp":1,"cs":false,"maxbr":999000,"fl":128000,"toast":false,"flag":0,"preSell":false},{"id":554191645,"fee":8,"payed":0,"st":0,"pl":128000,"dl":0,"sp":7,"cp":1,"subp":1,"cs":false,"maxbr":999000,"fl":128000,"toast":false,"flag":256,"preSell":false},{"id":1314438112,"fee":0,"payed":0,"st":0,"pl":320000,"dl":320000,"sp":7,"cp":1,"subp":1,"cs":false,"maxbr":999000,"fl":320000,"toast":false,"flag":0,"preSell":false},{"id":1318524155,"fee":8,"payed":0,"st":0,"pl":128000,"dl":0,"sp":7,"cp":1,"subp":1,"cs":false,"maxbr":320000,"fl":128000,"toast":false,"flag":4,"preSell":false},{"id":1311535712,"fee":1,"payed":0,"st":0,"pl":0,"dl":0,"sp":0,"cp":0,"subp":0,"cs":false,"maxbr":320000,"fl":0,"toast":false,"flag":4,"preSell":false},{"id":1321392242,"fee":8,"payed":0,"st":0,"pl":128000,"dl":0,"sp":7,"cp":1,"subp":1,"cs":false,"maxbr":999000,"fl":128000,"toast":false,"flag":0,"preSell":false},{"id":522510615,"fee":8,"payed":0,"st":0,"pl":128000,"dl":0,"sp":7,"cp":1,"subp":1,"cs":false,"maxbr":999000,"fl":128000,"toast":false,"flag":0,"preSell":false},{"id":536099160,"fee":8,"payed":0,"st":0,"pl":128000,"dl":0,"sp":7,"cp":1,"subp":1,"cs":false,"maxbr":999000,"fl":128000,"toast":false,"flag":4,"preSell":false},{"id":1321385197,"fee":8,"payed":0,"st":0,"pl":128000,"dl":0,"sp":7,"cp":1,"subp":1,"cs":false,"maxbr":999000,"fl":128000,"toast":false,"flag":0,"preSell":false},{"id":1320098098,"fee":8,"payed":0,"st":0,"pl":128000,"dl":0,"sp":7,"cp":1,"subp":1,"cs":false,"maxbr":999000,"fl":128000,"toast":false,"flag":0,"preSell":false},{"id":1317457541,"fee":0,"payed":0,"st":0,"pl":320000,"dl":320000,"sp":7,"cp":1,"subp":1,"cs":false,"maxbr":999000,"fl":320000,"toast":false,"flag":128,"preSell":false},{"id":866180384,"fee":8,"payed":0,"st":0,"pl":128000,"dl":0,"sp":7,"cp":1,"subp":1,"cs":false,"maxbr":320000,"fl":128000,"toast":false,"flag":4,"preSell":false},{"id":1313107926,"fee":0,"payed":0,"st":0,"pl":320000,"dl":320000,"sp":7,"cp":1,"subp":1,"cs":false,"maxbr":999000,"fl":320000,"toast":false,"flag":128,"preSell":false},{"id":1308818967,"fee":0,"payed":0,"st":0,"pl":320000,"dl":320000,"sp":7,"cp":1,"subp":1,"cs":false,"maxbr":999000,"fl":320000,"toast":false,"flag":128,"preSell":false},{"id":1321834742,"fee":0,"payed":0,"st":0,"pl":320000,"dl":320000,"sp":7,"cp":1,"subp":1,"cs":false,"maxbr":999000,"fl":320000,"toast":false,"flag":128,"preSell":false},{"id":863046037,"fee":8,"payed":0,"st":0,"pl":128000,"dl":0,"sp":7,"cp":1,"subp":1,"cs":false,"maxbr":320000,"fl":128000,"toast":false,"flag":4,"preSell":false},{"id":461080452,"fee":8,"payed":0,"st":0,"pl":128000,"dl":0,"sp":7,"cp":1,"subp":1,"cs":false,"maxbr":999000,"fl":128000,"toast":false,"flag":0,"preSell":false},{"id":1311347412,"fee":8,"payed":0,"st":0,"pl":128000,"dl":0,"sp":7,"cp":1,"subp":1,"cs":false,"maxbr":999000,"fl":128000,"toast":false,"flag":257,"preSell":false},{"id":1315169726,"fee":8,"payed":0,"st":0,"pl":128000,"dl":0,"sp":7,"cp":1,"subp":1,"cs":false,"maxbr":999000,"fl":128000,"toast":false,"flag":0,"preSell":false},{"id":1321889456,"fee":0,"payed":0,"st":0,"pl":320000,"dl":320000,"sp":7,"cp":1,"subp":1,"cs":false,"maxbr":320000,"fl":320000,"toast":false,"flag":128,"preSell":false},{"id":1319893733,"fee":8,"payed":0,"st":0,"pl":128000,"dl":0,"sp":7,"cp":1,"subp":1,"cs":false,"maxbr":320000,"fl":128000,"toast":false,"flag":4,"preSell":false},{"id":449818741,"fee":8,"payed":0,"st":0,"pl":128000,"dl":0,"sp":7,"cp":1,"subp":1,"cs":false,"maxbr":999000,"fl":128000,"toast":false,"flag":256,"preSell":false},{"id":1321392421,"fee":0,"payed":0,"st":0,"pl":320000,"dl":320000,"sp":7,"cp":1,"subp":1,"cs":false,"maxbr":999000,"fl":320000,"toast":false,"flag":128,"preSell":false},{"id":548097885,"fee":8,"payed":0,"st":0,"pl":128000,"dl":0,"sp":7,"cp":1,"subp":1,"cs":false,"maxbr":999000,"fl":128000,"toast":false,"flag":4,"preSell":false},{"id":544280314,"fee":8,"payed":0,"st":0,"pl":128000,"dl":0,"sp":7,"cp":1,"subp":1,"cs":false,"maxbr":999000,"fl":128000,"toast":false,"flag":0,"preSell":false},{"id":1295970356,"fee":8,"payed":0,"st":0,"pl":128000,"dl":0,"sp":7,"cp":1,"subp":1,"cs":false,"maxbr":999000,"fl":128000,"toast":false,"flag":260,"preSell":false},{"id":1319778648,"fee":8,"payed":0,"st":0,"pl":128000,"dl":0,"sp":7,"cp":1,"subp":1,"cs":false,"maxbr":999000,"fl":128000,"toast":false,"flag":128,"preSell":false},{"id":1313052961,"fee":8,"payed":0,"st":0,"pl":128000,"dl":0,"sp":7,"cp":1,"subp":1,"cs":false,"maxbr":999000,"fl":128000,"toast":false,"flag":128,"preSell":false}]}